Name,Tag
Petit0,028
LEEaugeoflegends,EUW
xLayron,EUW
Tiger XoXo,EUW
ManoJaack,WUJU
sybau nihao,xxx
BurnEveryTurn,EUW
Ludde,Jng
Tazoneta,GOATH
Dartox,1236
R2D2KenaiBy,WPGG
SangonomyaKokomi,EUW
ζξHeartlessζξ,666
Ipecacuhana,2835
5teinthor,EUW
LP2N,Lau
LP Spender,EUW
AzN D Rainmaker,EUW
Le Fauve Véloce,ADIX
Luck Sin,EUW
Sassy Sea Otter,EUW
Gerbentjeeuh,EUW
tgv485,EUW
II Mizzu II,PAPI
GaZu v2,EUW
Tchabal,00000
I am Velcory,EUW
48014,EUW
Kinda,sus
lemme tell u sum,man
CHΙLL,Frogy
Davidodos,JHIN
Jeeryxus,Ahri
vΛvΔvΔvΔvΛv,EUW
Light,DeaNo
Ameisenanton,Pika
Frogi,GOAT
Pony With Dreams,Heca
SD elpapitoguapo,EUW
Juggerknutt,1732
TORE TIRED,FRP
ReaI Enzo,777
Enzo v2,EUW
overwater,xdd
XTotsuka,EUW
Darwin at Work,Fit
CambodianGOD,CHONG
Ente,vv1
Azalech,EUW
RZN Brook,PRL
GGG,COOM
Layback,Zyzz
SIaktarn,EUW
xicilo,EUW
I King IT I,EUW
Cutebumtom,EUW
MajesticC00kie,EUW
SuperMegaKitten,EUW
GottaPlayThem,ALL
King Basic,Slo
Oathbringer,Unite
AimbotBZZZZZZZZZ,4200
Someone7,007
Χρυσαφενιος,Goldy
Issei,EUWW
isana handcreme,olive
rem,4646
VALAHALA,306
Arden,TOP1
John Wayne,vain
Klatik,SMASH
Malinaystar,2157
Howl,EUW2
Trieneiseli,1294
Kishou,9696
Ashmskelkin,2568
ToutouTristev2,2894
Kevin the Cube,Fortn
bambus,morda
Do it like enke,AFTV
Zayn,8849
snusqueenlulu,cvelo
Futterluke,POAH
Noonas good boy,Cute
hospoda boss,točim
TwTv Hamud1s,EUW
IM ON iCE,CSX
Zaedenalb,EUW
Sloniphus,JAJCA
livindaezelife,EUW
ardooo,000
DTK Paluch,EUW
JPDG,2137
zagssu,EUW
zded11,00000
Grim Rizzler,HELP
3 2 1 bang,EUW12
BIue jewish ,EUW
masterry7,EUW
Donald Pump,1234
Naelaepunu,EUW
LenyJack,FTW
Smogenz,EUW
Hubson,EUW
Green Aki,EUW
X4 7A,X4 7A
Vaieboisidea,EUW
Ardent,EUWE
Taco,131
LIGDAAAAAAAAAA,TEO
wall street duna,EUW
CES LineUp,EUW
Chosen Undead,Ember
Lv 100 IronHideZ,SSS
PanKustot v akci,EUW
xX8 Eros 8Xx,EUW
ikkaku kun,EUW
Gueranne,EUW
Lapinou,Chou
Demon,Boos
wamp,A4G
ShockBlade,821
Chad MAXIMATOR ,EUW
Hellman,ONE
miki105,EUW
NilssonTN,EUW
Madison Beer,owo
lightpinksparkle,Queen
F1lda,EUW
Mostima,woof
Ørion,zwei
Bibandum IRL,ESSA
YURIYKAI,DNVT
LIN Atreus,EUW01
Westsider,EUW
sukkubbus1,EUW
Trasla01,EUW
iCantPauseItBabe,EUW
Kite,ASR
Eg0n,EUW
SHACO AP,びっくり箱
NAV Danyew,NAV
Jekko,9313
Euronymos,EUW
Laismax,EUW
존예진,0206
Cynik,SzPD
missmini my love,5198
JIM737,737
Labbé Chamel,99999
Lagday Today,EUW
Strucs,EUW
gelle7,EUW
LePingerFou,PING
Simon Petrikov,ICE1
OtisMilburne,EUW
LoMiSo,Cast
LFB Shinshu,T1WIN
ZXJ,8888
Memories miss,EUW
woshicrisp,EUW
Pistacho,Maní
Sk1T Nîxie,2006
Nevadoshuke,EUW
Saliox Sama,EUW
Karîsto,EUW
duzz,laint
Aiglos,EUW
Ketamine Dealer,ket
Weetabix Enjoyer,4bars
RQ Julenissen,Læll
GotDownz,2323
valou312,EUW
XAN ΔRÈS,007
RA Flamiror,EUW
LeForce01,EUW
優勝者,climb
Livius,WNX
Urgotta kidding,EUW
Fyktela,EUW
Swiss Zulu,EUW
perfilraro,lisbd
Sample Name,EUW
Moustle,ADC
Bedouín ,EUW
OHMY BBC,BBC
GoW DirtyDude,EUW
Anti Fugazi,EUW
Bard Pitt,911
WarFIower,EUW
Kitchiaru,EUW
Bertolt Brecht,EUW
PeyJeyM,EUW
Xëmon,cloud
Lalila,寂しい
Simple,Mind
Olliris,God
Rarkaa,EUW
Sleeves,EUW
BicepsOetti,EUW
oEd1t,EUW
Süß und nett,OWL
Papa Reval,187
ONURWINTERREBORN,back1
Princess Karthus,001
Sev 悟,622
我锤石你德玛,2302
Demonito rise,DMN
asdzxq,ADC
Matthew Fish,TEA
LSXADC,LSirl
6pek,6pekk
nevermore,1412
Ropus,3507
idgaf,0care
RD6,XD2
yous,EUW2
David Gandy,LARP
Yasuo,EQFFF
Cursed scissorsS,EUW
HLT Kha Cow,kiss
Everslayer,Fiora
xuehuapiaopiao,CHIN4
white girl music,play
FlickieTopKing,ESX
Tigrehuevn,webo
GuldfiskenJrII,EUW
19FREECSS,ECTO
GLP3 Reta,GLP
Maker,313
Horny Laura,ONLYF
Fluffy cupcakes,EUW
Shooter,GS05
Arvicius,EUW
я голенькая,bzrk
Qiuyuan,EUW2
Non faccio danni,etb
Flap Jack,Cap
lasttime fan acc,123
عبدالرحمن,1104
Instalock,LOLEU
Shenetration,42069
Auf Wilde Basis,EUW
WΗITE,EUW
perseush,flex
TheLaughingStorm,DJT
Baldjeet,Tjinn
Amsi,221
HolyPizdec,Eva
SISULA,7341
Luk,JBCMK
VladDrinksPeriod,Blood
Feed apples,EUW
Ikuust,667
Glorу,KING
hängpung,pung
IronManchik,Yoh
Sniels92,1992
3InchWarrior,EUW
Yukie,0308
SNR Lays,SNR
FreehsQuo,EUW
S3mlin,2538
 ESMAAN  ungod,EUW
Taatuh,EUW
020805,EUW
YatogamiS1,EUW
Jewfriend,EUW
A Kookie,0000
ÖL9Giddemannen99,ÖL9
最长的电影,JAY
The Throller,EUW
Fewa,EUW
TTK Oktopus,MSI
Bazouzou2Caca,CACA
WACKA FLACKA,EUW
Triple suckies,PIPE
Malti56,EUW
Djookoo,GOD
Wesoul,Drugs
Manawan,EUW
jaaki,EUW
Shinei Nouzen,RNG
Toukkan ,EUW
Empire enjoyer,Nap
Sword Dance,EUW
Chevalier Noir,TOP
Hesburgler,EUW
roux,ellie
Ezequiel Lavezzi,15235
GEN Garfield,EUW44
IF Sneaky,EUW
sirbangalot,9724
Jamaicanstarfish,EUW
Jamada,EUW
Melufria,Mel
asdfbdd,0101
QuartierDeChine,China
Ferreira,IVERN
Menino Jesus,Natal
vThomsko,072
esc4norsama,EUW
OSV Wolfang,04092
OGC Spirit Blade,EUW
可惜没如果,4477
pusiau misius,geras
Green,XXV
Nimble,EUW
Hi Im Haty,EUW
EHPAD Patrouille,Riven
Axel,969
Zesshi,2807
La féeCER,EUW
milos1909,EUW
LMFAOOOOO,EUW
kiss in rain,alex
DejaVu,BAD
lets larp,100
Let It Happen,Roi
Gérg,EUW
Azroddd,EUW
Eskerrik Ardo,007
Weakest Magikarp,EUW
GriffeOfSkill,EUW
Foxinitrail,ADC
janischreck,UwU
Brexie,EUW
Preguiça,EUW
Chibrotracteur,Medic
Leuz,GRIND
Bouzizou,EUW
Tortl,EUW
Żøµę Høøkęd ü,EUW
Vdeckk,BOB
Vinni,3490
BR03D,EUW
MikeyManjiroSano,EUW
ifein,EUW
No Jiren,EUW
Peafic,EUW
minibabz,EUW
slimjim,0641
Befall,EUW
Ainzal,EUW
Brexerino,EUW
Darude,cncr
TAKI,9354
Anders,EUW9
KREOX1,EUW
sleepygamma,Raka
Chouinette,666
Retrex,HCl
Teikyo,EUW
Guðbrandr,EUW
aresh1k,EUW
DIIIEEE,EUW
uWu animefreakxo,uwu
Qu4rtzo,BAN
Tee Lord,Epic
Matthieu,000
RedPin,EUW
Cheli Blank,42069
TrL Tacata,2674
qbsxn,333
DOPS Steve62,069
Mefta,EUW
SlyZzer,EUW
Edge Sheeran,randy
ChauvixDuPoitou,SLPRD
Ereb0s,EUW
cba,7777
WorldOffWar,1407
Domati,777
Armezlesdonuts,EUW
Will Groom You,Uncle
ßµø Ørrała NiηJ,EUW
Tabzen,EUW
pingsaoul,EUW
CsM falex2,EUW
Drftr,MGB
Acope,SMN
Kasing,888
Raydex,EUW
Free Agent Crack,EUW
Zeig Fahrschein,EUW
Chokboy,EUW
Éol,77777
detergent sipper,7532
Scarycrow,EUW
maxios,EUW
Phant0m x,EUW
DaniFufuu,2222
Sugar Rush,999
Phaxi,EUW
N0rdFr0ntmovment,8546
Eiffos,Prox
Ilúvatars,QIQI
Glomerular,EUW
eeLbo0fii,EUW
AegonTStormborn,TR1
31manyağı,meow
Ackerman,Done
Hexen,2077
1908,oozz
2099,ςςς
Corey,Koray
AlwaysLucky,LUCK
Sash3to,GOTVI
EncebollaoPolaca,1856T
Frettore,br1
WealthDragon,Rank0
Braun,945
Jacobzmaxxing,beier
명예로운사람,KR10
Wind風,PanSZ
Chemtaing,7905
Squeez1,high
Luke,PIX
Basileus,Rex
Forex Trader,4197
Toji Fushiguro,8201
Aachille,123
derealization,empty
yashad,729
luka123,7205
schiz0terror1st,666
ALGERIEN FURIEUX,ALGER
Blue,733
A Miserable Bot,EUW
Kr support v2,Korea
th cook,chef
aldrik solaris,EUW
DOLJU06,EUW
Self Haste,123
225 Merchant,GAY
BOSSIMUS PRIME,BOSS
Relapse Master,uwu
Haerin lover,NJJZ
Dónt Bother open,6666
LoveYouLikeALove,Songg
Small dog,0212
folkenberger,1shen
Elyo,GenG
CebiKlebi69,EUW
Liar,2409
Tori,doni
HooeyChooChoo,EUW
la pistola,420
Warawara,blob
Saligaud2Jungler,EUWST
weakside willy,TANK
Pyke on a Spike,Pyke
Itsbino,3450
FIF SKINKSTEDT,EUW
Slava,Russe
ObOCPANEC,BiBOS
StoiikIoI,EUW
Rhourdroth,EUW
Dalsefar,123
OLEG FULLCLEAR,CLEAR
WorstHeimerWorld,EUW
Valvianyano,EUW
Aezee,1v9
hopecore,1234
sapotix try hard,EUW
Tight Wet Lulu,feet
YouMissedLOL,D1FF
angwy janna,purr
wannabegod,xoxo
TheSkullBull Mid,EUW
sidestep v dodep,RANK1
Solo,0404
BONTEN Mikey,EUW
A Certain Inter,EUW
bay harbor oiler,odehs
Escanor TheOne,SUN
BelhiaI,EUW
Ycelishasani,EUW
KingVuong,VUVU
Altar De Fey,EUW
ma3ndich smya,Smite
HostageVictim,Masta
Qiuvi,777
WishUponMe,GGWP
KutayyEuw,0707
Delanor,3383
GiGA CHAD,A360
力量耐心勇气攻击防御奔跑敏捷机会,Daras
Kivryelle,727
Farang Sett,RMA
Kingdog,braum
February Rain,Cold
nickxnicko,EUW
Asdver,1230
jacobini,2222
kench king Zzzxd,cba67
I3I02021I,EUW
3arbi grinder,arabe
Queen,Zoe
Ziqmo0,twtv
Katanga Lioness,DGE
ttv mokrazabka,VIBBI
TERENAS è GRASSO,uwu
Kayden Break,kitty
too low cortisol,CORAL
ElenBe,001
Deadly Feather,GRC1
fuori di testa,uwu
police officer,PCR
Silent Hill,XDXD
Marco,Mňam
厉飞雨,12318
Big sword,geek
Snack,Mnstr
PredatorSSG,Preda
I MUST GLIDE,DOGS
Legosoldier,uwu
Jadrita,EUW
Calva,ADC
Gluttony,Wrath
TranLoi,8303
Shrek BobGreg2nd,29iq
Grokogrelv,EUW
Kayle goes BRRRR,EUW
elysia,angel
CoinFlip,DoPAm
TSC Spiro,EUWW
GP Q ALL LANERS,JGL
Willy,60300
moongazing,XVIII
VzNNNTV,EUW
Tho,1313
to the moon,x2077
MUSCLEMEATMAN,GYM
Hi Im Quânn,EUW
TheRealMainYasuo,EUW
BackStabber123,EUW
Xrakn,EUW
Blue,AGR1
IJustTryMyBest3,4WIN
submissive girl,UWUU
Weedgirlx420,123
Lincas,EUW
LewisyZe,EUW
Gothmomlover,FRANC
AlphaGheddon,AMQ
FLUMPER,JEW
fornever,009
Skibidi Fortnite,Rizz
Pray for Nevi,EUW
Rate Me,EUW
Turtlarz,420
atatürk warrior,4406
fein,lucci
RestinVoid,Euw12
Imaginer,mAy
Kiko,007
Flame Libra,Yuu
gankgang1,EUW
ΕchoΕcho,EUW
Kinky Lunatic,EUW
Hot Oyster,Huitr
DWG Nugurint,EUW
DiouBot,EUW
jte crok le paff,paff
CHILLING ACC,EU666
taylorswiftfan34,EUW
Bolyy1,JAMBO
HMITA,yonny
Viking,100KG
ImTheSky,CSJA
moi support,000
Oshi,4444
ELejit,edgin
Planteig,EUW
fight fight,fight
Alastor,RADlO
Mewing Expert,LILPL
aa5a,天使222
Olunn,EUW
AoN KKッ,TWAGD
xd2,lisa
Starking20,EUW
Leothe,STAR
HUILUMIES,1980
SPACEGLIDE DEMON,KING
Optimas,EUW
Nagi Seishirо,LAZY
Cracky,MAIN
Kartoflen,EUW
XELEGION,EUW
4NUS,DEEP
Jojohadrian,2034
HHNeverImprove,EUW
Crips95v2,EUW
16 02 2017,EUW
Siegfried,4543
FouFou Bench,Crazy
Bless,KR2
Heavens Time,Angel
blåhaj gaming,EUD
Jungle OR Àfk,213
Elbodenbob,BOOOB
Haru,PEAK
Bjorn Waynard,EUW
ViruQs 2,EUW
T1 Gumayusi,FMVP
Ambes,ant
Tempest,Lachs
Sinyaa,EUW
Finanzamt,Cass
Smoke n Steel,EUW
malooon,FF15
LANGAGE CRYPTÉ,szn
等下个晴天,0322
stringthebest,EUW
Jfiz,EUW
SuperSladge,39359
Peugeot 206 CC,EUW
Michelangelo,feet
BBB bensol,EUW
banana ingot,EUW
La Mouche TsuTsu,EUW
Hero of Cyrodiil,EUW
Vendredi Vomi,BLEH
Lowey,EUW
Joe Kessler,BASED
theirumasmurf,EUW
Underhylermanden,EUW
cute tired Gun,EUW2
Crossfire,069
Squirry,Pingu
Makisuo,EUW
nepotism baby,tiff
ZaKEKW,0000
Even03,EUW
Element,Fyro
iTsunayoshiQLF,QLF
Kiko and Ahri,Fox
Artaxo,ola
greedy,219
Im Mylène,666
Roro Farmer,EUW
EinLeberkäseBide,EUW
PonderingSalami,EUW
Achille,ADC
DKB LittleLaudi,EUW
RedFlash,0000
AI Safir,808
ΨJuuzouΨ,4834
Armada,Flip
Traypo,Fat
LeRtyu,0000
juju9291,EUW
GubbiFitness,EUW
Fireflamme93,EUW
No Cannon No Cry,58845
I Satanael I,666
Lapinou,733
Denko,950
LIAN LEGENDS,EUW
Skrindo,EUW
SHURIMA HASSAN,LFI
D1VINEE,EUW
Snowbawl,EUW
LDR Mr Texx,LDR
Zhou ziyu tzuyu,KPOP
SigTech,EUW
Dekii,VIRGO
Dragulaxx,SVT
Surprise,944
Matzziash,Mathi
PXL Petite jute,3636
p0xx13,TFT
Hokopoko,EUW
Nelaf,TRF
v9s LordMuffel,EUW
CandyXD,lol
Shinedone,EUW
Pianofingerz,EUW
hot anxious mess,EUW
Apex Vayne,EUW
Frank5000,EUW
Engelsblut,0203
Manorcle,EUW
ßαßy,EUW
Ubergohst,EUW
Baertorv,EUW
Eg Drit I Da,EUW
Kanata 50kg,EUW
CROISSANT CHIEF,EUW
SUN Schüch,SMOCK
HADE TDàmsT,WOLF
Chenko,7050
Lulz3x,EUW
Corrane,5555
VES DragonShrek,EUW
Gieckh,EUW
NoxusBadGuy,EUW
ReformedPhuoc,8008
ReformedPhuoc,8008
Hirukoxx,Zyra
kajunkornerfizik,zbab
zerion00,8856
OFA Exdria,EUW
Totophenix,EUW
Fréak,Bird
LittUp,BOT
Shaitown,Shai
Fredda0930,EUW
Ecrøw,404
Kipro,RANK1
Herr Krebs,LME
EgoBreaki,EUW
dDXrEQu1s512xDpD,EUW
muchywa,EUW
Chiyosin,EUW
Carnıvora,AWOO
TTVGigidebeaujeu,TTV
Bateson87,EUW
UAG Mauri,2121
MaQ,2208
Blue Tigah,EUW
S3nS4t10n,EUW
majitel,hony
Suij,Kyubi
dKaz,1337
WaterEveryday,201
cofi1995,EUW
IrunUgo,MTJSB
zulling,EUW
Powerdidi,HIT
snadder,FF15
Nukepower,EUW
Drip,9464
YDragon,EUW
248,pro
Shoto Todoroki,FIRE
Gwynbleidd,FBLC3
ˆºˆ1ˆºˆ,EUW
xxlasse,1734
TessiaEralith,EUNE
kqlix,yo1
Peepak,7169
Guest5674,fever
J  G  K  I  N  G,888
Gumbur,2025
Snouze,Bingo
twtv ALLXlol,78901
DERITUSON,THEE
y u,sky
VitaminSea,888
0527,2705
Petulinko,0911
Muto,JGDIF
ATTACK TITAN,進撃の巨人
Divine Archangel,Pride
Dear Bruce,EUW5
Siƒ,Art
Xeni Del Fuego,9MWD
FLYTROOP,S7N
Dragonite,056
EVIL JORDAN,888
Humble player,777
EliteVulture,None
icera,ice
шashed,1704
H0LE LlCKER,FROG
Aymen,12332
IM SO FKN GOOD,TRASH
księżniczka,nya
Kerton,LOL
Paul Wesley,2177
Bunda,TOP
Fætter Andreas,72824
Lain,3692
Uxiα,2909
Bugge,TAE
Shoo shoo Bahnah,EUW
Onkelkush,MIK
uvsme,1337
Murellonomicon,EUW
K99999999999,EUW
Crymix,Crym
Alberto Sánchez,ggg
ShowerFighter,EUW
GOODUCK,Sadge
Taiga,erm
RELENTLESS,xxd
Daalym,EUW
GamingWarlord28,EUW
DreJavu,Drew
Black Tangerine,Echo
lBOSS,123
Kindred Rank 1,0001
Bookarinelan,EUW
Zgoodki,FSZ
Lost Chapter,MANA
ThickTentacles,JAPAN
Chovy,KRLCK
CBR1000RR 215HP,NND
WinnieSoul,EUW
Robalini Shoty,kadav
I AM A VISIONARY,FREAK
Destination Hell,EUW
El bicho,kira
REdate,Angel
Mortensen,PIG
TwoStone,2222
MAD FROM SHIELD,EUW
Tahia Tounes,siks
I FLAWŁESS I,EUW
Tout Naturel,Cynn
Thomines,IRE
TFK Skyress v2,EUW
Prospero,lisp
Nhabled,EUW
Karamel,taric
Goths add me,asap
astraf,EUW
rzicio,EUW
Egebjerg,0002
wuyek kuyek,ART60
Lakestone,Kai1
domusdejanna,EUW
Browismo,EUW
Robot Donut,5461
LeatherJacket007,BLAD
IfYouAreFrenchGC,DyeFR
VroumOnRandom,clio
Ðoaz,EUW
taurijus punia,777
aH4oux,2222
Ogap,akali
vxlle,EUW
lordkjaer,CLIFF
Gremy2,EUWD
Flowers of Evil,Kasu
Madam34,Ikea
Næseabe,euw2
heart missing,1v9
Цар Душан Силни,1986
Chenvapetsu,2535
gentle breeze,Berry
1v9 MATERlAL,EUW
Franknestien,EUW
dark magician,sorc
Fukuma,nee
TorokMakto,EUW
Pierlu,Scemo
bardao,BDao
HyperRuler,Hyper
Saeko,Rank1
kuki,jdd
NanintakerFanboy,SORIA
Mpelas,EUW
YoungTeol,Teol
Yoey,Poo
Sulite,Sulit
Garage Rusell72,EUW
Stop Tweaking,freak
Oguri Cap,First
Sandco,EUW
asphyxia,030
MoutonNerveux,EUW
Trinh thua Zeus,EUW
Monarin,111
5400,EUW
Fern,DCup
Meowentally ill,UwU
Jack Of DiamonD,jack
Snackinis27,EUW
Wanting,her
Last Dance,ToFu
MOVEMENT GAP,ankle
codæ,0000
Dr  Capote,DIO
smol feis pepe,EUW
D3ddy,EUW
wtvdred1,EUW
inescapabIe,EUW
Frozen,Mcdo
JG Niko,EUW
AlfredyN,EUW
Save The Penguin,EUW
DrKlunk,EUW
부대찌개만,moko
MrHolst,1234
TY 4 Support Me,EUW
Paprika Kaiser,trzm
Nezilis,EUW
WhyNoz,Coach
LOSTTOD1GARENOTP,XDD
WWWWWWWWVWWWWW,EUW
KR OwOOvOOwO,EUW
Old OTP Zilean,EUW
Mousslame,EUW
EPX Simp4Shrimp,Fora
Le Meilleur Bas,ADC
AlphaOmegaV,EUW
SPKTR,SPKTR
Lord Aideen,EUW
Kagjova,EUW
THE RUINED KING,LHERO
Harlem Realist,EUW
Ayssuo,EUW
Pelagius Hipbone,EUW
Haxyy,EUW
ZbychuZeStrychu,1234
Pablo el Pedrolo,EUW
008,008M
KissDevil,EUW
l Sorax l,EUW
Kokuro,00000
simongrey,simon
LncL,Dаisy
Bowsori,EUW
Shoyo,0107
have nice death,EUW
INT MCThunder,0000
Accalamite,SAPIN
BlauerKlaus,Qvy心
winstaff,EUW
Fiverr Caitlyn,EUW
Poro,1811
Skrockson,Pablo
DavidTrung03,EUW
GertrudeThePony,EUW
niba tbib,1337
gliding away,511
Destroyer D1,EUW
LightMistress,3491
Yeetified,EUW
MuxTheNugget,EUW
Vovoid,EUW
bjoe199786574,EUW
Nalasaurus,EUW
Volan,lOne
Jnouné,666
legend of leeks,EUW
MarFlow,EUW
Dogwauwau,EUW
Claudy Focan,BELG
Momonga,17051
TheCombatWombat,2304
No Kled No Gain,EUW
IV LMRX,EUW
Topolino,Pippo
Femboy Owner Irl,UwU
IvanJK,Gnod
JRB,EUW
六七 67,Gpp
Lord Squidward,90562
rei,bloom
LowerLearner,EUW
ARK Gass,223
SeñorRucky,CK14
Bacalhau,4444
yoonsang,toyou
Y0uth,EUW
jeorger,EUW
Rubikscube,EUW
Misanthiel,MIAOU
MV Toasti,777
سايون,7070
Niarn,EUW
Tamamo Cross,triki
RobertFly,EUW
Gaiben,CRACK
Hornets PO,gdfc
Koust1,EUW
不想玩啦,瓜子ˇ
Zambbza,SAUNA
Basick,WRKLN
FakennN,FLAY
CoreffMoiLesFess,5357
Łunax,EUW
ForFunOnlyACCADC,CORTI
Ekko Style,MJOL
UkrainianYoda,3635
MaXiMaL BlobFish,EUW
prayforbronze,EUW
BiØ MACHINE,BIØ
ShanX,PENAS
Kuba Aramowski,ARAM
Shyift,EUW
Jooa,EGIRL
gribouille02,EUW
saltland,EUW
CareAboutGhouls,EUW
Nivess,5656
Banseiboomx3,ADC
Pierre,ADC
Hisoka,LB02
BLGViper,KNG
Kastarino,EUW
Paranøya,TUN
TraumatiZed,WPGG
Threshy,Tr3sh
Improve,1801
PalaZune,EUW
Galore,ALO33
E D Ê N,3198
Corriragazzo,nora
iZyLeon,EUW
itamae,EUW
FxLiX,Demon
le gars baba,EUW
TimboAkimbo,Dead
BuiltLikeFiddle,EUW
Boeckleva,6969
QCB,EUW
NetroidAsol,ASol
BMCB,EUW
LL MI6,EUW
Snigeln Öman,EUW
KogMawesome,EUW
bee happy,bzbz
Rahsar,3169
Diros,ESP
Ramielle,EUW
Akurama,Aku
Routine Absurde,EUWGG
Zaahn,EUW
Surrend,KCORP
Cradlero ,EUW
Lil Tae,God
Baldei,ˉˉˉˉ
Eca Feu 120,FUSDO
King ßonoßo,EUW
Masterpleb,420
Neuil Triste,zzz
meSkayle,ff15
Garvi,000
zhelibukeyi,EUW
Ghettomaster,1337
MalleManden,KESI
ByrongoTirongo,EUW
Tom Dravy,EUW
ALGO,1109
Perceur,EUW
Simon RiIey,EUW
Archtypes,EUW
Serena,Blue
fuk4,EUW
Lastalop,EUW
hedgehog,4412
BIT ETHELJ,EUW
Shiroyasha,2503
SPXCTRXM,1996
Mizfit,EUW
Froschkneck,EUW
Meowing Menace,1582
Humble E ,EUW
Lilonours,EUW
MarksmanBL,EUW
Määge,EUW
Roger,14JR
Vinilo,Sen
Smoked Mackerel,OSRS
Dobi Free,EUW
7upO,ADC
Calme et Focus,EUW
Kallion,EUW
Ascendant Konga,Best
Freez,EUW98
tortuevsfranklin,EUW
Verax,0001
Deadera,EUW
GOAT1,EUW
Kenshu,EUX
Knilzz,EUW
Memphysto,EUW
Valcin,EUW
Powergoku,EUW
DuppyMaker,UK1
Ventus,4444
Woln,1205
Kibari,OwO
Shamo,100
Dreemy,T1me
Yoing,FR7
Gragadino,EUW
ThinkStr8,8EUW
TheSinkingShark,DAB
Krexxo,0000
Toruse,0101
El tio Sama,EUW
SMS,EUW
eJokeZyX,EUW
Trenchboy,EUW
I own his Cookie,Yuuma
dr kidqudi,2025
like fine wine,kubYD
Jiimich,EUW
Aimback,EUW
Bakanishi J,EUW
Bot Elise,EUW
Brelon,EUW
Trizze,EUW
EdwardElricc,EUW
Falilalala,MSGK
ChallangerRank1,Rank1
Eugenmsnw,KIZ
AfD Koblenz,Höcke
dubzy,EUW
Voydh,çakaï
Mimi,FCTN
Neremor,EUW
Motuyir,6548
DOG,4343
Texan Zed,EUNE1
Heartbreak Kid,EUNE1
Spotless,Tosia
DCT,Mosh
perle der natur,999
C1air Obscur,E33
cant save her,EUW
2 4,SIUUU
Kyrie Irving,1460
monk mental,pray
HoodPenguine5,Hood
LANES DIED ALR8D,unfun
Porsche Boxster,986
iwiww,wiii
Rynbemrak,7598
sametizibabo,men
euw owner041223,xormy
NE UNEȘTE NE DES,PARTE
Fly,337
SRANDY KOPEC ACC,Doge
TryNotToIntMePls,BLANK
Nitenroc,VOD2
Academic Weapon,RAAAH
ライト,Sas
Vidar,Meow
CAHKA3blP,GLHF
Łast Ðiana,Ðiana
Blue Judas,Gaga
FearDrug,1337
Rloanchan,8205
CatLover,BITE
McJonathann,Bzzz
cloud gracuś,FiveM
Сказочное Бали,Re1
Shadowx,gg15
PAIN HATE SAD,XDDD
Icelviriega,9616
CristianoRonaldo,rema
SSR ZAC PLAYER,1634
LEDI,6767
Strluachril,8527
TTV wejsonoski,mid
Israhell,1948
ZYB Kinkaku,30323
jan Bahulka,Emi
Mercs Lamont,Mercs
Tweth,BENIZ
p0saidn,0000
Noah,999ad
Potshing,EUW
young thug,EUWWW
CZ Indiana Jones,BRNO
zupiks,EUW
Meskeretis,LTU
Pinkman,nini
ImBackAlbert,EUW
mini sheiden,0414
TAKETHEPILLS,7564
SoproniMeggy,2004
Moreiraooo,Vynkz
Jenh,JAN
supp gap enjoyr,EUW
LEMONIDIS,729
seeking glory,EUW
Alpharadia,TOP
youns,1V9
theFool,024
Kennystarfighter,MUTED
fallen acc,555
Darth Nihilus,0810
Yoshua Sidestep,KUBI
DICKSLAPYAMAMA,Rat
Svensk Skaarl,7890
DASHKAI,00000
WitchSi,21321
lesnyludektv,EUW
Ervin,Twtv
dolores dei,JAM41
Șefu Dublajelor,5ari
Cameel Kaiser,BAY10
gagraxy,1234
kappachungus,3bl4n
Love ya Yuki,EUW
Imawizardxd,EUW
Déguste mon caca,Ben
Bob From Below,EUW
21k Gold Chain,Sylas
EnergySystems,APAC
SoldatDesHimmels,S Auf
Tyrael97,EUW
OZI,crg
C C,LOVER
Davezz,COS
PDW Picias,60TKA
Zentrue,JNG
luzak czilerman,maro
zenun lmao,EUW
TwTv iTsRafiita,KOI
Deutscher Badboy,TOPDB
Dont lie in,April
rydawarrior,yalla
diggy,GRIND
PapaSmurf,White
十V十V十V十V十V十V十V十,XXX
Monarch,talon
HasanPyker,EUW
ΑΒΥΣΣΑΛΕΟΣ,YEEEE
Silent Execution,Vayne
Queen Evelynn,0002
meczennik,kacci
GhistKIRITO,2203
blood vfx,EUW2
Aziz Shavershian,fuuua
Yaeeko,Chef
프란시스코 프랑코,AEVE
MOVE IN SILENCE,fogo
Baby Boy,lucia
WENN ICH WEIN,WIN
PCSA Danzig,1475
Mleko u kesi,6969
Bravery Enjoyer,1234
amumu,sad
Zeyyou,CANNA
FormulaBetona,EUW
Rex Mortis,King
Pelasek,EUW
aqqvkfgtj,EUW
Stricer,222
Revilibe,34289
PeskoV,Pesko
Torkeli,knipa
Gourmande,meow
tappa,007
Promise,xdxd
RiCH PiANA 999,999
Прыщ,vrbx
loser cassio,777
Bamboza,bomba
tvmaik,raw
SANSARSALVO16,beko
GØDSHΔRD DESCΞNT,333
sajat2004rCZLPYT,ZUBRI
1v9machine,1v9mc
오직 조이,0000
black linyue,EUW
MiamiHeat14,EUW
PokeAndPray,AIMQ
yangl diff,EUW
TF Dex,ambsh
Knutern,KES
Melo D Arslan,ES26
Toubsh,Top
Iodaiu,EUW
satutso,5775
Kledmania,Tomii
jimi jefet,12345
uliman,uli
Fesu,EUW
RIQO JG,EUW
II HDDCable II,239
Ermak,3545
Killua,Ebbe
T1 Peyz,Leo
AXEL,69008
iAsasinoGR,EUW
Anis,EUW11
Special Αgent,EUW
pepenceto,good
Cyrus,MR10
Zvezdaa,EUW
animal handler,12345
Rintanen,EUW
smxlxngx,EUW
Crescam,Nico
92 yi,OTP
Gogogoat,JGL
sadece ben,0303
replicant ver1,EUW
Svensu,EUW
AKP Takostar,FURAX
Fentasm,FENT
LMN maxlamenace,BG94
LFT,EUW12
Aymen,TUN1
KräftSmugglarn,EUW
Unlinko,TOP
Sevkalol ,EUW
Penettrol,EUW
TwTvMagge579,0579
Penettrol,EUW
TwTvMagge579,0579
Ryu Han Bin,br2
LordEricRune,EUW
blue,cigar
CherryOnPizza,EUW
不想回忆,0110
Heavens Equal,Cos
Parmine FLG,EUW
REZGUI,TUN
babycaps,3107
Qingque,Jade
Homo Ludens,HELL
sinekkileacı,EUW
Izalith,Shyne
oDRaymond,EUW
YLClyde,EYL
Sung Jin Wooo,SOLOL
Mr Fruitler,Sir
Noivex,OnTop
luk,EUW2
Hırt Avcısı 55,Aizen
Syrebral,EUW
5 HenRiQue,ff it
IpnozzFr,EUW
DONT TOUCH MY CS,15CSM
LunaTown,EUW
Snurre,bajs
dUrMStephanie,EUW
HypeStalker,2137
Boksiu,BOMBA
Revilla,EUW
Toji Fushiguro,520
Diarreia na pila,DÁLHE
saman103,EUW
Exodia,Heart
Salterra,ALEPH
SanicTheHogHedge,EUW
leaping larry ,EUW
Jona Fritz,GAS99
fwegegeg,EUW
ExoNy,IDC
REEEEKSAI,EUW
KEK MCKallo,KEK
Legocciole,EUW
WeirdHedgehog,vibe
Αλέκος,6969
Goksi,Bakus
kssdnl,EUW
budall,EUW
King Rammus,001
Armie,727
EstoyHamilton,EUW
Goldberg,blame
TES DippyDip,NUB
hasaki my way,EUW
JungleJimmy67,noob
Oniiiiiiiiiichan,PSOE
BulletAngel xø,Dawn
Mierzch,EUW
StopCampingMePLZ,EUW
FrenchPRO,777
tensor flow,1505
Orianna Main,Ori
Tobotsi,EUW
Hafgalad,EUW
Snikog,EUW2
Invincible,EUWXD
Old Noodle Man,Knas
Zlataaan,EUW
DARK KEVIN 2004,EUW
DIV Esadowa,EUW
SUN Josh Kang,HAIKI
Youmuu,1234
Avalia,Sona
Arkist,FMC
Pux,333
Champ,DHD
Breathing To Die,123
Ξ ζΩζ Ξ,EUW
Jaxester,0001
wolflegend123,EUW
Devolve,8597
DPT Omicron1,LSA
NoxusBadGuyyy,EUW
Guts7,EUW
Okula,GUSKO
viktis,EUW
gwaly14,EUW
Keria,Vet
seraflop,twink
WeHaT,Sushi
shisui 天皇,361
Markes,069
clemsoulol,EUW
SuperXD12,LTE
ken catson,2003
Anvmatooo,JDG
Virtua,0312
Ocean Lad,EUW
Moederkoenk,KAAS
Spacemar18,EUW
Luke,234
JusticeDeDemacia,Skill
Illusory,0796
FTH Dim,STORM
Eru Chitanda,EUW
Hugzter,EUW
Furie Eclair,EUW
Leblanc Jamess,EUW
CXLP,727
Hitmonkun,SUPDF
Mr Zyan,EUW
Naan Bred,666
Pella,2812
Reyden75,EUW
Underworld,SHIN
Cap,2070
Dyyub,sucré
Rata Peruana,EUW
Y W,EUW
Der Bär Franco,3936
4 vinicius jr,MONO
Filip312,EUW
Naillik,001
sunnyKarma,EUW22
Trblshoot,2047
unlucky jenni,0153
BuddhaMental,EUW
Vastustamaton,EUW
Ulquiorra Arranc,BLCH
Melcon,EUW
TinoCrypto,BTC
Nyan Zeref,Ahri
Mimszer,EUW
chungi,mybad
Guillete,EUW
summerju,EUW
WB 420,EUW
Kayden,NØTE
Minah,OWO
MrJoystik,EUW
SaranghaeChaewon,LSFM
Captain Demacia,Galio
xReaper,halp
Fryx,DSY
BOM Makushi,EUW
Chen Ping An,LOL
TheChogathMid,022
Petez,Wales
gobou,smack
hiddenn,EUW
Dawniedd,1337
Hurra,000
Casperfy,Kass
Neelix,55555
les rejetés,2zero
MühammedLovePork,6767
Money talks,Cass
lastchance,loris
Rcydecion,7219
hate,xxyy
Finish me,RU1
Tonqvoryer,6141
Mariusito,YoYo
Violet,HZG3
G2MidKing,8514
ekofresh,5969
Sic,cod
XDXD,EUW25
Loop le Loop,EUW
tempavnhrrkfrxrm,EUW
MaIek,GOD
bobovas20,EUW
wither,vamos
Anomalocaris,her
Sunless,1436
Barek Mrázda,EUW
ffistra,6060
bzdbqc,ruler
Princess Kitten,AMPED
GC Flyingflay,GCF
cold command,EUW
Awakeyas,EUW
Splash,HUN
DrakexΖ,EUW
Tràkata,SHARP
GIFTED for ER2,EUW
FijiBathwater,EUW
bartholomeo sp,777
Dextyle,TROPA
Rocks D Xebec,FAKER
zuiop21,Zui
NAKSE,XDXD
decode,kelp
FusterBudge,Euww
winter is coming,321
new key old door,moon
BAZOOKA Ruky,EUW
741,Yasa
David Laid,0201
PAJDA CHLEBA,EUW
Noblesse,5088
omrifcTTV,Rank1
Verso Dessendre,paint
gys,1v9
UwULuukWout67,boem
OPC NEXT ADKING,opara
スクリプター乱用者,666
Stéphane Matalaa,CLIK
JaiLaCrotteAuQ,EUW
KeliMatthe,EUW
Mała Maryysia,EUW
Filled Abuser,EUW
1NeeKo master,EUW
ISTP0606,0426
T0wie,T0wie
TSMLighTsnail,EUW
Okami,SRB
LEV LULU,8135
DOFUS ADDICT,EUW
AllyTeamJungler,9620
Gambling,0000
Kansloos,BOT
FNC Psyduck,EUW
KanaxSenpai,EUW
Empanaillo,1888
Koelkit,EUW
Blaidd,Top
Tabilan,Aks
Divine Buttercat,EUW
Noxitan,EUW
Classsic,ADC
Cynestal,EUW
Kurla,xdd
Florentino Pérez,UEFA
mart188,EUW
himmel,freak
Pleuziak,EUW
Goblin eat human,7831
WILSON LO SIENTO,LOCO
Cristóvão,2002
juif vnr,EUW
Brisque,EUW
xX Tirach Xx,EUW
Kaatropis,444
FloyyMenor,NANA
Lunaheart,EUW
WWG Elgrus,Noxus
Troubyo,EUW
ouch,4892
SilversRaileight,EUW
ImJustCoco,034
Rosqillon,EUW
Lethal,QWQ
Donpatchii,EUW
TheRoyalKanin,EUW
SmoukyJuice,EUW
DuskBr1nger,DB1
Ultiimetia,EUW
FumarMata,camel
kovutxo,EUW
yamigo,EUW
LOKURAAAA,EUW2
KA TA PAGA NADA,1337
MUST SPACEGLIDE,RAT
EL CEJITAS,EUW
WhiteShonk,EUW
Noxem,EUW
AK Nickel,EUW
fakemink1,EUW2
oppenheimer57,death
سوفيت,KUW
this i love,ouzv4
Keyser Söze,EUN
soylster,2417
kimchisenna,4444
GOSSESOUSXＡNＡX,nulll
teli,37187
Ben er weer,Rito
trash 2038,ee100
lightless,229
有何不敢既承先帝遗志怎能困守不前,只进不退
CrayonEaterTimmy,p00p
ŽeruPastelky,EUW
PappousAdaxtulos,pengu
Kotoblepas,GAY
Kopepaesta,EUW
KledxHeimerYaoi,Yiff
StevenStil,HEDON
6qek,rag
Ninatiandys,EUW
Kittka,1144
enaanlk,EUW
SEXY NARCOMAN,NARCO
xSk NocTurN,8927
Hyper,gogo
kere,foret
LEON KENNEDY,REQM
CHROMEHEARTSCARF,SWAG十
Yugo,MIGGL
Yunah,boba
Kizagan Khan,111
Gargy Boss,EUW
Bancks,2805
qiqi4everl,EUW
lustiglaufen,SUPP
1235135212422132,EUW
3arf75,EUW
Korean Mesho,mesho
Psycholypse,Star
Sasaki Kojiro,1103
Spe2dx,0000
want cute wife,belli
Nobious,EUW
Toneeko Montana,EUW
Nightshifter,Rawr
EBZII,EUW
erös tejcy,EUW
imreaallybad,EUW
gothloverr,zed
Blaze,JCQ
Sofia Ellar,EUW
JoãoConchinha,8888
lemon pie,13199
Elophobic,Kha
Halvvarm Hotdog,6969
Twice Penguin,EUW
Butterfly Kid,EUW
hi im zagon,EUW
OTP Master,18Y
Drakamalol,EUW
GL Headen,GLH
SebastianTys,EUW
u shield i grab,8888
Ivanhoehoehoe,EUW
xtryfg,EUW
Dom Cobb,123
Royal as a queen,5924
Mavis,Rell
Morante,box
5ra Mta3 Kata,6969
GUCCI OBΔMΔ,EUW
Kintin31,31290
Magc,MAGC
baba3000,EUW
Jliux,EUW
Hii Im Oguz,zhena
Tadien,EUNE1
Hey im Sin,EUW
LGZyklonBT,EUW
PikaBoo,BTZ
Shikaru,EUW
Minimum,8988
Ridders,EUW
Zaisey,Epi
Lav,imLav
OneStabCat,EUW2
Kaktus,KAKTT
corpse collector,ghoul
Almond,EUW2
umuda talim,123
Raksburrod,2496
Emmanuel Gomes,1995
Тынеимеешьправа,OLD
Garnburgha,9751
blue eyes,2299
Zen Jaw,XIN
pchela in head,2385
Ghisouuuuu,EUW
her green eyes,13 11
Dnamitamy,EUW
Dovahkiin,Drgon
BOIRE TON SANG,EUW
K R A E S,Exx
HLT Chewy,chewy
Müder Krieger,Déus
kubauwu,EUW
CYBERGORE,meow
The Fareweller,dileo
Nixxen,666
Winnie Le Borgne,EUW
FatBadger123,EUW
Joueur de Flute,flute
Ariuze,000
Peluche Petite,EUW
onlytoplane1,EUW
AdvancedAzir,EUW
G2 Labrov,8580
Zeniv,blade
Nullchina,EUW
Zenin,blade
hamburgerfish,EUW
Chiby,MOCHI
Keria Junior,T 1
QRolling Stoner,EUW
JoeBiden Joestar,EUW
Candysock,EUW
i speed you king,Time
Aimar Oroz,Vasco
Athenum,TOP
FM Alén Stark,EUW
AinJok,SOLFA
HmarNaoHmarTony,EUW
Lazer Lennart ,EUW
T1 Chiodo,TT1
Sunny,TLS
tiglitiger123,EUW
blr,EUW
bichileo,6138
Farhed,AAA
Arroz con voces,zeno
A disfigured cow,EUW
8oss Man,EUW
Edipanos,EUW
PenguinPower,EUW
Borjamin Button,EUW
mochen,2121
Hytch,EUW
Sünde,Edo
Sencux,123
INTER ADC,Gurba
SauliHyvämies,GGman
Anciaux,Alexa
GlideLikeALizard,OnIce
SkyBully,7065
EkkosHyper,ASCLN
Klaver,2003
Griffith,ad8
三三三三三三三三三三三三三三三三,0321
Empathy,Inna
PansioIeIe,5823
contagious,smile
熊猫脸,000
NEVER WEAK AGAIN,999
okaycool2,EUW
DeathLotussia,KATA
Abuelita Zombie,EUW
VoIumas,EUW
X  Qiuvi,dream
Sed88,EUW
ScarFace,NOXUS
Qimonadolowe,EUW
yuji,8361
Yujister,9398
Steaua Polara,EUW
Pepegata,CHAD
Sir Luka v2,EUW
Clark Kent,Lex
Kincaid,kor
I AM KENCHING IT,TAHM
不买火柴,0529
UNCLE MIKE,TOUFA
Tired Chovy,777
NOTMAJORALEX,DEFNO
KARLISTENIA,EUW
MisterDocheBag,8443
komeiyo,EUW
DominicDecoko,EUW
JUST PRETEND,sdp
Schmezgimo,EUW
s a y o n a r a,2112
ilovechovy,EUW
V3digran,EUW
Miverl,LASY
mizox98,EUW
Love Bombing,ADC
BRB Getin Chimes,680
Isabelle Lover,LOVE
DeathLordx,EUW
qackers,EU1
gaboo,EUW
The Master Snail,EUW
NeMan Blackhero,NeMan
CedFatHeadshot,EUW
sad and bad,wfzyd
Minilugg,Goat
ItsMeToby,EUW
Fiddle on bush,EUW
Apprenti yoyo,EUW
Kuboto,EUW
OLP Shyift,0000
Shuabai,KEKW
plseveiamsorry,Sry
Gilius1,EUW
rumilus,EUW
BAKA12Ichigo,Lunns
SkilAtcı,100
nameless monster,dxl
True Mutual Love,Julia
owa1,EUNE
milet,qqq
chasiks shadow,korea
sonder,4141
Wally,autsm
1v9,ЕUW
Tør pastasalat,137
fart monster,piss
vow of silence,kiku
WartOOOO,Top
WartOOOO,Top
i miss her smell,queen
droid gaming,BIP
furyyyyyyyyyyyyy,RANAS
KAYLE,STARK
SamiraOTP,6969
Dora Udforskeren,222
Casedelo,EUW
DaggersEgo,DMG
elhaney,EUW
Suzuhime,ily
Zelan ADC,2443
Getsuga,11111
jesuisunnword,EUW
Jar,5430
FedSultenGinger,EUW
AKMA RHAAST V17,EUW
βeru,EUW
ipados2003,EUW
LittleTroglodyte,LOB
Jargo,IMPRF
Carve301,301
Lapssu,EUW
broken wings,adc7
L  Δ  I  N,EUW
Ora Sborro Io,FF15
D Reiko,KBK
Crossover,EUW
Thranduil,999
michelle,ohara
qwoisant,NoCap
Hi im Shocki,EUW
Ríkìn,2606
Bumble4727Rock,EUW
HepoK,EUW
ElvenPenguin,EUW
Emperor,Main
Cyrill,EUW
Jebee,EUW
Void Seeker,alone
Valarr,TGRYN
TaimurZ,EUW
derJettster,EUW
Cordia origins,win
giga chad rebeu,EUW
why qq,yurr
Τom,EUW
Yoru,AZB
Batman,Sxuch
RazG,EUW
Joseph1Joestar,EUW
Pura4,rock
Somebody To Love,027
JakubSvejkovský,tene
草莓酥大王,aichi
Jaspergm115,JGM
Zayway,EUW2
small krug,7777
Assajj,FERAL
zileanzidane,7638
Lee Kindred,EUW
LetMyPeopleGo,Moses
Bob el pescador,HONOR
ContrlWardVictim,INVIS
LowClassClown,EUW
MeapFkedYou ,EUW
Ginga,3D2Y
The jester,KSZT
jaxfan9918,8993
Blanc,5317
Ceniti,EUW
Lebrunyeuxblond,EUW
The Usual Please,ant
GuessWhatsCookin,EUW
Stop Hitting Me,HEHE
ZeroTwoBestWife,EUW
YaaaaasuØ,EUW
Laerfw,7103
maidenless,g00n
MrJojoz14,EUW
Strife,Duck4
Cow Fishing,1234
PEPELOLETE,UZI
Xinetixv2,EUW
fendte,EUW
MAYDAY  EUW,EUW
Galex,AMG
ChiZed,EUW
Houdi Grunt77,EUW
MaterialCord,0911
espivan2014,EUW
Senbonzakura,AE86
Fiøra Làurent,EUW
Pas mal tes bzez,EUW
corenthim,EUW
Alberto,KMG
Dragst,3945
K0BR4,K0BR4
Prince Talon,Fami
UNDAD,EUW
Kevas,KEK
KD Hegalituchu,EUW
ZΕND,EUW
destrogueur,EUW
BerryBrett,EUW
Sceptile,EUW
Dvärgliisa,EUW
xMiyu,CRS
3 cadavres Sol,griny
dangeerr,EUW
Gram,EUWU
Arzos,1337
Blake Belladonna,Haru
BLACKBALDANGRY,HATE
AnhuanhuanV2,1234
int1harbxys,taksi
Gun Slave Unit 4,Sup
Budde,0000
dadada,a123
wibux,peng
LunarLefe,EUW
Aribynne,EUW
stepsistuck,EUW
Rodler106,jggap
everyday same,EUWW
Friandise,BiiiP
chiken88,DEDE
Lécheur de pieds,Miam
OneSaucyBoy,0302
lp delhivery,tikka
Wailander862,AYO
MON PAF,KAL
palacz dopa,2016
The King Arthur,001
Thinoriel,EUW
Gabimaru,9517
XALEX24,2424
SALT ShadowBoy,Vex
LarryLongDong,King
Pandorica,KKURA
Niki REFORMED,EUW
Marecki007,EUW
MoroccanBadBoy,EUW
Yuashi,EUW
top dps,dips
T0NY S0SA,EUW
OP Dayum,EUW
ETT Dutchyyyyyyy,ETT
skufay,EUW
Composites,EUW
Pipifron,JINX
Graf von Disco,Umber
Zyon,Rolli
JunglerEgo,EGO
Prongs Zero,EUW
YoungChewing,5head
NormaleBrakka,1235
HazaerD,EUW
Sahlhorn,EUW
MonkeyDLuffyKuma,Kuma
The Alchemist,8570
FOR THE KING,ULTED
UCD Koren,0511
Xephyr enjoyer,emi
ISO1462,EUW
ZepplinZy,EUW
The Punisher,Maro
EXPA,TEMPO
sweet angel,333
Mentalny,fizyk
kizumi,777
Trici,GRN
Ndannaddini,EUW
liIliiliillili,EUW
jojongler,opgg
Kratos,VENGE
bestadcsucks,EUW
illwill,00000
Tushyon,EUW
Elvierosh,EUW
Dungeee,EUW
MaIs LeTsGooo,EUW
zdpwt,EUW
BallMoggerProMax,Kulka
Moonie,2608
Une Sacrée Dame,Tea
Asign,EUW8
Evilfreak,bahur
ClickLanternBro,EUW
Burlao,owo
DIEU ME GUIDE,MORDE
Znist,FIN
Ðis Elita,XDDDD
ÑIDUS,VOID
Pato0Emilio,EUW
LuluCulona,680
King Kundi,EUW
EUW Xatos,EUW
LostZenbor,EUW
Atkusz,EUW
fateemobi,EUW
Sinabraze,EUW
AKTEP 2,DRAMA
Garbage Garry,000
OrderOfTheLotus,Lotus
Juckt oder,Kidd
Calculated,Angle
Arima Kishou,000GC
Farfadet sournoi,123
Porkchetta,EUW
seppuh,EUW
Dzoudzah,EUW
Magnus,Magi
Mojo,SLR
D4rtaine,0107
Geeks,ANY
Charlie257,EUW
QQQQQQQQQQQQQQQQ,3166
LeFossen,EUW
bg9812,EUW
UP Potter,0209
Gunshot6,EUW
Tyrra,EUW
Pop,0411
amboor,EUW
Aversionz,MANU
Viejo cach0ndo,PENAS
UselessHiccup,EUW
Stephanichou,EUW
nonexistent,33333
Barbosa,CEO
cara,louss
en iyisiyim,löyn
Unfayt,Fate
Jin,VK50
Waka support acc,1903
Hako,結束バンド
Saint Michael,won
iainthim,4848
low dopamine,888
LunaDeus,CCC
Last Ride,ONE
Sesu,NIER
dufero,EUW
Elessar Strider,EUW2
Lithin,0000
BZB CACHED,BZB
Hezzus,EUW
THABussy3523,THA
Vinicius Jr,5002
Dziadasz,onion
Z4GOR,7777
Fearless,BXK0
smallhatnoticer,1948
RèdLy,EUW
BLEJN,LFY
Esthedel,EUW
1312341,EUW
Noi,Noioi
peanacik,2002
Hipiwiru,EUW
C0keDealer,EUW
Pikku G,EUW
ZACKYPACKY,ewu
mid messi,0505
HappγCat,EUWw
Sinom,Bait
MYSTERY MUSEUM,X1000
ya daun,EUW
Tropic Breeze,VELO
ShellShockedByMe,EUW
arnoop88,ggez
Random Low Bob,Enjoy
Teumesse,prime
Refurion,EUW
Bubatzbärchen,187
Fauteuil,EUW
佳佳晔,UwU
Mattia,GolGa
suzaku,EU1
Le Renard choupi,EUW
Canon enjoyer,Canon
marttiXD,EUW
FEK SirPicksalot,0709
Ice Wallowkum,6574
GG Mane,EUW
StrikerBuhn,EUW
00xyProxy,EUW
Gauje,EUW
Bennyy,111
Rydzz,EUW
MeyaLeo,0000
PRIMORDIAL BURST,1shot
BEAT paullaupaul,EUW
Skwyz ,EUW
fainths,EUW
Moneyslavix,GAULE
Toji,BRAT
TheMightyCarkey,SHBZT
Cat Calamity,EUW
Cat Calamity,EUW
INVICTUS MANEO,DEFQN
GOTH GF RELIGION,uuh
Mads numsegas,EUW
xKEEL,2557
Erling Haaland,92000
MrProper,čisto
cytryna w kupku,Dark
RINNAHWANNABE,GLORY
all around me,000
witchblades,997
SCOUT,GGs
Yuta Okkotsu,Angel
Buff Camille,PLS
Xanisramusti,21754
FakerSupporter,Max
Unbroken,555
just forget me,ツツツ
nuts,guts
Yondaara,EUW
The Necrolic,v1SG3
Stanko,aaaa
OPGG JUMPSCARE,H8LOW
Casaritav2,EUW
Terakthor,midgy
şans,dice
Kubaaa,Kuba
SMOO7Y,MID
bro basically,1   7
George Pickens,1429
quiet promises,paula
Woozbad,loseq
hollow,0807
The Assistance,Poro
Yazan,777
Dishwasher Diff,ÓwÓ
Justice Bringer,DOTA2
CactusPiquant,2001
Que du vent,asi9
EXODIA APO VORIA,EUW
Housznger,weu
TOXIC HUMANS,LEAK
Fyskisk2,EUW
しかのこのこのここしたんたん,danis
Meowlicious Kat,EUW
Soplition,EUW
scornedgnomechud,small
EvenNowEvenNOW,Chv
BERIC DONDARRION,SER
Wrustel Hanma,EUW2
Nathan,CSO
Sorceress Lux,Spark
Que Pasa Asap,0000
wqrfasddqw,7219
Virgil,MK13
Hiura Mihate,fmboi
skyztrix,9999
KUROSAKI ICHIG0,EUR
Katsu,dara
TankiXmiau 2004,187
Unknown,hjjf
mJbDonald,EUW
jarejoel,EUW
MOHAMAD 2011 v2,TÜRK
PA5JytwMk8,EUW
tinman77,5Am
Vyn3X,gtgud
WandererOogway,EUW
FavoriteSidekick,EDEN
Phyzor,AZIR
Da3Douuch,EUW
cute and funny,rori
DarkSeal Enjoyer,Troll
Gavilar Kholin,SZETH
Zhongli 002,Ado
Johnny Memes,EUW
Immortals No1,EUW
TianShen,Kb9
DilfHunt3r,SXT
Sekkaisu,EUW
WarlordPT,EUW
Meguru Bαchirα,EGO
ΙreΙia,EUW
Ludox,EUW
Stiøbban,STIO
the crazy inter,int
l MEKKEK l SM,EUW
Yugiˇ,EUW
BrianCc,EUW
Sargento Form1ga,EUW
TESTOTIMO,11111
Tertann,KRK
Gryfs,EUW
Body Lotion,1403
Le Τ,EUW
Schmattaratta,EUW
DeliciousNoodle,EUW
QUaaR,EUW
Xβow ProphΞcy,EUW
O22Y,EUW
Lowzy,ALB
SND,222
Squiter,2951
Rosenklui,GET
Frank Lampard,Tunez
WizardOnWeed,EUW
kick hasanelajah,ttv
5am,west
Reelseiden,2137
bartman4,ARAM
Gracie Abrams,IMYIS
lacki0022 on YT,80085
Zilean,666
MY BARD ARC,EUW
Gylaecae,EUW
GEORGFLOYDSSMURF,ACC
Kellyjah,EUW
Crni labud,RANK1
zarganaa hunter,zrgnn
me jg go jg yes,jgl
Swinix,fps
Frenkiee1,EUW
Violet Carson,scug
körisostavuk,EUW31
سايا,xxcx
Faceless Singed,EUW
OnlyPlants,420
vampire gf,feet
HS MAXXING,CEDI
Legrosdog,12685
LuisZahera,BBB
FUTURO INGENIERO,EUW
SHIMZU,ADC
mogurin,2001
zieleniec21,EUW
SupporterAreBack,EUW
Kubuś,okok
Lichthart,EUW
KershVenom,EUW
naeganaeganaega,0019
Yshυrex,EUW
ABL BlitzPain,EUW
Roxel,ROP
xRCxSepp,EUW
codifade,EUW
Darkl0wn,EUW
Jumping Zac,3266
Night,JKR
ohh man,EUW
miniaitormenta21,EUW
PoeEnjoyer,Bltz
Silly sea lion97,Glide
xNearK AG,EUW
Resaideur,EUW
Starfinger,EUW
KaptajnKlo,King
Nine Tail Floof,Ahri
xRaykon,EUW
Mydo,BIRD
alisha lehmann,9369
Pichone,EUW
Balanced,glide
Press H to Honk,EUW
Mcvanny,EUW
Father Jud,HBE
T5A Dañitos,T5A
Toxic Duck,EUW
Jesse Pinkman,Biac
H3LlB0Yr0Gu3,EUW
Romsi,1st
Powages,1970
Reyzoasda,meow
Rhory Gilmore,EUW
Berzanhan,3443
space monkey,Calm
vasto lorde,мяч
KatCold,1EUW
peugeot206cc 98,LPG
CasinoTrynda,CRIT
LucentSpell,6482
Banana,APE2
IndecentOrange,WEIRD
VCGN SoLeNiC,Hook
GuguluDiff,04887
like JENNIE,Ruby1
honoured one,6eyes
Diaastard,EUW
Sludge Factory,1334
BLG ON,000
aeon,411
kiss the sky,zax
MedoDeMulheres,PDT
Neil Strauss,GAME
fourseven,vlad
notbrandoisbad,EUW
CblH KOPRA,FILLA
vulc,4444
dearly beloved,april
Kazah,kz10
Blind Spears,MissV
Biquette,GOAT
DorissHkVrU,EUW
Nεw,UwU
GGBestragon,EUW
WhiteAce,EUW
Ghetsis,261
the Doxus,eudo
RonChess,1245
Hata Satya,Shade
T1 ShyBoy,EUW
443,VIEGO
OAS3N,222
TBW Weakside,EUW
Favi,XOXO
WARMDUSCHER,GER
AndrewHuberman,GOAT
Pelles Burger,LUL
Bilek,ADB
TrintYjl,EUW
wwh,9910
ZYB gen5,kr01
Pom4uk,Sup
Luchie,LOL
Painful,JAYCE
LupusSpera,07771
Wianno,JGL
Schroeder,sillo
nuria,1738
MetaGlitch,1995
BarbesCity,EUW
Δseo,numb
Conoooem,EUW
Zynanox,98751
K r α τ Ω s,Lore
InvadePorCeuta,kebab
Korèan Jesus,EUW
ND Asghiò,1ND
LiReXx,EUW
FΩRM,EUW
DbW,0815
Pdo Fiddlya,U12
JanisSucks,EUW
Kulrah,EUW
BLS Krassi,MID
APL MauMau97,Jinx
W R A Ț H,EUW
hacount,000
Forsenxd,kok
lobby explosion,yes
BarkNStab,dog
SoupeMisandre,EUWUW
Hodensack,123
over a cliff,0o0o0
HedIund,EUW
gerd123weer45,EUW
Gang,EUW
Vollmondschwert,plus9
MichaelNguyen,EUW
DaryI,EUW
Nextrøm,EUW
Highstalker,EUW
Zoroarak,2508
SmolderHat3r,3940
StuFOnE,EUW
Pyro,PYRO0
ViolentLlama,EUW
ViTo22,VECA
Factorio Pro,PQMDH
EDVINASDAG0D,Rooks
maji v1,maji
Nothing ADC,BOT
PSYTRANCE,back
Elena Gilbert,1864
云歌pigeon,xgxz3
alfyr,fio
Yakata,2043
RomanLoL,EUWW
UNDERTAKER,9996
Im A Creep,SUCE
RicardoQuaresmaa,TRY
grok,0231
rodtang,haha
canwinjustplay,win
Step On Carries,2001
manifest lidya,loren
please dont go,RORy
tomatogaming,Rito
Varus,7555
Kytuanet,8782
OK GANGSTER,GANG
Aeroxel,0000
1312323,EUW
lybovnichek,EUW
D E A D,4GET
ali pomagali,1410
November Rain,ACDC
Gr4ss3ater,EUW
Burencè,966
Fishy Fanny,fis
Sunandmoon,0216
Fishy Fanny,fis
Sunandmoon,0216
so4444444,EUW
PRIVATE DOSS,기도하다
Nike x Dior AF1 ,EUW
igotwhatuneed,EUW
Siwy MuteAll,meow
Artemis,ADGAP
i love my gf,lilth
Weigeldiff,180
camaru,I7iBo
Heroes,GER
YoureAloneChild,FALL
Doyla,EUW2
Kayoonii,meow
RachelClark,EUW
Theospp,IBZ
Scopes,ARK
HvX,GOD
recommend dodge,EUW
wraithix,EUW
IlirWhiteShadow9,EUW
B a r c o d e,D B 0
chinese spy,adri
jAA Man,EUW
purple lover,EUW
ekcveK,235
Redsoft,JGL
Lanceuu,SIR
s1lent,swain
68123,VOCKL
COUNTS,1337
Bleu Gospel,BLUE
richardwatterson,6969
doppelpunkt,1907
Z TIER,EUW27
RENITHEGUN,6666
breakmyshield,EUW
snogi315,0000
Josbak,EUW
LiveFastDieYoung,24777
Nevalucky,EUW
BowToTheQueen,EUW
Dark944,EUW
OGFartMan,420
Ma3tooh,EUW
xPabloPicassio,EUW
NeedDopamine,dopa
Olympus Project,ZEUS
jenaissante,33333
Jaqen Hghar,SLAY
AxelBeast,EUW
Kevxxd,EUW
Fyskii,62199
Please deeper,Again
NotSandwich,RAWR
l Dan,EUW
T1 Albert Wesker,EUW
Quantum Roulette,EUW
SeraQueen,Dance
Kled Bras,8404
Rwn04,EUW
UgandanShordy,EUW
Ze Egern,EUW
Jek,Pogi
imarouu,brr
Fradj,EUW
jelly,totz
MiShen,KCDQ
Beklemedim zaten,0214
Balou,2406
Cyrenos,2old
Aza Turtles,EUW
ZeÐ Leppelin,EUW
Toni v2,EUW
KAÇINLANKAÇINz,EUW3
Simple Bumpkin,9751
mwayneeee,0000
Hemzeban,EUWS
Fαker,T1 T1
SilvanaArmenulic,RANE
Emperor,SKT
Art Of The Hunt,Souls
Morgenstjerne,666
crazy,lmao1
Gûren,3v1
EUWで最高の選手,7777
diazepam enjoyer,KAT
Kenrai,lee
PAOLO MALDINI,CAP
lip,mtx
eyes on me,blink
MrWorldwide,kebab
fortnitebaddie69,egirl
Magearna,smzlk
别为我哭泣,2027
Blood Eagle,smile
rododendron,kwiat
Ostik,SSS
Tawheed,EU7
élane,EUW24
KRADEM BAKAR,CIGO
Пол Уокер,srv1
This is the end,0001
Yasuke93,BBC
命中注定,CN1
Türsteher1,EUW
Isolated Soul,idwin
noenino7777,EUW
SWSE ME,888
Sky,2HU
hdmz shooter,EUW
Kevin De Bruyne,061
MrMate,EU1
Virgher,777
Magnus Carlsen,PIUL
ZYG Skyramt,OUNET
Shin URG0D,2424
Mood,ADHD
Wasovski20XX,SPAIN
Akashi Seijuro 4,999
Priapisme ultime,5023
akhisyhno,EUW0
Rank 9 is mine,EUW
Uncle Pear,SUS
v170,EUW
Sán Andreas,EUW
Blastblob,1337
Django,028
earthbender,lilo
Baldz,444
Dumitru NoName,1337
Oatem,EUW
Wen Xiang Wa,EUW
Sleepy Bear,HOOKS
Shruikan,BeSC
TwTv OnlyBanda,115
yahey,EUW
Yamato blade,EUW
Thierry Hermès,NATA
GALIO TP,ROCK
Awaken,0006
Karkà,EUW
Shenoxy03,EUW
Niklas,MAUS
derrentnor,EUW
mayes,EUW11
Gianbriele,EUW
Noisa,Tiff
Le Petit Renard,UwU
UIC Shenycrane,Vugel
INT James Otter,007
Este,CSO
OnlyFeet Briar,EUW
daicha,0000
Wewne,EUW
Nocco,2237
Lord death,116
Combat Wombat,GME
Ponsito,EUW
CURSE YOU BAYLE,11111
GF Leikyn,7777
ChiropraxisUnruh,AUA
Axel31,EUW
ExplosionBlader9,EUW
CatEnjoyer,NXL
ANTAGON1ST,YVL
L0RDT0,EUW
midelson,EUW
Don Striker,chad
BRAX VIRIL,EUW
GreatShinobi Owl,JHIN
Gunkai,EUW
stenleey,EUW
I Dared You,777
Grimm,GOTY
RIP Atompflaume,RIP
Seo99,EUW
SSY easygoing,EUW
ScoobySnack974,EUW33
Quan,8885
LegendEloc,EUW
Arve,9697
m4stermind,EUW
Philleey,EUW
SnaCeS,EUW
Sedoql,7300
FreshCoolILikeIt,EUW
gigio,EUW
Venustas,EUW
Amplifyit,EUW
Muckiie XD,EUW
Novurax,EUW
MasterOwn,EUW
Arrogant,xxx
opsCours,VITE
Cocaine Fish,party
Skov Prime,6735
BeKayleful,1337
Stark7x,7168
Epithor,Bass
Celtrex,EUW
Escaron,EUW
Hjälp,EUW
NxT,lowk
Cloudxx,1337
Lanceya,EUW
CØMA,EUNE
yaradanla hasim,KR2
sza,137
Katarina,karım
Vit,0123
YitIer,GOD
absence,217
Gokulegana,213
Seanor,Söz
不穷锋,再折毁
WellCheck,00000
white girl music,fisi
WalkingVape94,PUFF
Gyro Zeppeli,piko
Mad Life,119
Darknes Alvi,Alvi
Bawnatopp,6321
Zyrc,Axe
Jeb,SPKY
HES A MONSTER,decay
TĄLON KłNG,GOD
Project,Vayne
Bouh,lnly
DieLuitschi,EUW
omega rat,weyu
92life4,400
Zag1la,EUW
aqwee,idk
Protegod,Prote
Poffe,Bing
bedo ile zumzum,BEDO
DON WAGOD,ELMO
Sukru1,EUW
Clathel,EUW
czarnyhui,33333
Ertu,UDYR
Ingenieur,Eng
Frankie Stein,MHIGH
Washed Pants,777
Xennestyma,EUW
Silence Suzuka,RACE
fih,0000
Mareks,001
Rank 1 Yuyo,Love
KlNGOFNOTHING,MTHRX
KCio,00000
Keria232,EUW
FAQEnD,EUW
LightZX,Night
Zebulos34,EUW
youngpadawan,CABJ
fix my eyes,EUW
ванять,143
Tvärflöjt god,EUW
Matog,Popps
GlacialPath,EUW
stefan,xdxd
ChelseaBro,EUW
King,troyx
LiLMidx,EUW
NatalieyMoL,EUW
UN SEGARRO AMEGO,RAVAL
Όctavia Blake,EUW
Raugintas Lukas,Happy
S4lmonDiff,SAL
SavinCaptainAlex,China
Ironboy,EUW
FNC Goffinator,EUW
Potato,Win
Columbina,Water
OLP Ozen,TROLL
0dagobert,EUW
TRUST YOUR WINGS,RANK1
Mirriee,EUW
Lolevel,ODE
rebeu boosté,1926
EvilRavioli,EUW
永遠のヌメン,月への祈り
Mr Fors,snus
HENrzlr,103
Kisa Rikka 六花,UwU
rivenark,0000
HyÐrα v2,WEST
2TA LímítTester,2TA
ΛLBΛ ÑIL,QUEEN
Aratakì,4444
ChiefQueef,FMB
altapyrus,5018
Mazanix,EUW
Zaiguedich Dark,EUW
Ilia D Topuria,FREE
Hyidra,SLY
Loubio,Ekip
ツツツ,David
Monocircus,CLOWN
GodPillo,MONGO
Master Jay,EUW
Lewi,WEU
Spacelaww,EUW
Mid Lane Lose,EUW
jwic,EUW
Crineira ,EUW
Scooter Débrïdé,EUW
G0blin,EUW
Garrøte,EUW
Llacoyed,EUW
RaduAramLP,0087
C H i V i,000
Hypûrrlíquíd,3743
The Σnemy,DΣMON
InLoveWithAshura,LOVEU
Fates Sealed,EUW
드 문,EU1
Inufirot,Inu
Didoupower,EUW
where is my jgl,goat
Eldioghane,XDONO
Arky,7272
Trøgi,Toji
TSC Spectros,Spec
Atlas,Riaza
Iwwom,EUW
Roby98Top,EUW
KJM,Lüge
Yukaî,EUW22
Doomed,4ever
Stunka Stunka,EUW
MrOlook,EUW
P A R R A  K N Y,EUW
RYAN GARCIA,DIFON
NesusDeJazareth,PAF
sorry,7990
PoinkRangerPink,EUW
blonxos,teemo
hmmm cookie,EUW
Thoth,000
Kasboy,EUW
Dom,GLHF0
русский мир,svo
TR LFT AYKUT,TR45
eyes on me,china
General754,754
Ad1s,448
Dziki Cigan,8814
4114h,LoL31
im going insane,niko
0zbok,242
bóbr blacharz,bober
Daeletvå,BUNNY
TheDesperate,2v8
topjgmidadcsup,all
VER BAKIYIM AKDO,666
Avoqua,3869
HornedHelmet,EUW
I MUST BE MORE,EUW
Expedition 31,0721
Qin Shi Huang,AAA
Taszun,WIN
ZurnA,FFS
TOP GAP,SMOKE
DICTATOR MBAPPE,MOLO
Daldcer,EUW
Spookz,JgGap
PULSEnp,pulse
Celoma,000
Denkoo,OPEN
NigelinPrincess,White
Zemabuonete,EUW
Xolés,BACK
Exodia,leck
taowu,EUW2
TonyTony Chopper,8174
RealGeasy,EUW
StunWear,EUWW
kytten crybaby,kyte
skù,skù
ironwalle2,EUW
Double G,667
MicrowavedRat,buh7
znlm,tmd
Mσha,EUW
Adrienwill,KDA
каньон симп,NMZ
AKA Ruin,WHITE
got2game,EUW
Uphill battle,121
Hancock,0001
Ko3uHaK,12345
FearAndHunger,1312
Exdo0,EUW
chiburruso,NMTLC
Donny Donowitz,LRAT
Grubol Hunter,EUW
Feetsniffer54,SNIFF
IrefulFttv,MID
Germanicus,ROME
Dzsodzsi,ADC
EVS Elohim,TOP
mezo elcaptin,EUW
I fall in debt,Help
Zaxaar,2802
GINT KILING,EUW
DR Nötskal,SOS
punpun,EUW75
RYE,NOR
Manu Chao,real
PingPongPulver,EUW
Goronack,EUW
Support Saviour,EUW
Wistiti énervé,EUW
nidare,x21
Aboodgraal,janna
BornToResist,btr
Kurosaï,TOP
Hope,910
Pandai,100
af LYF,00009
Vip Ray,EUW
Blank Archer,EUW
JacianT,0007
RiskIt4ABiscuit,EUW
SoloLevelling,PIGS
Billy der Bieber,Damm
Grabner ,EUW
rabapra,MIKU
slightsunlight,EUW
CAppuccinoLTYS,아이고
rh3sus,EUW
Zwei BresusKhan,4650
Monika,404
TheMarvel,EUW
Le Kurdent,EUW
Bones Hyland,OKC41
RecklessSinner,EUW
GVE Shinyo,FF10
Suo,2108
MikzuKame,MSM
RuiiizD,HWBT
SunFIow,EUW
Belveth la Chau7,Pied
Friendly Frank,EUW
Ganjalf ,EUW
Bockso,EUW
DOUBLE TRIPLÉ,GG08
Big Red,SNUS
Sinner,sin88
Extinz,EUW2
Kang Haerin Fan,EUW09
Zyronex,000
Berman,EUW
onion and garlic,dol
1TPJOJO,0504
CervarIV,12345
zaffety,wasd
CJ Entus Zeetn,FROST
Nephis,000
bAnAn,1996
La Saïnte Pelle,EUW
mingo,oreo
Mixto Sin Tomate,EUW
HideOnWeakside,ADC
veve,7777
Random,54198
Rengo The Sloth,1532
marlo,NOR
Shinjeru,EUW
Wyziax,000
Barieth,EUW
Ànselm,EUW
FruchtSchlag,Punch
iannyf,EUW
Persimmonis,EUW
Ooops You Died,EUW
BøgJan,EUW
musse,1337
ikill123,EUW
Roke,0012
hate,egril
StylinZedd,EUW
asdfqwearsd,777
Yuji,Ahah
Fiwel,BERIZ
Kazuki,BREAD
hab geduld,EUW
Hugmor,EUW
WarmØg,EUW
BeeHive,KBD
Unleashed Chad,EUW
CHIPIE AU MAX,TIBZ
ＰｕｔｒｅｓｃｅｎｔＫｎｉｇｈｔ,crazy
Roý,EGO
γoshi,EUW
Teleport,Spell
Cleanse,miri
Cripez,EUW
Dakrii,JGL
ECO Persia,ECO
Nazn,EUW
hithy2002,EUW
DuarteV,4560
lilbazze,EUW
xEmrys,EUW
P3LL3,EUW
El más mejor,Escu
JuanPoonchMin,EUW
lCoNQuesT,0004
Xardas,BOT
DeeZyi,EUW
RainIsUP,EUW
Dexterz,MINI
it never ends,nck
Tinsyyy,EUW
Mandalo int acc,EUW
Entenzwerg,QUACK
Menos   dg,EUW
Vebioern,EUW67
Bubble Rhino,EUW
xBatya,EUW
Macilicious,EUW
Kaggeh,EUW
Migab,EUW
Jhinting Bot,CHAD
Archie,TK0
2inchNoc,EUW
성진우,HAHXD
Zetinac,000
Sasssy,tom
Catriona,ate
Rex Mortıs,Viego
DREAM BIG WORK,HARD
Uxadreyallon,000
PAIN HATE SAD,6x14
boli me kita,bukv
BranioSamMladu,BOSNU
no more maybe,noe
CongoDreng49,EUNE
IamCaptainLoren,EUNE
Magellan,mid
MAUROICARDII,9999
adamantiummental,hard
white monster,poro
Kizzy,1v9
xzr2,3004
KrulAryIr,Krul
Showtime,nr1
Im gnarly,gang
Sarp Yılmaz,222
bauklotze,ackk
Jackpot 777,Luck
Thanatos,111
sisyphus novem,999
Cake,Huge
John wick,Afk
Dewalt kapsav,23980
prl,TR24
Gherman Sparrow,999
FXh,76455
Garchomp,calad
Gidemereiki,001
Tito,691
High Silvermere,00000
Cizundler,EUW
FurinaDeFontaine,7972
донжуан,поэт
WaChiloco,EUW
batmanlvl,EUW
ADHDABUSER,TEC9
DonnyyB,EUW17
JPGMD,JP2
Moaning Gwen,STHU
Arracheur2Femell,Aura
Mazda Mx 5 1997,1997
LungeAndRiposte,XIII
Nekiboi,5213
ΖIΓΞK,IΖΓKI
CoachRogue,UTUBE
white medusa,INRI
WALE67,KONIA
Noteworthy,lft
Latom,Aivis
TestoTimo,EUW
Berkyoshiii,EUWw
THIS IS UR TOMB,EUW
Noahs Arc,ARK
INDIFFERENCE,DROW
RAHATROX,021
Filou,EUW2
Supreme,516
Haster,EUWz
Elucidator,999
Stihatray,EUW
BLOEMKOOL,ENJYR
GirlGaming,Girl
TTNezz,GOD
GK SΑD L1FΕ IRL,AMEA
Cgurin,JGL
ynggang,YNG
JG 01,111
account for ants,UG1
MCZ Awkward,EUW
LastHope,MAD
Gazz,SP500
odeio te,EUW
fajne jajko to,raiko
CREATOR,VOYD
Top Lane Demon,15IT
Rogers Chris,EUW
Nopsel,EUW
야니스JGL,2205
trombone timmy,777
giuxsstgy,EUW
AbyssKokos,EUW
xiGannicus,Euwx
kimochi warui,CHUD
SWAGMACHINE6000,EUW
Dread,Ekko
Pot of Greed,404
ZacBanned2Years,FZac
현대 가족,0000
3145531278,EUW
Morpheus,00007
D0itz,EUW
warriorjyr,compa
Le fou du lac,3922
zialde,3837
Saudade,XXX
Sticky Ricky,5148
NoBanAgainPls,EUW
Trannel3301,29018
BLOODSWEAT,cat
EstøNøEs L9,EUW
Eyeless435,EUW
power977,9754
cut and rot,Goony
Zax Zinx Zoe,Hello
Fizzer,nekro
PhiliUx,EUW
Sohoro,001
KARL ZERO,HUNT
Nelun,9783
forgetmenot,swr
scourgearth,neeko
tianwanmei,EUW
Cankhat,ECM
Wisteria Lane,paix
OTP J0v4n,EUW
ShovelAndFeets,Bonk
KunigamiGlazer,gami
BeekeeperBob37,EUW
galantgarde,TBSM
Aιrbender,EUW
Femto,UNLCK
Qaai,BLA
Vinho de Pacote,SCE
Monarch,94753
Snusk Gurra,EWW
Poro,eepy
Tokito Muichiro,KENT
EINS seaz,0000
Adrimare,8888
ProfessorHastig,EUW
Parsi,EUW
Seraphon,1234
travojather,tra
RoD wisdom,EUW
Svetti,0000
mightymammut,EUW
Sperfyx,INTER
VIT MangoLoco,EUWE
Komandoo,EUW
BooMSaKaLaKaaaa ,EUW
ScamYourWife,EUW
JulySanchy,TTV
KermitTheGanker,304
Apprendre,EUW
fuzzer pro,EUW
Ancaray,EUW
Kaito Kid,Luck
WabiSabi,Flawd
NissanManiac43,Zach
Toxic Female,Nem
kermitoncoke ,EUW
Dertyup,4444
slummen,rat
GOOD GAME GG XD,8442
Sir Bohdan,EUW
Fiddle Castro,Mduro
Tom Ford,Reg
PantRose,EUW
Tikriausiai,EUW
xXUrineEnjoyerXx,EUW
Reflexi,EUW2
Un Radis,EUW
Blanku,EUW
Ave Avak,EUW
Hookin,HOOK
garbage disposal,BRUH
Nay,0155
JSQ NoixDeCoco,SINJ
ابو زهره,زهران
Chipseater,4669
Ling Ling,2659
slaaptekoerd,baran
FTH Shawk,STORM
Fissen,EUW
Aisul,EUW
Hounter,MR8
TAK Misoto,EUW
Athoz,EUW
zERO,XX13
Maximilian,Raske
jensens,bøfhu
Pyra,EUWFR
x4zicke4x,EUW
LittleZedBoi,Zed
MNRM Hayaas,0514
Polaco69,EUW
Aritobi,EUW
vBush,EUW
iSolo,Solo
Not Epsithug,EUW
Yasotos,EUW
BipolarXD,13579
Amamiya,161
MID MAKE ME WET ,EUW
M2 Machine Gun,NYC
jääsch,EUW
Popotiron,EUW
hhh,0123
Triskell Sushi,Gamin
PAPYmoujo,EUW
Dindon,Canna
ALL FOR ONE,974
ESP Zafline,GÅS
XXXX,TOXIC
Talon,Hate
morbidly a beast,8888
Cezz,Blitz
Bromance,sbb
no easy way out,028
SilleniKittlen,GBG
Tramisqua,1004
avert thine eyes,000
e0101,qiqi
Plankiegank TwTv,BRIAR
ReddInMyEyes,45688
kokpit lumino,pit
Nisemono,Riven
Qimbrist,7138
Cassiopoopa,TIK
DarkMeruem,4444
Sain,TFT
Jhinc3ption,4444
OGCG,4800
RKS RandomWezyr,Bruce
AKA Baumhuso,dmg
무작위 지원,270
Ghabeldia,2564
Polvustyer,8350
Bird,mlbb
Bazyliszek,9780
Daddy watch me,Twirl
StoSbollando,LUCA
Gaamosi,EUW
Test tube baby,Tax
Thad Castle,B M S
s2msonic31,3131
SAMOURAÏ ÉVRY,91ZOO
Kapiszon,KucG
Félszemű Jack,Vár
freeuse femboy,cat
MASSIVE ACTION,GAP
Bakuriani,2005
Kothqua,EUW
lck mental top,lck
ooFabe,EUW
M1SSA,EUW
Adapt Genius,ADAPT
AGENT NOT VIRGIN,EUW
Dit3xas,8660
Damon Salvatore,7972
FNC Extra,EUW30
MCL Sharkekette,2210
请结束我的痛苦,3Gaza
Eren,wizrd
Syckray,201
yaaasss,9345
Shüriken,DUNK
パラダイス,うつびょう
Nojtinkas,EUW
AschtHwundert,0106
NoWordsJustPain,Alune
ghidi,123
ffezf,fez
Hans Knoblauch,EUW
LANDUU,EUW
TBTT,TBTT
Sythien,EUW
Friovy,2222
Seiichi Samura,火MYNO
bIGORno,cutie
Camikaze,s0nny
Frofa,EUW
Thallnoss,DEDE
2TrickIn2019Lul,EUW
Kerimrahmet,EUW
Mithraxx,EUW
RabarbarPL1,EUW
Mester Miyagi,EUW
MimiUnderscore,1604
Sin,Sarah
qblnlqlnpqblnp,qLn
ALMANAC PROJECT,EUW
VØL PeanutSW01,RSA
F3nnik,EUW
FlippyM,ALSIS
페리 L9 오리너구리,r34
Easy7,0007
ErPirotBlue,NAPL
moxokx,EUW
Forge God,22233
Jin Woo Sung,6666
Lirilì Larilà,Fight
Chuky,Alt
Division,PEUR
Grand Wizard Jax,Brown
Egend of Bu Dac,EUW
lapinouFR1,8001
Denn,CER
Xiao Zhiao Feng,CHIEF
antoinep34,EUW
LT MooMoo,EUW
BlindKids,EUW
Osiris,Osix
Stefannootje,EUW
Pale 十 Doll,Vamp
Dumplingsz,69420
TheLightofNoxus,Semin
Arno Funke,Bomb
Aza,CHINA
Natural Talont,EUW
Durkanos,JGLER
F4zie,EUW
ville valo,EUW22
WNQQNW32,EUW
请用核武器攻击法国,CRACK
heavenstruck,ashe
Supõya Enjoyer,MKOI
Tamrat11,EUW
Techno069,6363
Kurai,ELFEN
Kisby Reformed,CHALL
Tondaronsous86,GGFDP
Terrantez,EUW
secreto iberico,awio
Zathdos,EUW
papi anto,EUW
ruipedro0505,EUW
Eesti Memer,TSM
Veiz,EUW
zykes,999
D T B,PLOP
Kamusari,4692
DameNoir,EUW
Davy Jones,BSHT
honourable man,EUW
Janw,001
E L O E L I,EUW
thshnukk,9585
Goliat ITA,EUW
Azidra,EUW
Captain Fahrixi,EUW
thealbster,EUW
All Hate Joris,EUW
Para,1102
ThatDanishGuy,EUW
Kolac,EUW
glmvgtidfhgkjidh,EUW
rafuzz,EUW
youtubepower,EUW
 Άres,EUW
Autoattack Main,EUW
GummaLuis,EUW
Vla D Mid v2 ,EUW
Crownx,EU23
Simbojen,jgdif
Kanye EU West,Yew
Serzino,123
damssss,6395
Cÿnîx,7268
Le Sezar,L16
Baby Pig,EUW
KZAX19,EUW
Dumble,1995
tay,Sera
Chiggins,EUW
Jon Vejlemand,123
Hyakko,219
AkagamiNo,6161
slykiller456,EUW
Arny,EUW
Klyzfo,EUW
jolkipalki,блин
BROSSE GlTE,EUW
Dhayke,EUW
Shâdows,SPA
Um Gajo Qualquer,TMA
Em0n,EUW
IFafnir Sama,EUW
Leo ad,EUW
Danmoreng,EUW
Yoshi,CSGO
Django,FROGS
Warlord,RST
Aureis,1610
Sourpreme,EUW
Radahn,DEMON
Double Agent616,EUW
Sofuz,EUW
LOW APM HIGH BPM,ZZZZZ
Urfrider Kennen,EUW
Krobson,EUW
 Th3NandO,EUW
SantaClos,EUW
ZadkieI,EUW
Petraros,000
Ryan Stekken,six7
GRORRE,BBB
Thippa,EUW
omido,8885
Der Bettchiller,sexy
MOJOxy,FNC
RBodryx,EUW
Porofessor Toad,EUW
FlashStriker,EUW
SpreadingLove,Heart
L0ICK,EUW
The Blind Monk,ZIEŽL
flexAM1,EUW
SoulShiro,EUW
Nο god comρlex,EUW
Brutalabritt,EUW
Snow Eater,EUW
Gueloa,EUW
Spitzkøpf,EUW
asol   아우렐리온 솔,asol
TheBlackSea,zeks
TAUNTED,8461
Rengardless,LuL
Mika,040
Void H1ghlord,VHL
TEMPv2,TEMP
LMD,PPCE
Acnologia,DRKNG
Robin je zpátky,COJEE
STARLESS AEON,444
nothing to u,111
Professor,EUW0
Noob,NBK0
glitterheart,xoxo
Trim,500
rensane,oke
Perfect Cell,Wuxia
Toolo,5750
Gekota,shav
Trulsson,2609
沉溺暗影 娜美,supp1
Khasen,9403
colololo,1111
Baka,669
Damselette0,LUA
bigname,0101
krug mentality,chill
BestEkko,Ekk0
SUER,00000
피디알,mid
Tales Of Momo,NRS
Be happy Stupid,1414
support123,6969
StormBlessed,31415
Sounds of Earth,Arima
KledalCwedalPL,ROYEQ
Orange,2328
IIIIIIIII1,111
Shadow,ZG08
23 July,lll
Carryyou,123
thefecia,EUW
はSuiсidе Аloneは,S16
Nakhlaaa,4728
Shiryu,WMD
YMEDOYELLUJAZOOO,SASEL
AkoStiiL,EUW
YMEDOYELLUJAZOOO,SASEL
AkoStiiL,EUW
Edwx,zxc
OnePiece0l,EUW
Phethasha,TALON
SAY SHE LOVE ME,S0SA
1vs9 king,bo7
Kit Harington,EUW2
OTP YI XDDD,QQQQQ
Seag,ČIČA
BrüllMücke,Furz
primaveras,tibi
BartiDominator,1v9
Lotteiy,816
LeafJuicy,Briar
Tauskves,EUW
Kalibre,7146
Lonely focus,EUW
Consentía,3103
TJ Jiwy,2802
Kron,floyd
DÉPENDANCE,AUXLP
이기다,너 형편없
Wisefort,EUW
IoIi,lulu
NOXX,dîn
陷阱女王,1738
w c,EUW
Coinelly,EUW
LolemGolem2,EUW
KBond,EUW
Mr Movement313,EMPS
NachTigi,EUW
zaars2,zars
yuyu14,EUW
FREE TARZANED,szn6
Dexter Morgan,JEj
Nightsoho,EUWWW
MyQKeyBroke,EUW
vazify,1337
obedience,CN1
Nyrσ404,Lxsr
Dawidddddddddddd,Litr
Last Dance,Kndrd
PandaBear,Fat
boomiwith2o,EUW
Caliban,deaf
ヤギの,彼彼彼
UPP KAZ,333
wufff wuff,WUFF
Roi Olaf,OLAF
jhoryk,EUW
KingKai,EzTop
Marc Pubill,ATM
Tiltproof Sion,EUW
CKyane,HAHA
Step on me Alune,uwu
Minju,III
Pet19,EUW
Vindicatif,ARCHE
Übermensch,TURK
OSKINAERYS,WIN
Heart Heater,gyatt
tie me up daddy,EUW
времето,TOXIC
pls no ivern lil,EUW
Doublezift,HAHA
Viszle,429
notalkyesplay,euw9
jesuschrist1,153
A WILD KAI SA XD,EUW
easy prey,lstn
Pauporter,BAR
KIMIMARO KAGUYA,1408
슬픈 인생,00000
UwUAndOwOO,EUW
AsrielDremure,West
Pakrovejasz,pakro
YOUGUILTY,31415
Santi,BORAT
Glimpse of me,paEuw
ICANFLY,1406
I HATE BRUISERS,EUW
lgm72,EUW
subpardairystuff,haram
Soleil Soleil,123
WhiteShot,ICKK
PanikaWoW,EUWW
Roqzyy,EUW
ichbin10hallo,EUWW
EM GolÐ,GOLD
Graevlingen,EUW
FiskMoosen,EUW
LodówkaSamsung,EUW
Ace Murderer,SYLAS
NSN ApexPredator,NSN
angel wings,99999
Pazazz,alune
JustARandomShao,UFC
Enk3i,KRISI
Summerberry,EUW
Pobog,EUW
Freazy,666
Мокрые трусики,zlat
Zanarque,EUW
ITALIAN PRODIGY,2010
Bananes,EUW
MordredTTK,BMW
Dont Smile,swain
Cheepie,EUW
here to aurafarm,9356
SystemGaz,6190
Igot99kills,EUW
potsvetlobe,EUW
letmebboy,EUW
MrBigPapa,TRUMP
FatLittleFarmer,EUW
hubla,2003
RKY Aiolia,EUW
ObiWanCanBlwMe,EUW
Die 1Ordnung,EUW
Smile Of Heaven,3209
5 STACK TO DUNK,DUNK
League er dårlig,888
Amiral,EUVV
Grosso,0535
Sigma ShadowMan,EUW
Horsti,000
PhutureNοize,EUW
Blom,2120
Daniel Küblmulm,Oger
Sung Jin Woo,777
SipuliMaster123,56269
qwee3eq,qwq
Thomas Goh,EUW
Givenn,ADC
chise hatori,robin
Marrok,SKRZ
albi,113
Indra,Sama
rybka kiwi,EUW
Meilleur Muffin ,EUW
178351,EUW
ORCAAA,ASD
RANGED TOP FUN,VLAD
Ischa,EUW
MangeurDeFion,Queue
Seiken,2843
Fred0n4ut,EUW
Fertigsteller,CLS
MuzluProteinTozu,EUW
iHazCarrot,EUW
Hanni,phzx
KenaeW,EUW
Guilford Int Acc,EUW
Moonbirds,EUW
Boy is crazy,EUW
Javier Peña,NEKO
doglas,qwe
Fatal Caress,lust
DD Plus 12,Dog
Goujonn,EUW
Renegade1970,EUW
TheYoungestSmurf,EUW
movement,jesus
TetuTopAcc,2710
Savage Taco,Taco
lol135fiora,EUW
Gixray,1305
Beerus,破壊する
Definitely Laner,EUW
0100121021,EUW
Mui Westside,EUW
Cheese Kimbap,EUW
wartravel,EUW
LILLY KONG,affe
BlijfPositief,EUW
Lucius,heart
乌鸦领主,raven
Catcer Patient,001
Zersky,916
Daisy is my Duo,Ivern
EliowZ,EUW
nortonuss,EUW
Nuclear Malphite,BOOM
zvi,EUW
mor elo karsiti,1173
Ptityordle,veig1
RazorXdead,EUW
Noëlor,WAEH
ElSeñorDelTrueno,Zed
GamerDuFutur,EUW
Illyrian,2000
Arga Sniffaren,Sniff
Gwandolyarador,EUW
3arbi malicieux,FREAK
ะะぷ,III
d9r6Ak3,KAA
just one barrel,EUW
Dream Girl,HOT
michal aniol,EUW
Mirrow,KING
F5 FREAKBOB,ADAC
Velpstein Kirkoz,bear
ttv spankanatorx,LMAO
Laodih,cak
Flack,AGI
Pextu,EUW
河马王躲起来了,EDG
Bjarni McNasty,EUW
AoE Neezia,EUW00
igorgaming,VMS
Mokujin,7330
DYLAN HARPER,ROTY
DR4GONORE,EUW
B4LLS4CK一一一一SW4G,VES
iAupa,EUW
beanybopper,000
Fujiko,aoi
Who is who,Auwan
Specter,Not
zugoi,EUW
Jellyous,IXS
악몽천사운명,LPL
T1 47O,3PEAT
Nam,505
Cozy Enjoyer,EUW
T1 shocik,eve
Johnny Joestar,Τusk
Zedorzo,GGWP
wislashark dzigi,997
Racco,oooon
Ginrais,EUW
Ëyvy,EUW
Centaurus,6666
Jammer,LosB
Doxaka,EUW
March 18th 1925,janna
战斗是我的理由,sword
Legatus,000
Ricki,CHAOS
Noir AGRRRESSIF,NWAR
PANDISTELLE,8894
Yassuo,OVO
mane lux,EUW
KnüppelausmSack,EUW
Lygon 147,EUW
Gönnn,Frogy
Blazo,4545
Bagd,EUW12
WorstVayne JAPAN,EUW
TFS Imperator,EUW
Monte621,621
Crusien,EUW
Boss,Benji
Jasariak,EUW
Jahudi John,Angel
Erika Fanboy,Fancy
Voluxa,EUW
Winter,Gale
Matix,2626
Intensolo,EUW
Bellé,NOPE
Bech,Mag
Belhbyte,kaomi
Dino Nugget,DIP
hach,1710
Hae In Cha,666
Wettnoodles,Wett1
ŒIL DU NÉANT,VelK
WolfNoxx,EUW
NurLxstig,EUW
domovní bratr,num0
TSU Tibbers,EUW
Stoonley,goofy
BindingOfTop,EUW
Gladiator,9564
ForestIord,EUW
LPDN DonFabino,EUW
LOLOLOLOLO13377,EUW
Aqua Caitleen,SNIPE
Jhern KR,EUW
FLOMAYUSI,BWIP
Lordon93Y,EUW12
sleepyeyes,awr
Kanki,Crush
CM Punk,1963
Composed,777
Airobloodin,Alex7
DarkLegend478,EUW
Veecto,EUW
LOL HUAN GAME,EUW
Shinu,Akuma
Tr1cks5ter,EUW
Sanger619,EUW
GulliSchnulli,EUW
Iván,SUPP
避税多就得查,大司马
Lumyru,EUW
Sjösjuk,EUW
den lille toucan,ankom
impostor support,ff15
GGBond,EUWE
Jack is here ,EUW
Menestarr,3696
kittycat12,kitty
Unlucky Boy,0777
IHateYaa,EUW
furytail,EUW
beemzy,meow
Kameyama,EUW
hiqo212,777
WeiZoR,100
sans emploi,EUW
Rühles,1410
nikolav1234,EUW
Damask Rose,2323
Saitamanama,EUW
idk a nobody,alive
Leviathan,QQQ
Kauhu,EUW
Lunddorf,EUW
Blades End,7537
Ihrax,EUW
Anior,6767
Onex v2,EUW
l Φ l Φ x,EUW
Boblevand,EUW
GeeP,JESUS
Rick Grime,shane
Trust,1999
BOC lgnzkZ,BOC
Chama,MA7
Morzi,EUW
Bring the Rakija,EUW
KALI YUGA,PLUTO
Functionaliteit,Stray
Yanuki,1234
Animeshon27830,EUW
Daawgtrox,Dawg
AporedAMK,EUW
EckoRey,EUW
Rανεη,0503
AirinOfNade,EUW
Closing Night,1212
Thomastrix,EUW
WeeboSaurusRex,EUW
Idk78,EUW
Hansen,2727
Malik,3523
HalSanach,EUW
TwitchTvSwissifa,TTV
The Lawn,EUW
Blebman,bomba
GOGlTCH,9999
Mordziaty,EUW
Zeus Bin Abdul,Pro
HardstuckPiggy,EUW1
Cheb Tirera,URGOD
LNR Apoevix,EUW
Sjedow,EUW
Colin Morgan,EUW
naykiskater,000
Ceray,Glasc
KrzysiekMagik,SOPCM
VDA CameL,EUW
Kilagram,00001
NotWhoYouThink,3603
Silverisys,DMN
marc0oxp,EUW
banan23,4260
I am very cool,EUW
poutrepoutre,3637
pomni,fan
Moe Szyslak,DUFF
심핑포블런트,45254
Comfortably,Empty
Koriai,142
KIM Oski,EUW
Yuukie,EUW0
The Rift Kid,EUW2
Restrict,TUGAL
Shensei,TCDK
0010100101,EUW
BS Blizzard,EUW
Ba Jio,EUW
Pind Diesel,EUW
イロおじさん,015
kajshdsak,EUW
BS Art,Soul
Smøkd,EUW
xImTheGiac,EUW
BLD Rucksack,BLD
Nauuli,EUW
GODXSHO,TTV
spirintedaway,INT
Myst,BTA
TH Stend,000
INNAXE INT ACC,LOW
Torben Tissemand,888
Torben Tissemand,888
Fërb,BBC
马头马头马头马头,0104
Oreo jungle ,EUW
Chaoji wanjia ad,EUW
ShaÐow,Fated
Dyna,4707
Slitzeyker,EUW
Atomic NoXuS,Love
Hachι,EUW
Magicarper,EUW
LerdoPlays,EUW
HitsDiogo,uwu
OkayGarminTftAcc,yesse
FireAscept,1013
Overdan,19CM
dittricH,EUW
Shînomiya,Yonko
Maionis,uwuwu
SlimSimple,123
Peerless Scarred,529
success seeker,MEOW
Shaíduck,ADC
Konjac,NWG
DG LFBee,Recon
reluwa,REL
FerrumFigge,EUW
kuromi,akali
Yhwach,409
Chaewon,01010
Putk0Trep4ch4,kata
LaGHigH,EUW
Caoskhimera,EUW
p dał,EUW
StepBackTheCat,CORPO
uznnaT,EUW
Aεstral,EUW
Laursen,Lau
Miikez,EUW
Hłnata Shoyo,EUW
TheLastMarksman,EUW
Raja Jackson,MMA
RaptorRex99,EUW
f4rgot,9854
Daddy Corax OwO,XIX
MAISON HANTÉE,WRNOI
Chibi,Stray
JamesLP123,EUW
YILLARIMIZIVERDK,JEZZ
WE ARE CLEAN,CLEAN
Cols Seiryu,EUW
Ogeny,EUW
1247219878291461,EUW
Docteur Pudge,EUW
BENDØ NA BENDØ,EUW
Elwyy,EUW
Saigo No Inori,EUW
Sylox,119
302victoire,EUW
FakePINKwings,EUW
JustinBieberHoT1,EUW
Mental Reset,187
TU PapY PRo PlaY,EUW
RSC Diesale,EUW
Mokele Mbembe,CRPTD
Snoozi,OTS
Le Chef,COOK
Rivalguard,EUW
LFA TueurEnZeri,LFA
luz,2623
playsafeteamxD,EUW
ManiaxTime XD,EUW
Noaman,42069
Conti,EUW
PROSIT,EUW
tomxs,099
Seijuro Akashi,8798
Stazja,noob
MQsBronze,EUW
Zeaid,Pal
Vincent,PGM
cert lover boy,facts
Liv,77777
Gilotyna,EUW
Sena Ajisai,Rena
Emma Laxmoi,MEUF
Samakyna,EOKS
ThexanAstar,12535
Carsten591,EUW
Reus1110,EUW
GÓTICO CULON,SAD
SchröÐingersKat,EUW
La Sécheresse,EUW
PatkicaA,EUW
SOUMIS,LUCIE
BCbanguer,EUW
PEACH ICE TEA,III
SebastienLeHomar,EUW
REFORMEDTOPLANER,WIN
slammed,haha
Luxella,420
owlonsky,999
xGenious,MAHDI
jannsenn,chong
lDemexl,EUW
4ndre,4d4pt
Azires,EUW
GL4ZE,0032
svategu,EUW
Ekeos,EUW
AD no C,West
Fauer,MOS
EQFSadge,Kekw
Łeÿłâ,uwu
Bαbushkα Boi,EUW
not SpawlzZ,EUW
Ryéx,EUW
LR Deivis,1510
Yunaras Balls,100
LordJosch1999,EUW
HideOnSarriguren,EUW
zlq,joker
kimi made,EUW
Rydja,EUW
PROTAGONISTA,SOYYO
nenad1717,EUW17
JT0,OKC
capitán langosto,EUW
Thomas Dachlos,purrr
240415,EUW
BARREL,PLANK
OR TAMBO,jabu
Aruarian dance,EUW
koniec,ligi
Expedition 27,grief
Keklex,EUW
KyoKay,GOAT
Vexxar,5919
Christian Dup,EUW
dauðr,021
YukiJudaii,ovo
mynameissky,wewoo
Rey Misterio,bronz
Samuelz,EUW
rice lover,ESP
IljaGHG,Maja
windows 7,xviii
edolas04,EUW
DM Rüizzy,EUW
Xendario,Punch
Cornfield Chase,BH20
jyocho,EUW
jetzt langts,EUW
Ignis,lec
his naafiri,euwww
timmy,BRÖL
Kylar,FOX
Naoufel Blk,SANG
Berlian,vlynn
razas dad MIA,EUW
wolfs child,EUW
PlsPickMeXayah,Otter
messefy,6969
little kitten,xoxo
DeathDeX,EUW
Feral,RIVEN
KISS OF DEATH,YEN
MickaGOOAT,LVL
JJsmile,NODMG
XD404,EUW
Furezi,1311
TimNodop,SGE
InzeratNaVarhany,L9VV
Flavio,1112
Hünk,EUW
lahcam,mkw
Lentus,Supp
BestScriptsever,EUW
KAL4,EUW
Undercover,LBM
AriaUK,EUW
Hi im DagiiLee,EUW
harry,2011
Grenar1,EUW
happens,1010
Stewk,EUW
Ray Redd1ngton,EUW
Lx3,lefª
LG Aziαs,OGNAM
Zéo,003
thegamingKids1,EUW
Coven Namî,GAY
Don Carryone,EUW
M T H R X,PRIME
madmat07,EUW
cest quali,EUW
AziNox v3,EUW
SmurfingIsBad,True
twtv SupremeG0at,Akali
Pistacho,369
Gr3NoXx,EUW
Diamon Theif,EUW
Ölus Matzimus,EUW
SpyMays,EUW
Ölger,7000
Mauritz,TMG
LiuBai,001
Kjynne,EUW
Harry Callahan,1337
Heeentaiii,EUW
Bandeur2poulpe,Adri
Minion lvl 1,EUW
OTPTAHMKENCH,666
AirGanga,EUTOP
Kkachi,666
BØB,BOB
ItzIntegral,7777
Munkki,BARON
Glaurion,0405
D Kong,999
Ergone,1717
Guy Roux,ENLEC
Don Ponk ,EUW
Nooyk,gnomi
What is Winrate,EUW
LeTroll Business,EUW
Thomas,13579
BSTAYZ,00000
tactical dot,EUW
Sona masterclass,Lazer
AzoKiZ,Azo
HeartHunter5,EUW
Croguer,EUW
Marvin Rouge,OLIVE
DS Sefa,Temu
Kaancyy,kcy9
OG Dixon,EUW
Khada JuRz,EUW
Delev,EUW
ICH KOMME,CHALL
hello bro,EUW
Omnibrag,Omnib
JusticeForRen,7413
Blade of Sorrow,FDB
Miguels117,EUW
Dean Winchester,kkyys
Bri sin,001
KRIMAXDEAL,EUW
raFlashh,EUW
Conquest,MLG
no way,YEP
Pinchy,LoL
G0ujon,EUW
White Mamba,OST
RapMonsters,EUW99
dmvoli,EUW
Neuil Maudit,v3t4o
Engjiyy,EUW
ceporrin,FSG
CDLG Galywen,EUW
Fransk KartoffeI,EUW
MiniLili44,EUW
Kim0n,333
EMG Dionmaister,TopG
Waremon,EUW
tornadio92,EUW
Rashyy,EUW
Igor le sage,MGJ
modix06,EUW
Ebbelwoi Abuser,EUW
PEDRI,kira
Smoothie,KING
ImMaxax,EUW
Twitch Unrodeur,EUW
OguriCap,Pace
Nixor,ESP
Thaeus,41503
Koυssay3,EUW
Pils,8227
joraad baghi,EUW
052 Mghzu,91052
Mozak,207
Metabelette,0000
EyeballInDaHead,Tiv
Kaichou,0000
Pls Buff Azir,999
MagiskaBardyyian,xxxx
Zolazy,lazy
Oliswed,EUW
Máckan,Tank
Flufoo,EUW
maciekpietruszka,320
Keon,SSS
Specter,KR2
Dynova,1999
W I FUNGHI,EUW
SAUL GOODMAN,TRDS
Frair Kado,6059
UwU Dwego187,UWU
Ercees,EUW
MyBad iGuess,MBIG
FreakBob,EUs
Νoizy,EUW
Edgymoonboi,Aphe
white peach,lingi
RitoPatchAreJoke,fRito
v9 F1reFr0st,EUW
Xerxail,9LVS
BeanEaterRat,EUW
Seehaulin,EUW
bronzyforeverNA,5153
lulupetit,EUW
Martona,EUW
Yuta Okkotsu,1510
Two Punch Man,TWOPM
Blåbärspistolen,yum
Anthony,2106
Julppe,EUW
Jean Kulkhy,kulky
Tataki,EUW
Whispering Abyss,ok3
Glacial Storm,BIRD
WareZen,EUW
Cheeseburger,WOOOO
MajuKo,Akali
azre0,789
Jakob,EUW2
JSP PK JE PU XD,EUW
crisped,int
Staatsfeind Nr 1,Feind
SCORPION,GREED
El Tremendo Sick,DEMON
Bushgod,420
Jinjaro,EUW
I L I A S,saga
Cringemod,EUW
Xirogg,NÖLP
BIG DRIP,EXXD
Goons,COACH
Savor,EUW
unmatched,aion
Weakside only,SOLO
Spikie,57924
Frimannse,EUW
huzu16,EUW
PUNPUNZZZ,EUW
Mworni,EUW
Messi league acc,1211
Dansemanden,VSK
Droga e o Ret,CAIO
The Fool,Pose
Carros 2,Hdk
im tyrone,lll
Luko,001
Ritsugu,GOAT
JaneYi,two次元
iZatoz,EUW
RageSquid69,EUW
jeandugheto,EUW
le reptile vert ,EUW
Almighty Xygor,EUW
Ξ Im Fast AF Ξ,DOG
ToValhalla,PTR
HighTestoHighAPM,384
Never2Young2Dıe,perco
Tannzu,EUW
Lukáš Šustr,6912
TaliBlanc,eee
F R Q Q,EUW
CPLAY Jarne,TÖRÖÖ
Hoiyijun,EUW
Vertigo,4810
MawnShendes,EUW
Ameca,8457
FroopDog,EUW
Adori Zahard,1579
VICODINA,HIGH
hand in hand,607
CX Sleezer,CXEUW
Raúl95,KEKW
DKK Brøgz,DKK
Hogriiiider,EUW
Lamine Yamal,Hadrx
Zireael,2967
Nateau,2107
Dr0mex,EUW
Tempest,TSU
Revan,1541
Chhabi,2447
GentleNam,EUW
Arashi,AUM0
Briefeld007,EUW
Katon,SNE
SHEN R EXISTS,XDD
Dzansin,EUW
After Story,Aespa
clomnxx,wipe
Capercaillie01,EUW
MrPigkiller,EUW
BestxXRivenXxEUW,EUW
Lunarya,Bunny
hayatboktan,zort
LondonViper,666
Blind Ganks,EUW
PokiNOOB,1234
BluffyOP,EUW
Tom pls,EUW
Master Bator,HOFLS
motjaaa,00000
gentil forestier,jdid
ridjy,0000
Blackfurn,Nub
MAO TIGER,WSS
Aphophis,EUW
Triloxyy,EUW
Tang Longwang,POOH
Thegcaza,EUW
Kaeoky,EUWG2
THECHEMALC,EUW
adamm 09,SEJ
Brisingr23,EUW
Sir Leywin,EUW
TimeBreakerRohan,EUW
fizzwithoutrizz,EUW
Goth Girl,U w U
Time to Roam,EUW
SkodX,EUW
一枝唇戒德瑟 烂,中单哈士奇
Ryuk,EUWW
Andi Schlüpfer,EUW
Care splitpush,EUW
MNRM RORO,MNRM
TheRealMikeTV,EUW
188cm90kg19cm,3131
f0rzent,STX07
Val Mid,0001
Shmeon,Shme
Amixem,RDBOX
Roi Seguryyy,EUW
Mataroe,EUW
Biblenexus,EUW
CitizenAH,EUW
Konaern,EUW
TaliyahUltsUSA,EUW
Orcbolg,000
Zoulouph,GOAAT
Shiro Nguyen,EUW
Kenal,EUW
KingofBlup,EUW
CHAØS9,1917
Fikibom JWY,EUW
Nefarian Serpine,EUW
xìng yùn,1234
MaNiNii,0000
tea,46548
Urek Mazino,kzy
xPonZe,eee
juankur,EUW
VR4N4,EUW
Mitt smör stulet,EUW
FreshKiller1,EUW
عموري,JED
Tank,KAUNO
god of wars6,EUW
OG Marlos,EUW
TWTV DerNopi,win
onverslaanbaard,EUW
Zoerrita,EUW
chall,arc
Mystras,Myst
Chemera,9553
X CHETI365,RICH
see no hope,gloom
trapalol,EUW
NoTitsMoreCrits,QAZ38
D4stroy,EUW
draco23333,EUW
Dispossession,Kainé
Skiler,WORLD
Captain 5obza Oo,EUW
FNC Arrow ,EUW
Finety,EUW
Tazzuh,EUW
xddyuki,LINA
Epok Freeze,222
Konpondu,EUW
james dark,EURO
Nobitå Nobi,EUW
mal wieder lost,EUW
asciettarolo,EUW
LINK,PMU
leah halton,mcu
capcloser,6510
LuigiWC,EUW
Dieter Bowlen,EUW
lettuceawd,EUW
Ashdown,EUW
karimlejardinier,EUW
GOOßA,EUW
Futeyy2,EUW
Bubbles,PPGEU
whathehelly,euwq
SKT Garry,EUW
JJBomber,EUW
RasmusCro,EUW
Pegasø,WINGS
MarcelDerTürke,Törke
AFW siklas,EUW
Garen03,EUW
Derrick Rose,678
Meerkat Knight,EUW
GüIücük,sprt
ZeusZekaZoinker,ZIG
Myth,0101
Zougloudance,Vel
Valentin Bontus,Kite
Solana300,Trust
Taich1,Panda
BTY Naysi,EUW
pazune,EUW
Ichiko Aoba,Queen
Vale001,Vale
Schado,EU1
ADC,CBA
Bjerekt,EUW
Kehotu,EUW
7993,EUW
Beta WorldLine ,EUW
moya,ff20
Ghost,OBG
JeanLucLapomme,POMME
Rhymar,Aug
Dezkos,EUW
Shakér 2,EUW
2093,EUW
rumble is kappa,EUW
Amph1trite,0707
Yedda Houston,EUW
CAPYBARATIO,EUW
GYP,GYP99
Phalanx,aegis
Prinzen Olle,45631
Nowy17,EUW
Griffith,LVLD
nelaf2,EUW
oSNT,EUW
CLARK,1EUW
OniiYaz,EUW
Antidote,DYWBM
Dialgara,2109
ChristopherNolan,TOI
The Grey Man,EUW
Karatekamc,EUW
Baslokia,EUW
NIKOLEX,GRE
Panj,kuk
Gabor101,EUW
kekskuchen222,EUW
millzy,lol
Dovru,Kill
Lokalika,EUW
xXElectrobeatXx,EUW
Idontremember,EUW
Kadeshiii,EUW
doug,PDOUG
Aleex,6857
cyrilmans,EUW
Ånshan,3490
Drimzu,EUW
LE BÔ JE,PFF
KΛLΞHax,0104
BagietsonMichael,ESZ
Dawn,AAAA
Megekko,EUW
Fraise bois,EUW
Dane1,ΕUW
행복한박치기,Rin
Marc Ornstein,EUW
Milopti,EUW
l miss her,Hope
Orthros,RAB
DL Freddy,v9R
Oblivion,Betto
Steinx9,EUW
VForzy,EUW
uras56,panza
iboT,8529
EIusive,EUW
Smough,DGR
AndrewCOD80,TROLL
Expeditif,001
Muruky,Murky
SDE Switch,EUW
Cusp,gendr
Report4saying BG,AA26
Poes,meoww
Kalamahri,EUW
Dr Pepper,EUW15
R Woofer,EUW
AyoCoinFlipCheck,BAD
xXEliminatorXx,xddd
aken whiterose 빈,00137
BOT GAP OUUUUUUU,TOP1
MID STOP FEEDING,EUW
max3079,EUW
emsx07,emre
P1a9s1c0al,ARW
Martin Ødegaard,aeron
HelloKittyMahmut,XXX
SΔVIΘΓ,2001
Yassine03,Yass
white mustanq,EUW
G2N Michel,G2N
DiabloBast,EUW
jkjkjkjkjkjkj,Licht
Noahtjuhh,EUW
Notrightinhead,ellu
Amâra,EUW
熱異常,peak
rycerznakoniu69,666
antiflo,EUW
Chief Keef,ETAGG
HMB adi,JNG
unLucky,cwot
Spike,2707
Dhaedraa,EUW
Gubinak,BRO
Flojο,EUW
Teshi,sand
VHZ Froppan,1337
Pharus,EUW
Huseî,EUW
Dovahcake1,EUW
schockverliebt,十十十
lyxoR,77777
Sawh,EUW
TeemoMcButtercup,EUW
鲁贝恶魔,CSO
Big Mara Ippo,yuh
Démon Marrant,Jands
postpucio,0069
F0r3stGuy,EUW
Cash flow wizard,EUW
Hännës,JNXD
Tydrain,1905
Ataraxie,Calme
SakIas,EUW
Pyrasux,EUWFR
nightkiler77320,EUW
Guadadou,PROUT
Laxraey,EUW
flitzi77,Pyke
이쿠오 칼날 여신,01001
D Mighty Petsson,EUW
HonorMeWithHead,EUW
Ttoastty,Grrr
GambasMan,EUW
eldaniel321,EUW
Bubensahne,5345
BlazteursOP,EUW
Luckyfriday,EUW
buttermlich ,EUW
NOAH1111,EUW
Ryan,ADC
victor10mar,EUW
Cupra 6L,Dudu
ShaComing Out,EUW
LittleBrotherOfE,EUW
Tourment Obscur,DARK
Noble Poker,EUW
Siuhjin,DKNL
TheDester,ADC
Hexeria,EUW
Taste my Laser,Lux
Ùff,EUW
BleKz,DFG
Łuster Šøldier,EUW
MrHB1804,EUW
Mr 2 Bonclay,mugi
OTP REFORMED,EUW
xxDFATGUYDxx,EUW
SupremeVyperV2,EUW
Eak2019,EUW
Werpel,2HG
HP Envy 5530,Print
Zebelius,Chex
JUJUteuse,Cjuju
Pig Muffin,EUW
SpeedMeUp,9155
Schokoauto,EUW
Allié 1,POE
Titaboy,EUW
Errado,DILEI
Riekar,EUW
PÔLE LE FOU XD,PLFXD
Vareion,EUW
IM ON THE LIST,EPSTN
crazy for omeya,lovy
Ephilias,HIHI
無我夢中 阿鼻叫喚 支難滅裂,지옥변
Dukkha,Truth
Cosplay Pipounet,EUW
Caro,2547
Feior,EUW
DontReadThisPls,EUW
LonesomeBackpack,EUW
eliastopboss,ETB
NeverShower,Meow
Tortaken,pog
Vander,6748
vKiddinq,EUW
MIDLANE YETI,BALL
GalaHad15,EUW
Général Radaahn,RADAN
OLP PepZedz,MCU
Laskii,Laski
Uzi,dari
Ushuala,dofus
matiaslacasse,971
Jazzy Bazz,la 22
isaku,pog
Spirgius,EUW
Brink00,4015
Pulverize,Meow
Άννα Κόντη,ΣΩΤΑ
Dreamvibe,7306
Isa,lmeo
dessc,depor
demi fiend,0000
Feather В1tch,Amy
BalamI ,EUW
Kenshii,MELI
Frelas,EUW
Xeí,EUW
Cosmox,8888
Romssssssssss,EUW
Bouillé Dino,EUW
Musasshi,EUW
horny green eyes,BOY
LR  Fang,무적자
Wolf,Taken
Radiohead,CH75
mavrik,EUW
MidW,EUW
Rayzorac,EUW
XO TheWeeknd,EUW
Ridickk ,EUW
Talvi,Bel
KRIS DREEMURR,333
OFFICER K,아이고
Il pleut,Talon
OldWiseWølf,EUW
WilliamCR7,rolls
SERANO TRES SALÉ,JOANN
Edward Baldwin,JUKU
RadSport Rudi,EUW
KayleSuppNoTroll,1055
XTreeRexX,Tree
MusicBox,Kana
Somb,Simb
urf is fun,EUW
Leblanc,1744
MegafoS,EUW
xxGaylordxx,EUW
Ozunα,EUW
Hi Im Soe,EUW
Bjørn,EUW69
luis,7207
Prioridades,HIKA
GROSGRAS,oui
Kreuzritter Kurt,EUW
Mistery,0000
Bodhi K,EUW
Ward4Nothing,TROLL
Scarab,PTP
the postman,RTFM
Whiskey McFumble,1337
Trighur,ZEUB
Lofibeatstofeed9,EUW
Levtan,999
Krähe,mauer
Luciano in Miami,EUW
深情の机长,起飞中断
RD Aura,Kenfi
Eraisee,EUW
SmolSemiticNose,OROM
Eren,GER
Radler Raphael,EUW
LittleVoidBeast,ILU4E
Paranoyaque,MVP
SuperMalveillant,EUW
2Glaceon2,EUW
DieSeLntm,EUW
Booki,Boi
timi75,EUW
Dr Atomik,Moi
weakside sion,Sau
Tchoupaxito,2509
AGmafa,EUW
Focus,Zoe
SKIPI LÉGARÉ,DEMON
Silvan,S14
Bero,snus
TitoTheBigPoro28,3575
good girl,ily
Bel Bug,EUW
Nezek,DRZ
Raze,KEBAB
Souldannyx,EUW
Beeks,GOD
DàMir aZe,EUW
HelpSanjiLovesMe,なみさん
Weakside,2999
hatred,anto
BIG DADDY X,S3XY
J0yBOy666,EUW
Skaarlito,binks
deviljho69,EUW
Bellum,122
Michelprofond,EUW
Tristanhaver,EUW
KMS Cinder,SUPP
Munkad,EUW
LooksLikeDuck,Quack
Hero of Legends,EUW
DIVA,ambi
cityboys,0000
The Tyrone,EUW
Mickey Mouse,Rank1
ahmaddimo,EUW
Maneki,EUW
Nope,9977
Baako,047
Donkhi,EUW
Lil FentanyI,EUW
nazo ga tokete,yuku
lolencio16,EUW
Teddy Twitch ,EUW
Trahz,EUW
UltimateShadow,374
duhn123,EUW
MultiInSide,EUW
Titimous,Titi
Zzwip,SAUCE
ninkazie,EUW
200yearsjoachim,1337
kakatsuki crotte,6767
étagère motorisé,EUW
我们不会再见了,25424
Beezy,Bober
PDA Wolfy,Woof
jauqui,EUW
kwôM,EUW
NikNakzZ,AKALI
skarmol,EUW
N1KLURSSAF,6698
Ramsus,1312
Chogyur Lingpa ,EUW
Hacksaw Gaming,SLOTS
crashout,LOSEQ
xiaofuge,EUW
BB N1L8,FNC
SLY Mini,EUW
Renata Gap,Glasc
Sparxie,Chip
LENJ0,LENJO
Marcel der 1,EUW
Anonymouskiller9,2009
Alec001,EUW
Juckthartnicht,187
Lonser,EUW
Nicolas,28070
Faker en adsl,EUW
jujjer,0625
Rosa 4 win,ROSA
000111,十十十
Bentauer,EUW
3XA WANNABE,REAL
Pinuccia,7587
Monk of Lützerat,MONK
Erme,EUW
Victor,Oui
Nagi,Furbo
Ibou Konaté,EUW
SPRGHTI,EUW
AP JokeBox,Shaco
Ice,diffd
DerExpatiento,EUW
Jhindu,EUW
梦里说想你,YOYO
Bougouri,EUWE
H17,EUW
JBSuper BIG,EUW
Lupercal2,EUW
chokma,EUW
Jaysa,TUN
AllCreed,1337
IlluminatiMember,EUW
Tsaanewish,1744
bendikl,0070
Tsaanewish,1744
bendikl,0070
BIG BAD WOLF,MEGA
Jp745,EUW
geranimo10,EUW
foxtrotmac3,EUW
Kaka Sans Thé,oui
SNE Dexme,47623
FXCKTEBAS69,BALD
Cebr,2211
kaynon,kayn
Divine Emperor,EUW
Gerch85,EUW
STOP KITE ME,EUW
Angelito,2312
Castane,AUT
IME TRAFFICANTE,EUW
Cloomba,EUW
XxSamu11xX,EUW
MautzGenau,EUW
Wistobox,EUW
Pigeon Reformed,EUW
SimonzeMK,EUW
RekklesSon,SukIT
CoachMagne,Børn
Drscrew,EUW
rokemiau,EUW
Dopa,FRAUD
untouched,2324
Jubiko,cool
Jonhy,1001
zeus0109,EUW
JLKA0S,EUW
DM Arven11,EUW
BT Kyuzo,EUW
Paleelo,gulp
BarryTheBaron,EUW
holopeko,6661
TrYsIx7,777
Cheire,Hurt
NOTHlNG HAPPENED,E377
thomasbunds,EUW
VΣNÐξTTÃ,EUW
Aukoru,FDC
LPG,fill
Son of Ragnar,EUW
BOM L3MON,LEMON
BDB NoFace,BDB
Ubër Bagarre,EUW
mosquitom,DRIP
tagachi2000,EUW
laitmaternel,lait
lapo,jung
Lantern is Lava,SMTx
Oraph,06520
DerMichi7,EUW
L Marex,SADGE
DDT HARRYMAGUIRE,EUW
fut pl1 2 kk,KAKA
Karl,Karl
Dr Weakside,PHD
Scampacho,G4ZA
Kaktusguden,EUW
Carry moi senpai,EUW
KrazyBroSammy,EUW
误伤人名,6565
Rexfleuch,EUW
Torbulent,EUW
Raηia ,EUW
Sukui,2904
啵啵西uvu,Yus7
Abu Cheesecake,Essen
smgma,420
kulturkuruke,EUW
Azitorr,EUW
ataraxie,333
W K,IAMWK
VaPorTiChaval,FN1KA
AoE Surplouf,PEGG
GodLaw,EUW
Venus,hmm
Couleur Verte,KuuRn
MT1 Jola27,MT1
Valió la pena,EUW
Hazeschaden,69420
lone wolf,sunk
qwen3 max,QWEN
RobertoECabrera,EUW
Goredrinker Cat,EUW
Tirànioss,EUW
King Kong glizzy,02003
TheFrozenRocky,EUW
FaKeSsGoD,EUW
subzero73013rus,EUW
Wienscher Gnar,wien
kindmister,6068
KG FENIXRED,EUW
Eveur,777
Jhons,Jhin
chuchoxs,EUW
Dr Doom,bot
DomiXGamer,EUW
CannotGankSry,3681
Sakura,ITZYx
Moon,SZQ
BRRRR UZI,EUW
Souf,14cm
The Choosen ADC,EUW
Ruliosz,2003
Suseri,1997
MonsterRib,EUW
Stuffed,8941
NoPhilter,EUW
Phlegyàs,EUW
CryFlare,EUW
NEBUR AS,EUW
Alexandre Hakim,2007
Jack Frost,Jinx
Lord Pote,EUW
教授流れ,EUWW
Danny Womack,EUW
Eslah,7087
HomeIαnder,EUW
OniBakuLeo,777
FUNGLE J1ZZ,SPAT
Jon,fors
A Wild Franck,EUW
Chocoflakes,CHOKO
conoceaunamorsa,EUW
FaMouZSkillZ,EUW
Sμgμrμ,EUW
KingOfVolibear,EUW
AdraNn,EUW
bane0,EUW
DarnedUrchin,XDLOL
Raiden Shogun,6770
SxE Ryu v2,EUW
Ðąddý,EUW
공포에 물린,5662
Witchblades,999
Klaus Mikaelson,997
dano553,EUW
ˆ dita,EUW
cherry,كرز
Pop Smoke,W2O
XxDarkinBladexX,EUW
Satoru Gojo,ZR00
nipnip,sera
Nacho,ochaN
MattShawｼ,TSC
Threshy Boy,GOD
Zute x Storm,EUW
WAOF SpyNight,WAOF
Finn,0004
Oghma Infinium,Oghma
Shxinxrai,GLHF
Rambo Enjoyer,EUW
bakidie,EUW
Scalsen,MID
Ceryto,EUW
kifeur2piéultime,miam
Milionaire,CHF
kork1d,korkd
Julius,KLR
kaschok,EUW
PD Reti,EUW
joheeeen,bomb
Ponna,EUW
TheOne St,EUW
DuaLipaFan33,DuaL
CHOMPER,ICE
eldaniel213,EUW
xby,0001
MN33,FNÜF
파괴하다,103
senkuu,999
Salex mineralex,RACIS
WZbØy,EUW
Votez JuanBranco,2027
Nerøø,Kong
ZEN Headshot,29her
Phσεnixx,1234
silent psalm,KR0
Idrix,EUW
Rule Nr 1,EUD
EB Basus,EUW
Laubklinge,YTL
Discipline,9999
INFLATED ROLE,MKOI
Le Arthé,arte
XxStaticPlayerxX,EUW
Gucci Flexer,EUW48
KeNNetic,1337
Tanu,EUW
cIem,001
Masakaa,EUW
Lightnings28,EUW
Bosk,EUW12
Camtonoo,TW3TN
Wargenn404,Bard
Barefoot Bandit,EUW
Nuokii,0202
JLopes02,EUW
1Chacal2Shacos,EUW
Pixel,Aspct
TurtleSmoke,STP
Au max rebo,EUW
LunarEmma,uwu
Dickson,WOW
Cass la démarche,7806
Squeekyweezy,2147
Max Power,742
Zzuke,EUW
Sage Emperor,EUW
Yanaro,EUW
Freaking ShaDow,EUW
ShοοLow,922
Yahya,0073
HOKKAIDO,1998
Sp3rm Donor,zaddy
Mitsuhą Miyamizu,J 520
AlmightyDvck,69696
Mumintrollet,1804
FvdGaming,BBC
BumBumYrMum,404
Romomo,EUW
iTech2011,EUW
Leobacolo,EUW
Dãrk,TM2
Nova 999,EUW
pariomindo,jgl
LeGardeChampêtre,SHREK
Dr Dunker,EUW
Decentyoungman,EUW
El squiisii,EUW
ThePinkCherry,0000
Layckaw,EUW
LanternTheMeep,SOULS
Wurzelortskurve,EUW
ARK Zef,emiel
NalinkS,EUW
Shaλ,EUW
escoX,Soria
Aceitol,EUW
Poulpe Enrhumé,667
white mustang,3074
MILKMAN,ahhhh
Sacha,2918
VladiMid Pùtin,EUW
Grigold,9895
ImproveDontAbuse,1843
fylletommy,EUW
Xaytheos,6969
Balrôgg,123
givememynameback,6955
Laxen,EZ LP
Iuger,EUW
Blackhero1,EUW
Stup CR,EUW
Brais,144
darkinsoul,Otsu
Khun Edahn,0000
被强煎的蛋,0106
Pichulón 3nojado,2351
UnityPilon,EUW
Potote,Sui
Decay0,EUW
Penetrasion,EUW
The Red Devil,CR7
Teobalthor,EUW
Motiv8ed,EUW
Cry me a riven,1996
helyi hülye,local
Moonlight Sonata,Viper
NICE,ASHU
BaBard,UwU
RUMBLETOPKING,EUW7
sleeping Drizzel,EUW
ALEJOP,OwO
Anivius,anivi
Artayn,ITA
IchBackDeinBrot,EUW
Quatre Bales,4444
admomo,EUW
Ni Oui,NiNi
Kitando,EUW
HynFao,EUW
Maghrébin,Arabe
Bob Saget,R1990
John MacTavish,DKWIN
Dingodile,kobo
Calcifer Diesel,EUW
Paum Dapy,EUW
Burned Duck,EUW
BENGOUZ69,111
FEET3638EUDM,BARE
Twiist,xdd
pharao,1111
Sunless,6667
Nanachi,0458
AngelR87,EUW
MrBonBasti,JoMo
WWG Beluga,DMG
froçegro,NEGRI
Aledice,MAMMT
Xxheld11,EUW
Oxiden,1444
Mirae,proof
daneezy,anna
sumo de maçã,wtf
Clodowood,EUW
OzkuPr0,EUW
Faulty,flaw
ZuluPang,667
Chefasu,Chef
Igrid,mama
Kεłdå,EUW
Hiroyuki,nZk
Reazzy,SMILE
jacobousted3,KATJB
Pipit,Potet
Selena Golem,GOLEM
Bush,LGP
Perro Sanchez,MGP
Julgrim,3160
LÔSERSQUEUE,EUW
Abacus3,3773
Polvo,TFT
Haxx,111
Poutre Réprimée,caché
ROI DES GOLEMS,CRACK
Mike Chisowda,EUW
Skew,369
Jens73,zzz
Quyen,EUW
Zokayn,2004
Lurian4,EUW
gruntori,EUW
Negan,Nys
champagne poetry,aaaaa
Flashhyyy,SEX66
CRG Jadiss,ROBOT
ReyReyker,EUW
Colsen,EUW
MoufyFTW,EUW
Farmez,0810S
Lukas,Frede
AME Aomine,AME
Emanuel Cµnt,EUW
MaxiRat,EUW
bucu27,673
Hiiroee,EUW
mMarlon,EUW
MCU Candy,21SVG
orb of dreamers,sleep
Lionel Μessi,GOAT
Carcharodon,00000
RealAmongUs,EUW
Fluc0,011
DaTrace,EUW
WisWis,EUW
XIX,Yasuo
Simpa,FREAK
Nounoutte,EUW
Don Almendro,DON
Asagoro,TOP
Tim Shady,EUW
Czuczak,EUW
Smirglpapir,123
gααpシ,euw12
Turpasauna,HÖH
LucXLegend,EUW
Paulyeah,EUW
CRUNK,PIPOU
Spanish04,EUW
Jotaro Kujo,arcan
X0000181,EUW
Gete,1337
Enisise,EUW
DownwindCorgi,EUW
going lethal,EUWXD
Paresz17,4569
Mugen Tsukuyomi,UCH
bai si yyds,EUW
ME Rainbow,GOAT
Lagolinas,0000
Ztregg,EUW
Luntear,EUW
Kurilius,ESP
YodaBadger,EUW
Desu V2,EUW
Stumpyakx7,kayle
Corgi,meow
ShiniGlow,EUW
Delarian,EUW
Dolch,boss1
Sofiplop,EUW
Kenpachi,212
guitoox,EUW
Erisu,EUW
Erisu,EUW
starboy,kobi
Azjix,EUW
Im a simple man,EUW
ItsPwner,EUW
stevenabootman,EUW
미드킹,4587
Shy,1184
Derpy 0,EUW
xVulpini,EUW
Nyflow,EUW
WeNeedMoreDawgs,DLow
TiFi16,PDJS
KippenSchmuggler,1222
Ixx Sombre,EUW
Trash gamer,EUW
Pannakaka Egg,EUW
ubij me te molam,EUW
GONVICWILL,EUW
SDY,EUW
Praedor,EUW
Kha6pack enjoyer,Tweek
DFREDPLACE11,EUW
settem,EUW
T B,GGP
ZSA,EUW
GolemDeCoeur,GOLEM
RTT Jenicks,EUW
Zac,1111
DANISART,EUW
Macshy,EUW
DEMACIAN NOMAD,HMD
Brohax,EUW
Chibrax Maximax,CHIBR
Golden Knight3,EUW
Dallas,Jinx
notal,talon
Shailand,Shai
Taawitch,EUW
Grönbuff,000
NotCat,EUW
CPE DormeurDuVal,EUW
TheÜffel,EUWW
jean michelle,EUW
Darbon jr,EUW
Haïtys,0903
PhoenixblueZ,Daddy
Bruce,EUWWW
FIoriab,EUW
ICP,6556
Tirant Leblanc,1012
garbaww,cook
Gwendo,NQNT
PoliteImposter,KUK
Harunimo,EUW
employé triste,taff
Staccato,SCAT
GiIIette Celo,EUW
PANIK,430
Timonsko Gaming ,EUW
Invaded by Kirk,HAHA
Red Panda,EIRE
Papá Stephen,EUW
Kerschi17,0017
ZEN Sicario,0999
XIDIR,226
Baumshaker,000
Σndstation,LΣC
Rodrigue Dìaz,EUW
Tetoncillo dono,EUW
ibte,BITE
坦坦巴拉,可愛的水豚
Shenas,EUW
WP Faun,3866
LeartAshireb,000
Dexteria,6666
Lillehovding,1111
Mashle 2,CHOUX
Uruma Shun,ASD
SINGEMONGOL,EUW
8m1le,EUW
Damarros,ZOBAL
STIIXS,EUW
BALD AND BUFF,201
Fal0M1r,EUW
Kr0ba,EUW
uwubynio,EUW
ByWyy,EUW
X on you,KR123
Funkez,EUW
Thermal Sights,EUW
Sismo,EUW
kezo,HÄT
Teeeto,EUW
Curvus Credence,zero
ZhuFatBB,CHAMP
Tindesco,EUW
El Perrito,DOG
BlackP0wer,EUW
Mister Destiny,EUW
tempbbnbwovvonqq,EUW
Slatarou,DxD
bengelato,EUW
Aking,ONTOP
Kuerious,EUW
FUNKLYON69LATRIK,6699
BRL MaxouTigrou,BELGE
Claymore 47,最勇敢的人
KøsTas,EUW
NaiR0ddd,8350
Lobbad,RANCH
Pavaj,XDD
Gwynbleidd,6800
Sajinn,CHAT
Golden Hour,chill
Kix,IDK
Papua Goodenough,EUW
MEGA Ardilla,Ardi
Honorable Xantø,EUW
portuguais83,EUW
bamseeen,EUW
Fisted,666
Aranel,66400
You are amazing,9517
Absyy,Angel
Skor,CNCR
GRRRR PAW,Guma
Reckoning Fate,EUW
Damatrixqt,EUW
TheInvincible,0001
A Falling Leaf,xTKAx
Grufter,EUW
Abel,1909
Aliz,EUW
THEoignon,EUW
lNatsu niil,EUW
DG ShadowOfEvil,EUW
6 7 misoboss,kissa
Mogu Mogu,Jakoo
mickiboi1,EUW
Moemen,EUW
Soviet Clown,EUW
S7Léroy,EUW
ChickenKlatsch,TTV
Spriterinho,ZIZOU
Mhiriga,TFT
Tiara,0000
Indulgee,Pain
Dr Saw,EUW
KZL,Gay
TenTaC00L,EUW
Modo Ragnarok,EUW
gas expensive af,916
tournitsUwU,EUW
saider234,1637
Zayn,3131
DeghSama,Degh
Lean 十,Axis
Exasperated,EUW
Aatrox Prime,IMYIS
Smiling Gremlin,EUW
TOP OMEGA CANYON,YWTDE
Neres,NRS
Dazeery,EUW
Urek Mazino,JDA
cseugnmsl,520
Minato Aqua,EUW
wahtzz,TNU
Turkish Quandale,Dingl
Bush,PMB
gat1,0000
why u so dumb,1337
Icgilul,EUW
Kazoku Gankyõ,EUW
아크즈 왕,akz
dj X dEstroYerZz,EUW
Skere,EUW
GigaChad,CHA4D
Żero Impact,QQ ﾂ
LΣNNY,EUW
TherrorPommes,TPs
Gianluca Vialli,NTNUI
Ikamaya,EUW
FouFurtif,EUW
Wicked Asp,EUW
Keki99,EUW
Vider son Zac,EUW
Mårdhunden,Mård
CCP AgentWillump,ZeroA
Weakside Is Hell,EUW
Luffy,OP97
amber,tight
soirée catacombe,PROUT
Vegeta,2026
INT Gumayusi,MVP
Jacke makupala,EUW
KO The Mayo,EUW
Marksman JD,EUW
sehr dum v2,EUW
fading moonlight,hdL
fading moonlight,hdL
Ramadowingus,EUW
OnionTree,EUW
Pecör,EUW
spjarn,EUW
PRM Bhresh,Team7
Lucykko,EUW
Marsupilamii,EUW
enricfh,112
Leafs Purpose,Pstne
Gateausec,Kekw
Hαφtεr,Lover
Mute Focus Win,EUW
KING Lover Monty,1337
ECF Tee Tiger,EUW
skibidi mini0n,lice
Maîn thresh,6346
TurkishEren,EUW
Bloedmaan,1092
I Auken I,EUW
0neWhoKnocks,EUW
SIGMA GAMING,soon
wiggys,EUW
Fields of Verdun,7734
Hellxus,URGOT
Shinoa,7301
ZTA Natsu,Bootz
19Hz infrasound,Toph
ArdentCrown,MID
Girri23,3400
骂我等于调情,别骂惹
Queenzilla67,hunk
Remox,EUW
Ana de TargArmas,CHIER
Tarquin,diff
BT TurboINT,EUW
Krantt,3PEAT
HighFürDrei,42O
Influentik,EUW
Iroh,Drake
ssay,GYATT
BeeruQs,Sama
WhiskyFace,EUW
Unklelose,EUW
UwU Dumb S16 UwU,UWU
meowmeowmeow,7776
darksrum,EUW
ZZG JoKozz,SARAT
LGslave,EUW
Sesmicius Jr,X10
Smoppy,EUW
zébre enchanté,PVO
kenjo50,EUW
Gaster Mabzer,EUW
Vazy,CAIT
Spushii,8998
Tidus,5577
Limequat,TAG
ParhamMasternoob,EUW
Agung,EUW
Chryséléphantin,ffej
Menoserich,EUW
Usek,123
Fozzy,001
Bobý,974
Blitzcrank BZ982,3148
DD 울트라게이보이 사스,DARK
235,Rango
Epsi,rsk
Maliketh,DOG
Tegdrath,EUW
Martinx,EUW
LeNicow,SWAIN
Magzor,EUW
dasfasdgfs,spain
Aishiteru,8935
Big Pipe,8469
Boromir1,AZT
Ebeezuk,EUW
Valydni,OLD
Buoya,Ehop
xauberdave,dlmd
Kisutin,puss
isufr,000
Zyzz Never ff,EUW
Witch,Sama
Stinna,Final
All Hail Tigo,TOP
Alvaritus,EUW
Chime Man,BRAD
PsychonautPT,PSY
Zed auf ehre,EUW
RainyGnu,EUW2
Firex,1111
LePanda,SUPP
Quavo,pew
Haerin,Green
Ramziune,999
pet,야옹이
Sitt Ner I Båten,EUW
Sitt Ner I Båten,EUW
Cursed LeetoH,KIFF
Bardinho,0815
xusobru1,EUW
AMBiT1ous,BNSLB
Rxby,369
dadda11,EUW
Ron,24124
WeedosoPeligroso,GLOG
EagleX,Jinx
Schockstorm,EUW
Adam Grey,213
Ze9 Brotröster,DULLI
Tuig0n,5322
SHKRM,123
ICE,EGØ
T1 Shùn,SKT1
Shôkakû,kuku
Hube,EUW
Hyil,EUW
YΞSΞH,EUW
Astikhel31,8731
Koprann,EUW
Nexumbra,1706
God Bunny,Titì
Jacques Attalii,EUW
VoV Yannzo,EUW
Dit Verse,CHNO
King Branco,booty
Soundmaker,EUW
Relic,zzzzz
iTranZit,EUW
Styrak,EUW
SYN Tempest,EUW
Plz dont cough,EUW
Juice,3516
YagoForTheWin,EUW
cataclzm,TTV
ShadowLink,404
megashield,EUW
neptunyo,okay
notvadeal,1826
DreKt,EUW
CANI CACHIMBERO,EUW
LastBait,EUW
Young Gooda,EUW
No name sorry,EUW
HOPE,SPOAR
Galipan,EUW
Deims225,225
Trizzy,Mizzy
Ssgc Reddawn,EUW
Made reformed,NEW
MorenOZ,EUW
ad 44,4444
Silmae,KURO
Seiysen,4444
idontknowlad,LVP
MeKkozZ,EUW
Itekai,EUW
Jan Plan,jan
martin1337,EUW
Carina DahI,EUW
Manipulatorn,OPE
SYZAI,EUW
Greedy AggreSion,EUW
Just a Mango,EUW
Azog47,EUW
Zara Larsson,5761
Nuky,7777
goblin,999
serARNIne,sera
UIC Ryu Copeland,117
Jamie Hayter,0007
LAINE BOUILLIE,TITI
ThreshKayn,EUW
Nep,AWAY
Thalassophobia,PIDI
Eternya,EUW
Miad,EUW
Onigawara,EUW
OneShotPaddy,EUW
Rampiece,999
iknowreyven,EUW
SJ Hiken,EUW
Grisou,EUW
Xtruzzer,3959
XANNYSPOPPEN,LIT
MIH ArmaTruc,EU1
Maestro1,EUW
Taddesse,86578
DMNX xGogui,RHC
N1VEK,1603
Barter 6,1ST
MPJx,EUW
BONJOUR L AMI,happy
TurboTobi,EUW
O Pónei,EUW
eDS VoDKA,EUW
jaakoppi,1234
YeeYee Milkshake,EUW
Prince Omar,EUW
PartyKiwi,EUW
Suhrken,EUW
0dem,EUW
CarteSabre,Miaou
Squet,SKBD
chronobound,123
Puro Show,EUW
a7Brainlead,EUW
Polybe,MPLDS
Cyial,RIVEN
Errors,6698
Gotsu,0000
CV Vera,L11
Lynnch42,LOLXD
Ransacker,EUW
Cold Habor,SEVER
Pastel Princess,Cded
Cinkrof,sad
SmurfiusExtremus,000
Tony,0161
Pantacour leLong,EUW
SurvivalTruthan,EUW
xbetax3,109
Hakari,IMO
ElYoyiGap,leche
Dz Eroz,EUW
YarenoTV,GORAN
MindBl0wn,EUW
Lil Stud,EUW
JA42004,914
Aqua,RNG
bmlnZ2Vy,1234
C9 H13 NO3,EUW
Umbrella,YBL
Coach Dyemon,PRO
Quincy1337,EUW
QuiteAnArrow,EUW
Babjussa,EUW
tigerthetiger,EUW
s4letsgo,EUW
JumpingDuck,EUW
Haskør,QTV
Načatá Baculka,EUW
UnGu Roktar,EUW
Durag Don,EUW
MrK1ngKong,EUW
874216931535,001
Llorenç,2003
CMYK,5353
Lawliet,lawww
Natmad1,SHARP
xSuits,EUW
Madriarch,EUW
benjeminh26,EUW
Kazubbel,EUW
Drakon,Jax
GinpachiSen,EUW
Manutri,FGC
Ill King Meeps,EUW
derbman3,EUW
Frinto,EUW
Jhin Tonic,JOT
Frog Curry,EUW
Trivela,LEO
Pocas Prisas,EUW
Patrick Balkany,UMP
yxXMPCXxy,EUW
Cheemaster,EUW
YVL,OPBC
Harry,CX5
3764518495267421,64518
MF Irdian,MFM
KNBdaaS,44P
RenauIt TWlNG0,3010
Fleet,ADC
Reasey,FF15
pdxsn,EUW
Ung Hertug,Ung
Deland,Kung
Shalash,3mk
Bronze Fish,2143
Cyrkonspey,EUW
Guts,NoFF
Akinx,OTP
DolleDraak,MIAUW
MyNameIsBanana,EUW
Hærmès,EUW
Corvus,SRPNT
PBE Challenger,EUW
BunnyJack,EUW
Jocoolio,EUW
iRazer,EUW
ZlNEDINE ZILEAN,EUW
Dagger,01999
Phimeriel,EUW
Sicario,下路技艺
Nuarix,EUW
MoreGaga,EUW
MoreGaga,EUW
chopper lover,EUW
JeIte,EUW
Wellan MaBit,EUW
Hyrion,KFC
napo,napο
FakeDantes,schiz
DK Atiiwan,XX69
tipje1,EUW
etarrilla,bobo
UrLilSodaPop,SODA
Gabichad,EUW
KittyCatKatarina,RKS
Foute Dakdekker,EUW
Atliax,EUW
Tomas104,0104
Yuxuan,细水长流
Artiunas,EUW
Infinting,EUW
AuraMøller,ZEM
Never Alone,Voice
phinks,3372
Cut by Feathers,green
Adopt a support,IVAN
Freegax,00000
chalamist,EUW
dri dri,lol
xteck,EUW
Beerg,EUW
Crudent,EUW
Rivan,XXX
Petit Chenapan,EUW
Shiba Inu Shiny,TCG
hannibal leckter,EUW
ED Darius,Frogy
Pixet,123
I am Pizzy,EUW
AD NEEDS BUFF,EUW
His Furry,PUPPY
como palomas,peru
制约X誓约,2077
Schon la bagarre,EUW
Nerf Nidalee pls,EUW
Sirioth,EUW
Barrage2Castor,WOOD
lekia,6969
Rika,yes
Aband0n ship,EUW
Peelgrim,EUW
biki,jebe
IamWenca,EUW
VES Singam,001
Masiboo,EUW
N1W3,EUW
Sam the good boy,EUW
Kejila,EUW
iChuckLorys,EUW
Pisteur de Prout,Prout
C0TOMATAM0ROS,EUW
DuckFarm,Døkk
Juke Shywalker,EUW
celsïus,562
Dąddy,madiz
Chocklad Toppen,EUW
Ducz01,HEHE
MydgetTyrion,EUW
tempfamfmlowdhwv,EUW
Waty,Waty
Jarad A Higgins,LLJW
Buckette,CACA
Cyaron,YYY
La Cabra Is Back,GOAT
Yoichi,Yuki
BABTOU ENERVE,EUWW
korkid,nidel
Spalte,EUW
DIN A4 RI,Blatt
Tippology,EUW
iTaxz,EUW
HAUCH,EUW
Kongen,1234
niko9913,EUW
Noelle C6,Zalix
Razor Tempest,EUW
ISAAC DU TIRRO,000
NotSooBad,EUW
Täzeur ,EUW
Uncle Bunyip,EUW
Die Küttelpaste,EUW
1O00,EUW
FriendlyShaco,EUW
Nîmu and willump,00001
TheCane,ROE
MORTE,EUW97
Make,CALVO
DayDweller,EUW
Ukiyo,1796
Az0x,71998
CameIlia,EUW
L9 εvelynn,EUW
OMG Ace,0001
Vadrox,EUW
ARRGHHHH,ffs
The Smile Xiao,EUW
Versa AKA Aver,EUW
Empanda,EUW
SKT Solution,2717
Treadmill Rammus,Walk
r we have proble,11033
El Duran,1810
RIMA,EUW9
PPHyperion,1337
Chill,shh
The Ðarkin ßlade,EUW
NE iPuniiiCa,EUW
Laq,0410
Jeesus III,EUW
Eresiarca,EUW
spidermoney,safe
baxpro,EUW
Bibbyy,EUW
DU GAMLA DU FRIA,EUW
George W Boost,EUW
Televised Sheep,BAA
Yunfang,lol
KIKN MaMs,EUW
Kyuns,DRAW
BreakDown,007
BunnyShelby,EUW
Un Mec Zehef,EUW
Quadria,EUW
ImNaKeeD,1014
bkillerdk,EUW
bronzeforlife,EUW
Guwen,nnn
AkumaNoMi,5737
Funkγ Swanny,EUW01
Neomys,EUW
OpérationEspadon,OPT
Koqe,261
Atlas,3D2Y
JubiaLoxar,EUW
Bane,DCV
Idenshi,EUW
RavenOfDeath,Xian
Vox Populi,Vees
Azahar,쵸비く3
bossbaby,noah
Statsministern,EUW
sussy nicko,3782
yoloneseandbacon,EUW
HHaie KarpfenRIP,EUW
Boreas Moon,EVE
Agüita,EUW
Spyro00,EUW
Saito,NOR
Bozko,ANDRY
Hi I am Canteroo,EUW
la vie c dommage,2026
Jusswell,EUW
Nihiro,EUW
Got Kayle GG,Raton
ZEN Jamrobot,00000
Nick Halden,Wine
Average Human,EUW
WHERE IS JACK,EUW
Yucatan Crater,EUW
DerBade,EUW
NPC Hoi,EUW
Maiden of Irelia,Tgirl
Idc Anymore,0408
EWL Das Schwain,EUW
chrizko,1337
A Dramatic Irony,000
YOU HATE TO SEE,1337
Korsany,0101
Night Misery,EUW
Grám,1770
Agori Petalidas,SFOUG
INT qLibali,EUW
Βonke,EUW
Heismay,Sosa
Angelic Demon,WinGS
Leon Kennedy,REEV
삼림 관리인의 왕,FORET
iWa,3159
Ludzz,EUW
Rescar,EUW
Azteq34,EUW
Stampe,STICK
Platonas,EUW
Blidzy,KCORP
DENOZ,4933
VykEx,ROG
Tell Me More,SMDk
Airewin,EUW
Disfuncionalsion,XDXD
Altairox,ROBO
PolRovi,EUW
FAKE TAXI KAISA,069
FAKE TAXI KAISA,069
saliburt,EUW
Jetpet,EUW
Southside J,EUW
Dubørg,EUW
Not Ruler,KR2
Caïpiyana,Queen
2Spooky4Mo,FF15
gaksu,EUW
Raauul,EUW
Lµiz,EUW
Just Mat,Mat
Zagreus dog,EUW
Pyyrat,ASAP
Imth3l0rd,EUW
Big John TikTok,BOSH
Don Schaper,EUW
chunga changa,mda
Prosto,SNG
Zyde,DTM
JtMisEnStringUwU,aka9
Me goes brrrr,EUW
Evey For V,EUW
Mαrkus,EUW
IEnergiZz,EUW
Takemïkazuchï,EUW
Araforz,EUW
Capo Del Capi,EUW
Link,HYRU
Hupper multi 200,Fossy
Phantoms,EUW
Tales of Tayls,EUW
Gøøsi,EUW
BioBaum,EUW
Whass,EUW
Benkowaga,EUW
Wieszczka,EUW
Ojanna bin laden,TNT
Guido,Chad
Morepsol,EUW
Emp,lol
modernillo,moder
ZeroDrive,5637
Fabi,wash
OUAH Tempέst,EUW
ΡΕUGΕOT 307 CC,SNABB
Hello Kitty Girl,ill
Paxsafe,EUW
123456654,EUW
KämpfendesAlpaca,6969
R3børn,001
Pegasox,EUW
Yoll,Potal
Luki,5732
DemoneEterno,EUW
Bloo,SLAY
Squirrel,1597
JacquesLangue,BOYS
Mãfia,1212
Sanlik,EUW
EliteEidam,EUW
katare11,EUW
Bazzou,EUW
domkoppie,EUW
ナムーエール,SPACE
Lunox,AKALI
Eska,ADC
Ragnar,2K24
Theodorus101,EUW
CoMpeLLiNg,EUW
Peeri,GMBL
Chie Polata,EUW
SneakyLucker,Sniki
SchokoVernichter,EUW
AsianPower666,MVG5
SenPugs,EUW
Łund,EUW
Glivious,UWU
Müciioka,EUW
Bephepi,EUW
Djuke,1234
Faysalle II,EUW
BendoEstPasBête1,EUW
xxLuca,CET
JaLex,1997
Fr3nch Coco,EUW
Genno,EUW
BeautifuŁ,EUW
susd,EUW
mochi,BTS
Getz,EUW
MarshallGolden ,EUW
ElMape,EUW
Bandrilhante,LOL
KrashPop,EUW
Baldur,Gate3
WaffeIetten,EUW
JACKY GELIN GROS,EUW
empty eyes,108
GC Blessed,GSC
zombiemaster2323,EUW
Queen Jelly IV,EUW
honeymoon,2504
infernalex,ich
PetarN,SWE
Wait for my Ult,Ult
Veruda,EUW
RoiChokbar,EUW
untaIontiert,EUW
Sankt Draven,EUW
Fungorr,GAMER
Harvey Specter,0008
Happyp,EUW
Freds,1234
3pt,EUW
RedS4n,EUW
Porto,EUW
SireDrago,1106
Cokker98,EUW
ROOKWORST JOOST,JOOST
Petje,EUW
Catxero,EUW
BΑMSE,EUW
Matroid,grphc
Wipe,EUW
xChoMadNessx,EUW
ImABee BubbleBee,EUW
Je reste calme,CALM
ÅddyCarry,EUW
Moatjeh,EUW
Ephilitio,EUW
Charlie Naseweis,Felix
King Aklass,1v9
TPO Polix,TPO
MrDorian,EUW
Dat1Aim,EUW
CPaVersailleIci,EUW
Cramitus,BTS
CallMePangZi,EUW
Kirrmeister,EUW
Luciano Cabrera,EUW
T Kanade,EUW
AstesiceΔKairi,UwU
FXR Gonsar,EUW
swopsy,69420
Ceatry,6914
Mc Wau Wau,EUW
Tagotuga,EUW
Bête des Vøsges,Raøn
GM Elios,EUW
Meta abuser xx,EUW
S A V I E R O,EUW
Ignite Shen,EUW
Zarkia,EUW
LankaPapi,EUW
Kges,EUW
BlackPanda27,2727
Wetter,Wett
Crambit,EUW
zixrax,777
SovereignHerald,weq
Stonyyyyyy,EUW
FLΔQ,3110
Poehoes,Twink
gicke,EUW
Kamrat Blåbär,YUM
GOATlon,rizz
SinForWin,EUW
Ricarderix,EUW
Platinum,meow
BB6P,GER
Creed,vht
Quilizeer,EUW
ｇｏｈｉｔｒｏｙｐｉｙｏｇｕｐｉ,ｖｓｍｃｆ
Fire Spirit,Yan
PhoenixForcê,EUW
pranll 2,EUW
Alphari,EUW
evilmonster1,EUW
주냥이,나주야
Quartia,EUW
MiniGuns,EUW
Jo1,EUW
Sidestep Joe,EUW
Phεyox,EUW
Devin Jatho,viral
simply me,VNWYN
KIDUS,NOOB
Gabriel,JUWI
Reze,tan
Hykki,EUW
TSB Bendo,EUW
Kaibai,kai
Winshallah,Win
ROI Huntt,RLS
ƒrαMBOISE,EUW
Arise,PhD
xkillera972,xkil2
Letaos,EUW
Virtuoso,0001
ropzuwaa,EUW
Noctavus,EUW
ECO SmartCarry,ECO
RNATION,lol
1TrickKatarina,EUW
Ønïgiri,EUW
Fathhr,fez
KieDie,EUW
Nisaka,EUW
Mylife4carry,1210
Jiansz,GOAT
Captain Quinn,EUW
0Sterne Chefkoch,EUW
Rayzenberg,coke
Lil Fuchu,EUW
SmellfeiteMagnus,EUW
Hailo,XDD
Frost,Royal
Viltrum,EUW
Foley,NET
AlVSee,LVC
Igris,heh
Pain,5883
Mysstral,Mid
lone,1v9
FSK Svandor,EUW
CrazyNaikyu,EUW12
ºｏ0ＯΘθ응잉읭옹음유익욱읫옷,ＡＬＩＥＮ
playboi tfayzz,28033
Ikkimel,cant
Prince X,777
BADGER ZZ ,EUW
EF Jonska,KOK
procospino,EUW
Polanec,EUW
Doomy le noobi,Choc
Fittekost,EUW
Tunechi,EUW
LadiesMan217,14141
Tobbevdp,vdp
Deoxys,rain
electrocute lulu,qmax
tjs,EUM
Tiger1,OBG
SD Droïde,EUW
VayneMainNumber1,001
Madoka Yabûchi,EUW
Wiesellord,EUW
Jhin,bae
Tarvallin,EUW
300kg deadlift,EUW
VIVA PALESTINA,91380
swifty,361
lIlIlIlIIllIl,EUW
inner focus,hihi
Elovotum,EUW
CapitateFungus,EUW
Grindyzer,1140
Darktruite,EUW
SkyZENNN,zzz
Pοseidon,EUW
Lakios,EUW
ells,adc
SüßAberAua,UwU
Hesdoorn05,EUW
Leothedestroyer,1010
laser,LPTH
tls123,1508
BoomHeavy,EUW
bengeI,EUW
ante55,EUW
Sunrise97,1397
Lakinest,EUW
なるうな,MIKU
Relyat,031
The Lulu Guy,LULU1
Janooobi,EUW
LepTiKo,EUW
sinusoided,EUW
FalconX,3175
lass treffen,EUW
éponge à speurme,ZBK
Soso no Thorfinn,Cero
PHYSICS ENJOYEER,EUW
sowp,1236
Flufo,Bin
T1 Kama Or Kunai,Akali
VINCE,JGL
Nyw,EUW
不帮就送只混不C,Joker
Viketox,GRX
dovaKinpowa,EUW
Liam,DMG5
Fahy,EUW
Hoang,PHX
DaKoR,579
Kral Bex,EUW
bergensern,EUW
Flying Øctøpus,YBL
Walimo,EUW
manfred,m4w
xsaik0,EUW
MelanchoIy,EUW
PRO5MIT3,EUW
PEYZOU DIFF ツ,LeT
Dèstructor,EUW
Spannungsteiler,VOLT
Asura,3399
Kacryde,EUW
Tempah mid acc,LOW
MimosinCaricias,EUW
Bliio,L0L
Funkmαster Flex,EUW
Robert Robertson,DSPTC
CG Apollo,EUW
Hell,heim
Hachi,Boss
MMR Riloz,EUW
MinkenManiac,DOG
Phoenix,KAMI
Rascal,1301
ミツバチ,00000
Need4Yeet,EUW
bitner,old
Noldfluen,1396
Vegetation94,EUW
Kuroyuuki,EUW
Îkara,EUW
Kenaka10,UwU
Nanna,1209M
SantosPRO,EUW
Victoria,2805H
Raizen4,EUW
DJ Versum,queso
Forrest Gump,smile
Wurpa,ADC
Uhrensøhn,Zil
apoyo emocional,000
Katariznaan,miam
Wurschtbixn,EUW
Th0meK,EUW
vloe,0803
Bot1234567891011,BOT
Arnal,EUW
cRUELTYYY,Jok
Murmol,EUW
Jordæn,EUW
FrTT Liopl,EUW
DerScampi,EUW
Latens,EUW
Natsuki Subaru,GWEN
Naceed,2000
Miniworg,EUW
Meta,EUW
panky lsd acc,KICK
superjellyfish,fish
GothGrillOnTop,699
Rikopelo,000
Only Nightmares,EUW
WB Xhanda,EUW
Jarvan I,EUW
LAMA SGArkahus,EUW
er sopas ,EUW
NOOBMASTER9,M99
Deluxe,TOP
VictorWembanyama,ALIEN
Kurze Khan,EUW
Too Klakos,EUW
Eagle Eye,44P
timmy203,EUW
Malwarwick,EUW
Blakeos,EUW
Santa Vaanta,Claus
SinPadres,1998
TheRealMJ,EUW
I will trade,NA1
Cyanisyde,00000
Cellous,EUW
SPXCTRXM,1996
Smirko,001
Tom Kazansky,777
TrivHard,EUW
Carlussi,ussi
MrStrong77,EUW
AG Baithoven,99299
RBE HoppeGG,EUW
Azeløvitch,00000
Flofun,EUW
Marx Enjoyer,Lenin
Toruk Makto,OSCAR
Theando,22222
Irion,subk
Łĩşãň åł Ğáίβ,DUNE
Nono Prime ,EUW
xContreX,EUW
Lausebause,MOJN
Poukie,1234
abbi on top,Abbi
TQLPERE,EUW
BSeS Vermilion,BSeS
Vérifier nom Ouw,EUW
Siggi Sollbert,OST
ScoobaTroopah,10000
Nanuc,Lia
Nikto,역천괴
bober industries,BOB
JackeltyJacks,EUW
RufusGB,EUW
Deaadly,0115
m0rdredjr,EUW
MaxiZigounette,EUW
Cpt Baky,EUW
AjaxDUnited,EUW
masulele98,2890
QueMeKeoCinCome,EUW
Weigel2000,EUW
bob,tGoat
janstaman,EUW
Stephon Castle,EUW2
Camirost,EUW
ReAlex,EUW
Berzerk 01,EUW
NOW FULL TRYHARD,CLOPE
xNeo,EUW
KAW KAW KAWW,EUW
Salty Djulo,0000
I Am Eternal,cute
pandaZ,7774
Satoru,ヤーリ
Blaze,HotS
BubblyFire,UWU
LeChase,EUW
Plæhn,2001
silvershy222,EUW
DëX,EUW
BOB Panda,6721
Magicien Diioz,Diioz
B2BomBer,trump
Viksata,EUW
NaoTeVi,NTV
LE JUSTICIER,MASKE
neezuu,EUW
OMNI Hunter,EUW
HeroPoul,EUW
Profkeeper Kim,kutje
PowerChord,Sona
Charming Shadows,EUW
a beta tester,EUW
Keooo,EUW
VogBy,EUW
Kirtsaber,EUW
SadLife,Hook
RIPPED TOPLANER,GYM
Shuka,0000
Oriented,EUW
Killearnith,EUW
GJYouIntedMeHard,Satan
Ydro,EUW
HNF Mouzz,supp
China,NR01
Mob,urmom
Il Tsaritsa Il,CRYO
Awesomepiggyguy,EUW
Macearn,Jinx
Flummi,blank
habiib,11111
Emtii,SWAG
Jaimi,LAN
Robiski,EUW
Iceman6789,EUW
Der King,331
eggs,EUW
BitBeef,77334
Aradons,EUW
Mr NicoloScar,EUW
Miniiu,EUW
Veronica adc acc,lulu
xXseba53Xx,EUW
Micas09,EUW
F6259791,27896
FOolmaker,1337
Elite500,E500
Zamir,EUW
its aB,1337
Zarte,EUW
angelmoreno1234,EUW
Mazani,GEGE
AniviaKryophönix,Bird
BUH BUH,HWEI
IGRES,0021
Tim,143
realskym,ttv
Boyan,EUW
Hallohihi,EUW
Nolimitz,TEEMO
Ela Desce,PHONK
Im The Upgrade,EUW
istari34,EUW
Little Fool,00000
Laysher,lay
Tohu Azir,EUW
EasiIy Tilted,EUW
BEST GUY EVER,EUW
Larry Pickle,EUW
DoηStriker,EUW
Yokkyu,EUW
Stormaxx,EUW
KolitØ,EUW
alienag22,EUW
Bluesum,EUW
Patertuck,EUW
BOÜMBA,EUW
Deakrix,0001
dove,008
KALIMØTXØ,EUW
Telaros,EUW
LeiSterZ ,EUW
Gato Sem Botas,544
oscar,vns
Necromartin,EUW
Domster,EUW
piggy tamer,p1gss
Fruffy,EUW
BocamonDeJadillo,3474
KuroiiSenko,2699
Psilocybe ULUL,TRIP
Guerii,EUW
قوراصة,sud
Oeufdefetus,EUW
Heracles8,EUW
愛麗絲,000
Twwix,123
Linops,EUW
BahXaty,EUW
Elsa Pato,TNF
Barage Obama,EUW
Bell,7541
Itachi,Diffy
TTF Izi BTW,EUW
Skaffacino,EUW
Cr0issant,EUW
Pinser Solidus,EUW
Tactics,1997
Ichigoat,Getsu
Plasma NuggetZ,EUW
FrostieeZ,EUW
RussiansBest,EUW
Crαn,EUW
Orakel,EUW
AbelBee,EUW
Ripps,5636
Celestoxx,EUW
RattleDeaths,EUW
Korievs,SVRK
Etoli,EUW
oOSuNy0r6AwyIEjH,EUW
EtherKaras,6063
NoPlanesPlease,LOL
MWNN,MWNN
Domivat,1010
Hurwane,EUW
Darklordoo7,EUW
T1ratoreScelto,EUW
Tuckan,EUW
Asurakaiser,EUW
Τ Ε Ρ Α Σ,AITZE
KeAsYY,EUW
ImJony,조니야
Hulkug,EUW
Yeiden,EUW
AngryBirds3,EUW
dese,45195
Risolan,EUW
PUMPCHASER123,GYM
The French Kiss,Ronan
Magguu,EUW
IsAiSDaAS,123
Foxxsen,EUW
Nikoro Kokoro,Zeri
Numatinale,Numa
Golf GTI VW,EUW
Inkii,EUW
K Z N X,0511
1v9 machine,x o
GG Grisen,gris
OGC Phenix,EUW
XIAO YU OB,EUW
Arigatowo,EUW
gfrddfjhnl,EUW
Kzed,EUW
TheUltimateNewb,EUW
Jyu Viole Grace,0FUG
Spy,qesfg
Seikizaki,7292
Piafix,EUW
Shunsui Kyouraku,CAPTN
Don Dariano,EUW
Abyssion Blazor,EUW
Zzakos,0512
Talataris,EUW
dridro,EUW
Ertje,EUW
Radio Demon,HUSK
Esteban Cazador,SVW
Maokai Merchant,SAP
demozz,EUW
C9 Freez,EUW
Hypertilt inc,EUW
Brenash,EUW
Pøbel,EUW
BrokenSoul,9016
Supergohst,EUW
TvX Magician,EUW
Naoko1,EUW
Sollen,XDD
Utmanaren,313
哈喽大家好我是王刚,cook
Rinoari,MOIII
Maxss,UOK
Mapchi,EUW
Allen Walker,CROWN
Imoogi X,EUW
AlexOoR,EUW
Credzy,EUW
Marg Dusen,EUW
Disperion,EUW
Madlife Son,EUW
Colja,EUW
FEBIVEN,EUWW
SoSo,EUWW
Barry Scheetzak,EUW
29 BtMG enjoyer,EUW
I n u r e,sin
JoNyTeC,GiGi
Better Call Sol,Ross
txals,MID
E Y K O,KR01
Pockyy,EUW
l2012keks,EUW
PhiIippe,EUW
Glutty,GUILT
heado,EUW
O Gozão,1337
Fatphobicc,4444
SNR BigBossPoopy,SNR
Sweataren,EUW
xGerii,EUW
Sous Six Seven,ZYZZ
danycamarneiro,EUW
EvoTeq,EUW
xSyrix,EUW
Swek MCTitty,KEKW
Endlave,1337
qutuk,EUW
Minato,AKT
l2011keks,EUW
AXA sH1ro,axa
CebonvieuxRagnar,EKKO
Moksi,EUW
JABUT1CABA,EUW
vBenzo,EUW
Xephal,EUW
hyosun,EUW
2LuXury,EUW
RuffyYoo,EUW
Kirow,EUW
FΣΔŘ,Braum
5tanley,EUW
VERGIAN,VERGI
Bees go boop,EUW
YepoWoller,YEPO
Lindbergh,Duck
Frozen MC,EUW
Kiwichi,31415
CPLAY Codean,UwU
Toxcious,GLASC
Fadda,333
HardRock,2626
Mister Enjoyment,4321
Agurin Jarvan,EUW
Sayna,Bot
Violet Sky,GOLEM
Bl0wfish,EUW
2M Crunchy,073
Meuh,goose
Valorant Veteran,T01
Shiro Oni,0312
MagiFelix5,EUW
zxcasd1,EUW0
SUPERSAUSER,462
I miss Fervor oB,EUW
Direwolf Pollux,EUW
Odem,FNC
αιώνια x,EUW
Beasteeh,EUW
swisSfighterHD,EUW
Llioz,EUW
FlammeDesWestens,HDR
NillNoir,NILL
Padre Pecora,EUW
Padre Pecora,EUW
Kt diamozoll,EUW
69lppeaker,kinh
Edwild,EUW
Skyhorizon,EUW
MrGunvard,EUW
Zaryx,EUW
vyon,6955
ProdigalExplorer,6969
Bakbak,EUW
Purrzy,EUW
xSpicynem,EUW
PISTACHIO,14005
Gii0,Gii0x
Tibse,WTB
Cyberhammer,EUW
Najdorf Enjoyer,e4c5
FrozenImpulse,EUW
VIET,VIET
Tanvi,1337
Der Sebo aus NRW,EUW
Jemppu,EUW
Lightwirm,EUW
Adavidoff,EUW
Aries59,7265
Effortless,Kind
Deathmagnet,EUW
Suits,EUW2
MLGProGuyRoblox0,EUW
CS50 Python,Harva
Nick Rivera,EUS
幻化烟雨,汉巴嘎
3nacho,EUW
Rok ツ,EUWW
VoidAvesta,EUW
x3best,EUW
Twodash,5959
Eko,0007
Kazutø,EUW
MeLaShacoooo,EUW
Fakecito,EUW
Envy,EU1
LostF9,1924
FQL Nabil,EUW
RicoSePico,EUW
Bollito de Cacao,EUW
Exemnes,EXE
Bill Cipher  Δ,GRVTY
Moosach,EUW
Empyreal,EUW
MoonNeyy,EUW
TURBO LILLIA EEP,EUW
ByuL,1996
Veni vidi vici,alea
Wati Besson,EUW
Maister,EUW
IchhabeeinBrand,LIF
KleoZyn,ELBEN
lavendel,000
bellr,EUW
I Need To ask,EUW
iAggro,EUW
Keyno,EUW
Ironhook19,EUW
Jislla,EUW
Desty,0007
PissDyouk,2597
RaYn,one
Unbesiegbard,EUW
PlsLetMeWin,Plsss
Helmi,PUK
Zeus 2G,EUW
granondorf,EUW
OneGankTwoDunks,DUNK
Armand Le Hareng,Shika
Goto,368
Rasargon,EUW
LaZerineta,2208
TOM,ebony
Toasteri,EUW
Platypus,GRHRR
TheFlyingPotato,EUW
Raven,Fake
Sαcrifice,Jason
JendrkLoveIsland,EUW
Alfaty,7300
BenNi,Smile
Vaniljekransen,EUW
GNX Kinkou Jitte,GNXH
JUSP Geni0s,9021
Palletta,EUW
Jakse,9318
bonheur pas là,444
Tamaki,001
Kapten Osthjälm,EUW
chlagevuk45,EUW
Axcel,701
Maxiblob,EUW11
NPC TEAM,mine
Dαrk εlvετiø,Sett
Flo,MADRE
0 2,ohtwo
Doctorken,EUW
Jami,EUW
Shîva1sm,EUW
ElBakelita,EUW
Proteddybear,eco
Factorz,6537
Hatzakos JGL,GRE
SuiGetsYou,sui
Bulvar,0000
Fußmann,Papua
MaximalerMegaMax,EUW
Keochen,EUW9
PKMars,EUW
Way,EWS
Don Yode,BARDO
Mylande,0310
Clone Show,EUW
IvanDragovic,2002
Deomi,DEOMI
Mevi,EUW
Captain IrilKi,EUW
Aedon,ADC
Bobsbag,EUW
Hypoptare,EUW
ヅ Sung Jin Woo ヅ,Arise
Keatton,EUW
Framee,EUW
Phoxie,12345
alejandri,EUW
Pik,4681
HowIMetMyGragas,BIER
Javier,RITO
TwoShacosOneCup,ABC
Pouplard,EUW
Space,3232
kony,HLGR
Striight,kekw
Nistross,shred
La zeb de Bob,BBW
Symago,EUW
Bakalol,PARA
Knilzz,EUW
OSV Jaja,Focus
SnackBoyJoe,EUW
Beegeas,EUW
For Fun Gamer,EUWw
Wokeup,Euws
seb,314
MAD Achuu,EUW
Introvert Cat,EUW
Stealth Hitman,Four
PhoenixDown,61600
Ryujin,269
TURBOSPEEDSTER,EUW
joshi,273
RDVeigar du nord,EUW
Belu,BEL
Timmae,EUW
bomk1yaner,187
Murabito B,EUW
Koblenz,RLP
start topsïde,EUW
Captain Iglo,Plank
Soplacz,34554
Tazziie,Yabai
T0TO,EUW
KieZox,KieZo
ΜΤΚ,EUW
Adctry,ADC
Shouei Barou,Rengo
Bob Tschigerillo,BOBBB
Sïk,LINDO
HalloOle,EUW
qldurmts,EUW
Bilaps,EUW
Swapzy,EUW
Αrven,EUW
Tendou,AVR
Sniky,EUW
Cámille Enjoyer,EUW
H3ad,EUW
Legendary Chapi,EUW
Adrimerk,1365
DerVagabund,lmao
God Nebolu,EUW
The Rev Owen,EUW
elefanthue,4200
Fabyanski,001
Ismo,Drake
GeneralDelta,EUW
Worthless Boi,SAD
RAGNAR G,free
Talking Ben,Sigma
Bilashnikov,EUW
Mitsukamy,777
baluba,66666
CARGOFAAAAAAAAST,RAB
Winter Superfan,aespa
Zpikee,EUW
FPX FanatiZ,FPX
Odu,EUW
Full Moon,hers
HeyPynello,11223
Gabbo,0000
SurfNick,EUW
El Para,EUW
Slight,Adc
DonCroc,EUW
chocolatachip,EUW
Rayleigh,soju
OddFutureWolf,EUW
Graf Kackebart,BWB
Schnuffles,420
kZyno,777
Tirizio,EUW
Till,0001
Rei hakase,EUW
OxyDom,tekk
BeSC Freshdürüm,BeSC
xby,lii
Blèndox,EUW
大 asthmatic King,LIMSA
Left Hook Larry,EUW
Pandaa Rouge,EUW
Aron Basher,0001
Schultra,EUW
Schtroo,EUW
PDG SoSparkly,PDG
ya schlicke,5712
FireFox,2233
Artheek,EUW
Shinso,miaou
CvB FraZe,EUW
Gringo,UKEL
iLaxxus,EUW
shieldbot,cflip
Rinky,MMB
VELO,EUW23
CONTRÔLE FISCAL,777
TheSaltyBeater,EUW
Prinz Kaltbluth,Moers
Abyiss,EUW
PeriodAcc02,BWIPO
Brock007,EUW
spoint,ITZY
Chastror,9774
flýn,EUW
kOeGy,EUW
RoyalRëd,EUW
Tobi,Twix
Hannal Lecter,EUW
Scorpur,2409
Brawlhalla,EUW
MRC MikeLiterus,EUW
reklaw,0669
Liquid,FQM
kobaltkiller,EUW
Gabaldo,EUW
DisneySentMe,TTV
Duck on ZaZa,EUW
LegendDaiX,EUW
Benihime,4969
NooPainNoGame,EUW
TheDirtyDan,269
Anima,AUT
breeze,f33l
cba top,CBA
GØATJO,EUW
Schwarzi1,EUW
404 naive,404
Le Dieu,EUW
Steppy,Gamer
Feyo X,EUW
Liguis,8893
Skonne,EUW
lamasticoFR,EUW
nogha234,234
pxlq,EUW
Suh m dude,EUW
μωμ μωμ ,EUW
Fraudest Player,EUW
KirbySC,EUW
Noxus,BARD
Goosi,4Fun
Kluukkluuk,Bueno
Blessed Jon,EUW
DanceSport Panda,EUW
dasistkeintechno,EUW
Senceless,069
CrayonSommelier,1111
Rhobalas,2309
ADSN,ADNOV
Claww,2004
Panda bleu,EUW
Patracius,EUW
Grim Marisa,EUW
TOXICACA,PROUT
Temari,Køde
Nt kido,0007
Kenyar,EUW
The Edgedancer,EUW
fat julian,2708
Ant,Ren
Iblis,GOD
Pakool,EUW
Astim,DMSQD
Beyõnd,SENNA
Lotomoto,shine
ChoGyαtt,EUW
Dawnbringer,astra
Bored Princess,QUEEN
C4stBoom,EUW
Versacetorix,EUW
BeeBloots,EUW
Jettad,EUW
Koghane,EUW
Trisomie excitée,EUW
Chreto,EUW
fico9,brate
Geeses,EUW
Yang,SlR
Mc Lovin Junior,EUW
Goro Majima,Sona
Neef,1453
Frizk,EUW
Banned,Euw2
botlane brat,000
Eu farei 10x,M0NO
xxcúmlord69,0069
Doctor Penguin,Supp
Lapinou The Best,EUW
CRΔCKMΘNGξR,EUW
Lian euw,EUW
Lillis,EUW
Dick Donut,Donut
AdídâsAndí,Andi
Neutl,EUW
Blue Taste,EUW
Sylén,Syl
Parden,EUW
Melfice,EUW
Sjing,Sjing
Lucian Bot Only,EUW
ThymianThorsten,FRE
Miasmica,EUW
Ariokah,EUW
MadnessDeMadbear,EUW
Emhætte,EUW
Darkelyed,EUW
Rough Sea Sailor,EUW
Power,XPT
suiryudan,EUW
jontwisp,EUW
FaBouLyZ,MOS
schlitzschlitz,4127
Devi Sv NL,010
OldArnarchy,EUW
onjuno,EUW
Phoon,6861
genover,Earl
Painlolz,Pain
Yachirù Unohana,euw09
Hønny,SHY
Keegan26,EUW
la cuesta,EUW
Sadida Force 199,Wawa
player 1,mnmn
Kososanity,snob
Revive collector,GGEZ
Faczko,EUW
Steelinck,EUW
Lee Sin Support,LOW
Mouji,EUW
Floribella,EUW
SneeZeee,EUW
Caragouille,EUW
Barbe sans trou,57185
M4N0XX,GRE
Lakri,EUW
MITRIX,LOL
The GYAT,GYAT
nautiskelija,8610
Bodrumlu,MID
Cìrno,NSW
Lunatic200,EUW
TD Fuq,EUWW
glatzcop,1312
Rawstyle,でζХ
BakaJun,EUW
TheLegendTJ,7295
Tomaš,KKT
temphvaatkwkxgjj,EUW
Legates,ddx
MisterClean,1234
General Tose,BOZO
wAfflezx,peekA
Cakirenis,EUW
Fell,Fall
Brockknor,EUW
Livid,degen
Thérez,EUW
Teemo Khalifa,EUW
ScorpXiion,EUW
ツ ー,24433
AxR Oghamm,APE
Svundsie Svulst,EUW
JoFaHe200,KRTKL
spring snow,yukio
Milio Messi,420
Herlufsen,EUW
Wabungus,EUW
Loygi,EUW
Feared Voîd,EUW
NightMaker,EUW
Frost,12358
NOC Zédaron,EUW
Valhallal,EUW
Grokkan,EUW
OneHitOneShot,EUW
Don Luni,EUW
RatlrI,EUW
FOUEF,EUW
Faolan,Top
DoctorDingus,EUW
ATQ,QKS
FD Ówén,EUW
Sora,EZZ
AKP Poche,TILT
Skeletonking,EUW
Mugii,Nilah
Lufsen,bröd
Lugoro,EUW
INF DaXn,DaXn
ChibreDesBois,Bois
SB Marko,EUW
DoomedTwink,Ooh
Amanda Tapping,EUW
sυp,EUW
Mikmer,heyo
Dr ArchiChill,EUW
Delusional Sin,VIII
Munch,Why
SpitOnThatThing,Tuah
Zastu,EUW
henny,EUW
TheKackB00n,EUW
BRAWLHALLA KING,1V1
Driton,EU1
Lotus Turtle,EUW
GRB BACKSHOT,BARTN
thxfornamechange,euwas
Xioh,1234
SweetteaDrinker,8399
McNong,69420
DaaeeneeryyS,EUW
Lulaine,lulu
sehr kluk,EUW
Disco Beyblade,EUW
Oriharu,EUW
MrErikson,EUW
Ligma Balzak,kitty
Damgos,9326
PrimoBalerino,8798
ANUBIS,SNIFF
Fluffy Vixen,Ahri
Furina,meow
W2B Top Mälzer,COOK
án3,EUW
painis,icky
iTzRazz,EUW
GLM Daleth,EUW
Swedish Uzi,357
Chinoir,EUW
ciumi,1111
Papa AerCrysis,EUW
justLu,EUW
Grimmjo,EUW
Wellenverwaltung,Amt
NEIN Tetris,EUW
XV Azog,9082
Rhyghen,EUW
XXXQE,00001
ClawSilver,ROSÉ
Der Eulenmann,EUW
Krystiian,EUW
MaximusDave,EUW
CGT Fillon,EUW
kugg,EUW
Zhynik,ADC
i kill enemy,enemy
Skoryanc,EUW
JTR IS147a60c84,jucy
Sora,Onia
leupin,EUW
lolwhyme,EUW
Κandar,EUW
Enanoyp1tudo,1v10
Halodri,EUW
Gumbl,Gumbl
Handlöse,EUW
Nirai,EUW
Troopz,LOW
Fleche,EUW
Exzell,EUW
Dreyky,EUWW
BaTizak,EUW
Nýxès,EUW
MrWeng,EUW
Tal Kasha,UNA
SpaceWalker,RxDye
Te2dy,EUW
HoldMyFox,0000
OMEGASPADUR,BG3
Vinh,phở
Extrose,Lee
nibar,EUW
Sypher,MEOW
Manwë Valahiru,6906
The end is Vi,EUW
RainzyRainz,EUW
zipfer,2875
OneOther,EUW
Madlife Juni0r,EUW
GOD YE QIUUUU,EUW
Kocourek,EUW
KILLTEAM,EUW
KillerLuis,EUW
TiltedSince1945,EUW
Midnight Cello,Huy
SkinkeMunkeren,EUW
DudderDucky,420
ώ333333333333ώ,EUW
Raffi,420ｼ
Sjakalen,WAGMI
Turbo IntMachine,EUW
STR Frost,KCORP
TërrØr,EUW
Meochi,EUW
DragonSmaug,LIN
Elejzen,3920
DarkMinority,EUW
Ge0rge Dr0id,FENTT
man like sakkyen,BERLY
blafrende baller,nmg
OverSharkt,2169
채원카리나소미,2476
TarsTarkas,Mars
Magicikata,EUW
R3D,7635
VO2max 62,0119
eg0,blue
MMD,EUW
Grytexy,EUW
Plaxer9,EUW
TheKeyOfLight,lul
MCU Delkora,FLXPK
SJUK HUS 1,SJUK
Stu Ungar,euw12
SMRADOCH ROBO,EUW
DreamsWalker,EUW
Hyäko,彼岸花
nekr0shade,EUW
qMaSteRp,EUW
Geeks,EUWM
NPA Programista,EUW
rordon,gamsy
TD McTapsa,Kebab
aracheur de bouc,EUW
SyIw,EUW
GIB Norpan,GIB
Gingging,EUW
Mm GragASS,EUW
4bs,EUW
Naliwaj,EUW
Nikola Senpai,EUW
Foist,EUW
Abigablen,TTV
A7xTheRev,EUW
Eung,EUW
ShaKong,lijas
shz WGCarry,EUW
Zavodchanin,EUW
Crazusan,EUW
cyraXxx,EUW
N X N T E N,EUW
Verhüterli,EUW
Carissimo,EUW
Emala,EUW
Limeia,2401
Sebstor,EUW
SUPERiOR KiNG,EUW
Kudzu,111
Sliapmots,EUW
MachoTomacho,EUW
Helmut den store,EUW12
Chappe,1995
Cayman,TWTV
Jings,911
rems,086
Eternity Ekko,EUW
Gudstuƒƒ,EUW
LAC yellowtao,Prime
Ahtano,EUW
coomecoom,KFC
Lescao,EUW
Nairodyl,3285
zzF3eG,EUW
Elise Navidad,EUW
Chef Remy,000
Cristão,PRT
Boyn4s,EUW
Mida,Kohle
EsC Kirito,EUW
snKarma,EUW
Stevolve,777
Saddeen,EUNE
BP Rosé marry me,EUW
Sic Mundus,rrrr
kiwi520,EUW
MT iNCREDIBLE,EUW
LE BLACHØN,EUW
Blorik,EUW
Asura,2423
Roboxz,NPG
MT1 Kyumaru,1337
sehr dum,EUW
Chinese Player,CCP
TyrkerBimse,EUW
SilverStarHohner,EUW
BOSSKAR,EUW
CHIPSTOUILLE,EUW
International,EUW
audia6,EUW
HyPnoZze4Real,EUW
Blümchen6,015
Asttaz,EUW
Martin Malm,BOC
BronzeGatekeaper,EUW
PιckUp,EUW
SugarPanda,FOX
Papua Yakuza,Papua
hutii,EUW
OGSchokoNuss,EUW
spinojara,clone
shystrap,6062
Xayus,1337
Batele,EUW
DemonFang,Ghost
Robskie,EUW
Choppy,IRE
CPTPepSparrow,EUW
yasin2pac,EUW
RebornSausage,EUW
vegeta,1512
Pepervew,EUW
TinyFloW,kek
Coinflip Jonas,444
MACEK,TSM
sun killer,ego
 HairLossCuzLoL,EUW
S6 Diamond,EUW2
Rabinou,ATB
Taste Ferdinand,EUW
ポッピー,Pop
psychopathing,atman
DvnIntervention,EUW
Shiiro R,EUW
Drenaco,EUW
Gabby,belli
Stuti,WEU
My Ex is Illaoi,GPOTP
Mutefied,754
Blizzerre,EUW
Suken,Motzi
Amiral Des Mûres,EUW
1acc2rulethemall,EUW
LAW Marquis,LAW
Fotbee,EUW
KW Omega,EUW
just focus,0001
Fuz,1602
roffwl,EUW
EMMONI IDEA,Magda
MadPryson,EUW
shy,mgmt
I3lueBull,EUW
Firefoxfix,EUW
blue the wizard2,EUW
Esito,1337
Ares61,EUW
Hugh Mungus,8910
warkill,EUW
Art of Janna,aery
Bodies,Jojo
progabet,9955
Sponegbob,Knob
I3ronzeBull,EUW
NotChrxs,0711
EW Yukiro,EUW
Scupo,EUW
Eisel,DUMP
CLD Sabusa,EU1
Slayerrulez,Janna
ekiper,EUW
derfium,EUW
Theboman,uwu
Lord Hagen,87043
Dantax,EUW
Transco,EUW
Icebucketchalnge,ALS
Kazuya Xin,EUW
Fabi,Black
Ukushu,3526
LULU BTW XDDDDDD,6969
Im the dumb one,EUW
Nadas HD,EUW
Ex3m Defcon One,EUW
HNF ROI CADET,HNF
ZFIEL,EUW
N Ξ M A NJ A,EUW
Blaze,MAB
vikkear,EUW
EspiDii,SUP
Sun God Yanni,NIKA
Dauntless Duck,EUW
thanes,EUW
GG Adonice,GRAZ
SkaZ1,EUW
tonightsthenight,bhb
Siksan,EUW
Saberlag,EUR
Γ     Ω     β,EUW
Scapinos,EUW
Puggi,fett
Marcoseros,EUW
BR BR PATA PIM,FUMAR
Sugói,1337
JUST BRE4THE,EUW
Nhyox,EUW
Klöppi,765
GosuRabbiT,EUW
WildCard,main
Armandi,EUW
Hiiragi Yuzu,ARCV
AVT meika,EUW
Folde,EUW
Negan,48483
WiNdeNpro,EUW
Shiny Snorlax,LIVE
GhostTrix,EUW
Jonsee,EUW
PSYÐUCK,PSY
PausePain,Pain
SoraDestiny,6969
PePiiNeRO,Isaax
HoschiOG,EUW
xPikar0,EUW
Αrbiter,EUW
SSR player,EUW
Sn0ops,EUW
Dreckbart,kakao
SupaHotBoiGamer,EUW
Luddoro,Ludde
B5 DoubleAiM,Be5
Bubnik2,EUW
ScaredOfMe,EUW
DJAlexBit,6969
azerty1,EUW
livingmax,EUW
gulping Kelloggs,PUMP
troIIaccxD,EUW
Nivroc,EUW
Doùdou,RIVE
Marzaya,1337
robs,2002
Paeddy,EUW
balabap,EUW
Golem,28884
The Beasts,2508
crkr,EUW
Jakub,EUWW
GsG Jenkiss,EUW
Luukk,EUW
Mister Titman,EUW
RoyGooode,EUW
Soul,gaped
FearTheUnknown,EUW
LiyHo,2078
AA MidKid,EUW
Druzbruh,angy
Dannxor,2724
ZiLor,LDMVS
Big Chicken,rain1
Madeyez,EUW
Påskebjørn,DIC
Neftz,0001
BalleBob,EUW
Declat,777
Declat,777
xDrop,EUW
Æpollo,EUW
oida nice,EUW
Enberg,EUW
Agnes Tachyon,Wife
RedBullsFlügel,LUX
Knäskada,EUW
Hart,ff15
Tusci,EUW
Roi Apéro51,EUW
l3L4cK HeArTs,EUW
EnSukas,EUW
Robärchen,4697
Ephires,EUW
Real Trap,000
Darkhenrahl,EUW
JackiesDawg,EUW
InsaneLiquid,EUW
luda4k0,EUW
KC RednighT,1712
Vinsa,EUW
BloodHore 88,EUW
表演者,0112
TheRuneLoL,EUW2
Ryan Stekkn,EUW
Polski Najdzer,EUNE
Threshy,128
Laguna Grok,123
disney,Muri
wylkicops,EUW
sutsko,EUW
3333,aaa
Lars Løkke,Auraa
bektas,EUW
JimBob69,FAKER
GS Strike4One,EUW
Flotal,TLSE
TeamSpeakUser17,EUW
Max,EUWEU
Roxoras,EUW
Pharai,EUW
ESK Iromator,EUW
SA8,311
Damori,EUW
ArcticDive,F110
AFTERCARE,JGNZ
cxm,331
Kral Luger,NA1
xMerry,xdd
Наблюдаю,123
Misa 331,3333
shadow monarch,199x
엔사르,00000
Üstat Mali Terim,TR1
lawliet,chall
katashooww,TR12
pantoja vs van 2,sadük
Anagenesis,22nd
Voidlux,mrm
potent adc acc,oui
HaxXx,6666
chill guy,mummu
Nazo,TR10
RIPLP,R1PLP
Berzan1V9,8716
WH9 N777DS L9V7,999
SSSAMIRA,123
comeplaywithme,amumu
blooming flower心,yaku
XLFQA15127APQ17P,EV1
ledian,4254
ззз,ALiEN
Bierbauch Bernd,SUPP
DürümcüShenUsta,FRENS
RABID B3AR,STORM
Imperial,DOM
Chipswitch,Chips
EX0ZEX0ZEX0ZEX0Z,EZ0X
Twtv Lathyrus,bardi
TTV Soreana,0000
الوهاب FDP,arab
xpp xdd,KATA
DorinaRMkq,8290
Cooput,Carry
e4st int acc,666
Le Fury,LHEM
what a life,jgha1
AramakiaKlwtsias,NCK
C6R1 Varka,GOAT
Matheos,EUW11
Tiny Light Lux,Lux
kichira,duo
Twink Fangs,VIPER
metashift,CN1
Lamaze,EUNE
Losing My Sanity,Heca
Pineapple,91204
ASTRO,F1ST
airdustnothing,66ix
SXRS stvn,SXRS
Poren,FaZeK
zhx,0001
Vendetaa,4004
Compton Vanilla,1v9
espar,espar
Λ Halberdier Λ,ΛΛΛΛ
twtv Mandarynnn,Elise
Lisan Al Gaib,6545
BushQ,SMF
Sharpness V,book
doinBEDİRHAN,7373
Jаx,001
Buisson Musclé,FORET
Netanjahu,WINQ
Ｓｕｐｅｒｓｔａｒ,L1M
rasone1996,EUNE
KraI Osman,777
TTV Mysteryguy9,ine
disease,777
Mun Hyeon jun,3060
Yoon Sang hoon,SMOKE
RoganCale,POE
FireStund,WIN
asdfjqwrqwrasqrq,qe123
T1 cloud,2007
HUNTERRR,HUN
Shi Huang Di,始皇帝
yasuo baddie,purr
dead melodies,00000
pase,4048
REJECT WEAKNESS,15IT
Şirket Çalışanı,qeqa
bxre,11111
Sniffl,Lynae
TwTv Poren,KOITV
GetsWetQuickly,s3xxx
k1ra,life
LFT Vampír Yunus,KİLLA
Zenjike,2405
RULE OFFSTREAM,777
Jadattebayo,Brrr
JulesEstTroBo,GROPD
WarrenUKelly,TR1
OcaChe,H32H
atatürk bileği,TR1
celaw1,EUNE
Fool,arc
krejzi johnyeune,johny
ERO,8004
Ban,SAD
IAmAarox,chnk
λ π,pyef
karma is real,333
AndIbeguntohateu,zed
Erges,EUNE
Hisоkа,1111
Cedric,Eses
ZED KlNG,ZED
EGOISTIC,LILLY
ThwmOoOoOoOoOoO,T11
KRAKEN,XXXGG
Sparxcore7,SB59
david,nae
Tozx,Cap
MONEY LAUNDERING,RICH
Lumière,Lynx
Tiwaz,EUWW
eyes wide shut,11111
Bellamy,T100
ııılllııılllııı,1907
Salvation,十十十
Thoughtful,JGL
VALWZ5ODK0L1,1234
eyesclosed,151
Saber Alter,iTz
Kozáček Vojtek,BOREC
Trackoor,12345
xov,1316
vihaan niitä,uwu
mirin,lover
XHTA,2005
BOMBADAGLASPOLAN,BOMBA
Reaper,F030
RhinoBelly,mmfgh
turkish delight,1312
2026erltemp0002,RIOT
giga nuga,4152
2026erltemp0001,RIOT
TheTh3rd,Euw3
jushwani,0808
Palco Granko,split
RebirthOfSenPugs,1999
feIix felicis,FOOL
TwinkTop,xxx
J4NUS,TR1
Sun must rise,kor
FOXHOUND,3434
TopGKriblis,7718
junekdav,007
flying high,wraxz
flying high,exo
Aniviamendes,6969
MISA Way,MISA
Swiftness,000
MISA Hype,MISA
AliceWonderland,1006
TARIC,DIGI
magie,0345
Konoya,miaw
i have no,enemy
ileezan int acc,kwt
WhenEvil,lurks
DrMunaras,1821
Trinken,Musik
skowza,5294
Yassuo,Kmari
Jouile,TR1
Leo Bonhart,EUW3
crazi shaco 420,shees
superior,056
Winning Streak,2004
BURAK31,12345
V1KTR,9932
Wynatindielyal,EUW
Eyrah,Win
WE GO GYM,PCX
Lawliet,1V9
trifuntirke,ker
Aetnoth,00000
người đàn ông sô,777
0 HALIBURTON,6767
leshak,swag
SATELLISER,930
A to Z,Kirei
Zoro,GEO
Leo Dje Si,34444
harun,4fun
Vercin,xS3X
user313131313131,3131
刀的影子,444
2 1,1312
HATE BEING SOBER,300NA
YasuoYone,KR11
CoByśZrobił,mamun
White Red Bull,Drink
White Monster,Drink
Grapes,6463
HaydenTT,Varus
Elias,404
les,song
Nevaï,Nevaï
glaive,2104
Наблюдаю,1234
aarsqw2sqraa,wsq
789 forever,789
Kade,SGC3
Z for Zendetter,ZZZ
myfinalminutes,9190
07032K25,0703
Münzwurf,JGL
Soul Exchange,XVIII
wr diff,EUNE
Mr Poulpy,777
sorry im turk,proud
maỉ,хххх
Ihazballz,qqqqq
Little Shadow,EUWU
AceKai,ACE
care for rashai,6767
MadMate fanboy,NUM1
人類最強の兵士,RWs
sxczvsa,000
Jannethwa,6611
小奶猫,喵喵喵
Ashura,ACE
quigo,123
TopDz1,EUW
heæ,CN1
Four Second,TR1
wasnop,xxx
GEN Chovy,1025
Johnny z gwiazd,SMURF
Zero Hope,EUW12
frank,okay
Jolene Conner,8242
Kayle,Elvir
SORRY IM A GOYIM,420
KAMAZ,EWW
Synergy,7120
Kami,HGL
Euhior,7130
抱抱鱼,582
KYOMI,Hope
Neyim Var Ki,9250
Terry Ten FPS,TOPIE
star zall,euw3
ObirEfsane,TR1
14 mouqabala,YENEY
SMN,BIA
Scuffed C14,1414
frekszn,epsti
CANT EXPLAIN,SOLOQ
Antichrist,6vs7
872,Spin
trying my best,noob
conq since1107,2007
Teepannu,333
KaTLoRiaVa,Kick
7 罪,717
BL Zilax,2107
IsoldeCracker,viego
YERDEN KESILDI,AYAHM
BrujoDeLosAndes,Chill
Ruinez,LFT
OLMAZSAN OLMAZ,TYYAR
黒木 智子,エモ い
wizolloia31,7274
Catharsis,00000
winnersq acc,pls
AliveShadow,snus
Lillia Hentai,Pain
KingAyolo,M 132
SHARKO BEN,8011
Thomas Müller,eu1
Reis Sedat Peker,King
LOST ON YOU,888
Telil pl,EUNE
ChocoPouce,DEEP
Szoboszlai,EUW8
ะะะ,yuna
V4y4g0d,9150
Roddpolnys,5811
Reiatsu,ブリーチ
Riyktur,9443
swqecv,XXX
mrrp1,mrrp
Pegman34,peg
ALEDOS COACH,500EU
nznm,5424
Koltev,Supp
ARGYRO,LEZ
żabol,OOTAK
STΕRGY OFF ZERI,gulp
MESSI OF LEAGUE,MSN
babyiwaslonely,AAA
121121212121,12121
Aberogus,0034
 Šovïet Jungler,EUNE
Clash,goat
Miyamoto Musashi,art
ColdTempoUsage,Yup
LiuLiGeya,一只琉璃鸽
i love LoL,12345
flames,lol1
blodpalt,KÖTT
Westbrook,005
wraxz,瓦锐兹
2htpleaguebad,12345
WeißeNächte,l0ve
veiny dihhh,xxx
mursobaby,9999
sazu,EUW7
Dane Supremacy,SKAAL
Minji0414,NJZ
Delirious,PoE
七海 龍水,HOSHI
snoop coot,mwk
Zo3natorRank1Zoe,1Zoe
Matt Walst,mjpw
Advocate1,LAW
Boosted ahhh,EU1
dfs,5125
CrackedRadish,MCUK
KILL ME SLOW,CSX
1 driver 4 wheel,bus
full of whimsy,heart
Marty Santana,YES
阿莱士,风 风风
MaR LoL 016,1337
Noob Zedd,76775
Jon,FILL
Скрыш нашихдомов,GOD
Fear My Katarina,Kata1
Sorry,131
허거덩,2003
mooffassa,EUW
Amaterasu,WORLD
에밀리,0708
LightsOut,NOCT
YUSUFKANKA505EU,monki
serenity,6977
Jesse,666ab
swing 2 win,SWING
大堂管理员,1v9
zxvaxwxw,korea
ＩＭ ＳＯ ＭＥＮＴＡＬ,etow
unknown team,PN1
Admin,Lobby
T3G4,CN1
KNIGHT,C 1
Blitz Pozzi,Ghost
Gusta,Toji
lolakias,1975
Mugen,hash
Anti Team Ganks,NA2
Expedition 28,0307
Rgnewarc,fcs
MiniMin,suk
gerigeldim,300
demon dαrling,333
G2 Stankez,187
Ezc,INTT
MUST IMPROVE,333
AntonChigurh,666
wgx,199
omar,int
ParitobMondol,4618
kagune,5623
what the helly,333
DarkinGlaive,000
Warwick,0046
Dont blink,Dazai
Sung Jinwoo,Berke
Socratèsssss,STOIC
PhysiQQ,999
Sigmulec,ogmar
Fbaxneyua,fff
Nightmare,ROLL
翔ける,JPN
DillDoeIn,YOU
OnlyFeet,PFH
6M fo nos 3H,AML
N U L L,XX2
Unakiet,POPPY
BFX Diable,2008
żwirek,adc
Urlalezi,0001
hachiware,hzl
Eren Yeager,GENG
ROGUE,EUWU
MIĘKICIA,GABI
foreign,GBC
Zaahenovic,SRB
I empty him,take
I fill her,give
DelusionalVirj,11111
siber atlet,1234
5v5 nelo,rose9
straßenapotheker,030
WittyPhantom,FIEND
bta3 hecarim,rob3
虐euw狗,cnno1
404handsnotfound,error
Quasar,969
рыцарь радости,13v03
monk mental kapp,julia
Yoshiko133,EUNE
ESNC Emdaar,OC
fiki jelezen,mange
ASOSYELBADİCİ,0209
Ajiaco y Changua,BOG
arise,solod
ah ok,notok
mister,west
its worth ig,myg
Chubuku Shishi,Lie
Honored One,XXXX
SylvviListhaug,FRP
Porcelain Heart,XDXD
FantaExotic2432,BOYS
bobelo,693
Mejungle,jungl
Kasane Teto,6779
SR player,SP202
Telior,393
Seraph,Hope
D3sTroYerB0y,13092
哎呦不错哦,ZjL
AkshuallyClean,6767
haircut,1200
ßlσσdLust,Mid
Defiancé,EUNE
ΑΛΙΑ ΕΜΙΛΗΣ,INCO
Pennywise,659
fnboyseverywhere,EUW
KradneCreepy,EUWW
OniricSword,5217
König,5000
Needlework,FMILK
Speranza,ZsWq
Alucard,Noks
Th3BaBaDo0K,EUNE
HanmaYujiro,Govos
TwTv Nyxeslol,TTV
flor,adc
miss old league,sadge
Zabranjeni,twtv
qeryeqos,Lamar
Sofm Jr,CN1
Ｍｏｖｅｍｅｎｔ Ｋｉｎｇ,12312
cold visions,001
Pasos De Fuego,hella
LouRossus,9396
Iroh,6613
GrizarasVandev,7912
Slimeslimeoglu,OSKI
Jessie,xer
Clash Player,PRO
SeviPL,Sevi
click forward,only
ElyoyasLoL,PPC
ДАНИЛ КОЛБАСЕНКО,соль
SAPLAR GECERIM,4444
MyD isHugeNocap,BIGD
Blanche,WNTR
MAJLOMAJLOMAJLO,VRAH
Sunny,OEK
MAMBA MENTALITY,GRIND
wings,grow
Kicktv NightyNN,2007
innocence,npd
furyouhin,不良品
MrJungle,JNG
Kaczer,ADGod
raiko kata king,OWN
GIMME A HOT BOY,ZAC
GrovylePMD,SKY
zeitnotfan,7149
V Z I I,77777
R a,A7X
Joe Mazzulla,euw11
BACKSHOT ENJOYER,fmby
soloqdog,toxic
AMONRA,gryps
JOHNYS,ADC
Lolos,3744
Need a gf,6677
ビルス,000
Dréson,ape
L9 evil67,aryan
gacha dependant,okane
TalonSousCafeine,xeos
Acselypius,5005
Anomaly,770
leash or afk,gap
Thomas Shelby,7401
RaiderGO,TWTV3
paska,jep
zombozo,9797
Clu,6623
Born Unlucky,Life
答案说明所有,2223
LylaWon,Woof
e x,0019
Mitsuri,chyan
SHAAAAARK,H2O
G2 NightyNN,2007
Certified Turtle,EUW7
ZenithRaptor,7885
petite blondie,toxic
Toy Fleet,0000
asdfqqw,001
Peyzvaak,1337
Taric,7331
batcave,shh
WASD Kiting,NERF
Nevir,1111
Meruem11,EUW11
fgszqer,11111
teddy bear,8437
St Nerona Imu,Nunu
เเเเเเเเเเเเเเเเ,เเเเเ
add4coaching,GAMER
IIIIIIIIlIIIII,IIIII
arapco,soloq
Drigarmos,LAN
LegalizeTatlar,123
weak mental 1337,hah
Ostro5,555
Dovregubben,Heim
Yevgeny Gromov,88bet
TransSubbyEmmy,HRT
と ˇ з ˇ づ,MWAH
Dancing Trundle,CIA
Chat GPT Support,CPU
Pagrandukas,skanu
TwTv Wakatito,Noob
absolute cinema,lmfao
INSTALAZA,C90
CarryPOV NICETIM,INTA
trample the weak,pits
Bossman 30,3007
zozcm,BMW
Didikage,euww
nonamebuthappy,VModo
今晚八点钟有骨气,777
rizzlord,CHALL
George Pickles,9478
Psyche,27J24
Qerannann,1277
columbinafeet,lover
too comfortable,1v9
KittyFighter,100
123,WRD0
Onerable,001
Invincible,Cece
Novais,yung
AuraKeeper,GOD
DinoPOG,0909
b x r e,9999
SeelenKlang,TTV
GODS STRONGEST,LOW
zzzzzzzzzzzz,1158
Lamperogue,LAN
Merej,00023
The Cure,0912
Eternity,44444
Light Novel,EUWw
jyf,ovo
robloxian,7334
HAUNTAHOLIC,RB3
Pali Hari888,888
Raydio 3,Ray
0dopa0,korea
asdfgh2k,2016
SubCulturo,1337
Heckler Koch,MP5
TwTv Saizo,667
Pleine Lune,WITCH
Robot,gptEU
Idk,ZG13
Redemption Arc,222
riven outplay,37900
Shelti4,ABOBA
Satorius,sahne
DK73,00000
Koriuschaini,4408
so tired,dead
Batussh,3152
Voyager,2211
hysteria,elf
diddyblud,1001
ambedo,koeni
soylster,1724
memento mori,nikos
EV1,地雷女
Kercziii,win
jhon duran,dizzy
Viksa main acc,BHBH
Feiunum,4935
self improvement,Dino
Chip Skylark,DK9
afterglow,nat20
고양이 사람,katt
CHLOE BURBANK,333
Sasorius,2001
JerryDaBaws,54321
Qivanja,RAVE
Agustin Gega,2019
Gecktor,213
8gwennerfs,troll
Kira Yoshikage,talon
Kojigiri,0000
kleft,LOL
TMM TheMadMads,9500
stabilomoveeasy,5649
Ryoiki Tenkai,CURSE
ELAY,WEST
SAMIRA,ONE
XXXIII,3333
JUNGLE ABUSER,LTU
Serge Gnabry,FCB
Ijukol,999
25WAGG3DOU2,SWAG
Shógun,2292
Arcanopulse,xer
FishingKing,JGL
Lundegager,gang
Sêví tíll dèáth,LØVE
Memory,4620
Antizerr,0144
Hell Demon,فلكوز
dark passenger,B10
REDPANDA,euw21
Sharky,0307
JamesYeeZY,LAH
Narckez,peace
Austrian Artist,8869
roberto,89891
FiNo DetE,SRB
LyzaArt6,VLEU
PipiQu,47848
Sin Capella,Lust
abg chaser,minor
Nida,Zed
나는 현실이 싫어,3650
Dunk Prophecies,dunk
my duty,trust
High Life,000
Han,MAD
Biser33,GSP
KiedysCosGralem,6969
imback,4510
goroncywir67,rank2
SideLaneTerror,4308
Bee,CZE
addict,grath
Ycelynniant,4331
astroboi,0019
music sama,erik
GasSommelier,PRANK
CEO of Pilnikov,2056
CodleaSoldier,Cdl
Vker,2499
Dopamine,bpd
wannazxc,123
Yaman,curse
Zoelvanse,70mg
ULUDAGTIPFAK31,1616
losing interest,EUW7
HOKUS POKUS,66666
overdose,gcp
red panda,tof
Parallax,2357
nut bee,BEE
Rino,TTTM
Monster ADC,NOR
Setämies,RITO
Селин,Шен
noleafclover,311
CaJ kisoq,2188
Ange,Phel
ScOP,21225
Bananowe dziecko,Law
MID KR,LCK
kenodoxia,888
femboy enjoyer,EU1
kyoto,j4pan
Ostro4,444
DΛMOCLΞS,GNRL
Boberito Bandito,bandi
Shadow Pulse,666
Joki000,EUW11
Uelinietiel,5261
PN Panda,2222
cem abi,kebab
søg tilgivelse,Sabr
Arkadiusz,2137
bad intentions,369
Overdue,III
WEAKSIDE LION,WIN
NIGHT CALLS,99999
Meowrrai,025
NoahBoah,Boah
kiraa,667
Boksonkovich,BOKS
M99,WTCHR
ｚｕｄｏ ｚｕｄｏ ｚｕｄｏ,zudo
Pugnani,Lou
Mizutani Kosen,iow
Clárity,1404
Nemtor,ニニニニニ
Bolek,zaza
Mittendrin,yep
kotomineきれい,fate
JewelzzBlu,Luc
SKG FIORA,GRECO
Kaizen,EUW5
Shape,o7777
Liannton,7052
mam urodziny,0602
AKHI,5161
secret boss,goy
Doniusa,4684
ReG3N,glut
proutmaster,6767
fear not,true
Mastin,1974
Wasertonat,5098
NEXT IRELKING,RELIA
temmie chang,hoii
baronj,7027
MQLWKENRK,EU1
The Worst,BR100
annie husband,cute
neogulman,111
Aileri,2004
Dav,ZAP
Saijax Cail Rynx,1337
BBL Bandit,gang
Tisaur,FWR
Prometheus,M11AY
ŃëþæÐ,7129
17SHAO,SHAO
velikiat,WEST
DominikSantorski,L9L9
Mortal blade,0707
scary monsters,EUW3
LUCHACHE,LINE
LUCHACHE,LINE
LEON KENNEDY,BHBH
Luke Skywaler,OAK99
HalfMark,4787
PitagorasRC,77777
Atakhan,back
23 CM DAMARLI,6666
AGENXD,333
Nie Li,00009
Xs0ltiest,1375
TheRedeemedKing,Viego
Bunnyhub,GAP
rafaa,LCK1
winning maaaxz,2053
cursed one,rot
Art of Tease,ARG
my design,rawr
Fferriarana,9554
NOVOCAINE,NTP
Hopeless,mrm
ngxmn,6596
XKR,212
WeaksideWilliam,iwnl
Liar,8140
YourSoulMyTurn,Viego
BIGBOSSLADY,BBL05
alriyh,kovac
Lazypfm,PFM
High Ego,8030
highway86 theway,xxx
5ko02,77777
Cerberus,Arg
Kuroro Lucifuru,000
Niafiawi,14407
N4N4,CN1
kereos,2282
ツツツツツSツツツツツツツツツツ,ツツツツツ
Versatil,Dou
Jhincest,4444
lf big biceps,333
GOSRO THE MENACE,7798
Rias,Crush
I AM HORSEY,EHK
whatever,xyz
HououinKyouma,ELPS
Gonski,GAF
Azaraten,2397
MyLittleKunai,Kunai
LoczekOWY,7452
2083,1622
QueliGala,0600
KKEVIN,goat
AGROUUU,ALPHA
twitchtvRopresix,67676
Shaneツ,2482
기가 파타타,meech
Fabynnavisos,9158
faint,01010
Pedrusko,chall
Delusional Eboy,GORDO
IPHONE CHARGER,bunny
Asphyxia,eeni
Örlikon chaya,8050
Head H Rengar 2,RENG
VEGETABLE LOW,LAST
Hobbi,123
norlet,bruh
クリソウディス,2005
NIGERIANPRINCESS,BLM
bittersweet,0125
Airport Crush,666
Lainglesa,jonek
TTobias lol,lick
Chibritte Macron,6639
obrzezator67,ktzc5
Romans 8 31,FAITH
Tokashiki,OKINA
giraffekid12,1182
Teflon,069
Kalisteria,Kal
arene,aro
AfreecanBanana,5801
feetsniffa69,stink
Warlock,888
Bandeur2Lego,LEGO
GwenVsAll,Snipo
음모 파괴자,6154
Cloporte Brossé,SoloQ
asdfasfx,miki
MAJORGENERALKLED,Death
ooooooman,2979
Stiwrodom,5646
Capo chef,BSPP
Minaries,Mina
DORMINRUSH,SION
walking up,0000
Hado 90,藍染惣右介
Dummkopf,383
Fable,NKSZ
2XK,EUW2
LACRIM,1v9
PATRONsss,top
lesiutruelegend,2141
evalunna,COLIS
I DONT LIKE THE,JUICE
Rearu,WUE
Eichelkäse,LECKR
AyıBoğan26,6833
Michael Jacoby,paard
meeksooon,win
Midna,TPR
courtesy,thief
GambleForLP,777
Sheonnis,0152
god above all,jesus
William Wallace,EUNE1
TH3YW0NTSURViVE,FKNGR
Himmel,229
HV FUTURE ADKING,cwl
churtleness,6200
KireiBiggestFan,0000
Stardust,4729
Relf,CHA
Leddaxx,2208
Jate,Noxus
Trejsulper,7045
Clyqingtas,9587
Bobo,9132
BABYGAL,KOB
Coach sneith,EUW
ixtab,自殺の神様
TiltedSince1856,Tilt
Lusvichz,EUW
Belpaldtai,2451
Cheounthin,3213
BGEZNOOBSL2P,EUWWW
indignity,sbr
Erika Kirk,GEN
Barryy,777
Plikli,0000
AatroxJungle,3697
Nievexent,EVE
Davneryer,9247
PbLead,4444
twtv liceumlol,ślizg
Chrhoworund,1996
Bain,0006
rang3r018TTV,3928
Madino,13116
civogarD navI,2002
Tychon,him
TwTv Crazyblud2,6700
KELLY MONEYMAKER,50YEN
Mizerina,DIVA
toffifee,BTW
zx1,1v9
KiRakshan,TTV
Combust,Trump
Climb,Zac
Hey Thanks Buddy,Tam
Snufcheaugh,7393
Bloodless,kout
Camellya,123
Rengar,6666
QueenOfVoid,BEL
Hinuuskser,9002
KsanTech,1SHOT
Usteriselild,5694
rng victim,0867
Rhyzsamque,7859
hiho,6969
under pressure,haha
özürlü,vayne
Doodlz,SUVI
Kerburyus,5361
BombataXD,GRUM
5 weapons 0 hoes,phel
Destin bell,abvin
Sweet Mango,Choc
Cursed Blade,666
小欣宝,123
Bebrucha,00000
most thug,黑道老大
too silly,hit
shên,3434
Builckrod,3229
Spirit of Boreas,XDD
Craps,euw2
UnDeRpiPse78,0425
I am that good,God
Wanbadan,Café
丶丶丶丶丶丶丶丶丶丶丶丶丶丶丶丶,一一一一一
Hidrox2137,4444
라그나르,EU1
Leiyget,2436
TXBahri,rii
Elite500,euw2
twtvfallenshadow,meow
Mehhx,BBC
Fiszu,SDN
TwTvKiRakshan,DOD
deleteleagueasap,DASAP
BUNNY GIRL LOVER,KEBAB
Rotrhshyque,7144
CuGuLi,2578
im in the files,rose
Seulskther,8177
8SIX,8SIX
AugustaLeh274,7684
Ingust,EUW2
KCNEXTTOPKING,8496
Viyella,Laur
Zmk,01384
Oseireens,1978
not Simon,TLN
GABE OBAIN,LOW
shavkatrakhmonov,n0mad
perry winkle,low
1585 TTR,DTTB
2 30de,2026
Shilin,JOR
Lamb shepherd,wolf
regate,EUW3
cinnamoroll,にゃん
ilya,kiy
Henry Creel,Curse
transcendental,free
szczurwiel,1337
Dierscolo,8235
Feel No Ways,AAA
elie,53203
Trag3DSiMoriHD,GIPSY
Lukini,001
Krzyna,Tymon
billy flowers,sewn
Zweek,Tweek
MartySupreme,dune
THEWORLDISYOURS,225
indifference,EUW3
HEHHEEEHE,HATE
BlinkOrBleed,666
ouin ouin lait,maman
الله أكبر,333
SUPERJESUISEFE,001
rell,weak1
Heat,3291
SNLE,EUWXX
bansh1nnn,2323
ShizaZ,Shiza
TomFleec,WEQ
KARAMANOĞLU,RU90
Yuta,AK47
advantage Lucy,phos
Hantr,help
Enkidu εïз,clay
riel,86234
kaytul,111
Satorius,TOP
Princ dvoji krve,281
nneth,48916
SimonFit,ness
mankira,333
Bo Cruz,113
Dracule Mihawk,PZFAN
Solo,01110
hateful disaster,312
有些情绪是该说给懂的人听,rayn
Jiuk,dieps
buh,tgttm
Granoidek,NUNU
Crossway,EUW01
555555555,000
bamgyutedious,5659
goraider,orfan
uwuwuwuwuuwu,333
unkraut int acc,low
odica,01471
eati,03437
kay2no,EVE
welve,54081
QWER123,1234Q
еме флексов ру,sigmo
Pomodoro,2477
ynnel,22335
Huev,1859
LVL 1 OWNER,ŻURAW
i dive i die,relia
Kamyk,0044
Kerto,LEGO
amme,93510
Vannirittave,1973
CreeperZabójca,TNT
Happily Married,621
Dado Polumenta,BLKAN
EspressoDepresso,SADDD
Leyrrtor,5456
no trolling,win
droca21,5789
Ruin,ap0
sor,bet
Oziru,1070
Mar1uss,666
GoddesDiana,124
Saladass,sigma
Empress,Jinxt
ShenSalmon,6082
Bradycardia,Gamer
Medfir,Medfi
Rissilysu,EUW
oliver pickle,swag
Frank Heisenberg,1617
Ashen One,XDD
Ynessama9,47079
PlayBoiiBarti,PBB
Ghetto Janna,H00D
thedronik,BURST
ezergeçer31,ezer
Threshcan,Pyke
Agony of luck,luck
White Monsterr,100
Sir,1000
FREAKY Q1YANA,2310
zorla,024
ｑｉｙａｎａ두꺼운ｔｈｉｇｈｓ,mommy
apapapapap,1hp
Apotheosis,3333
AD1213,EUWs
ANGERFIST,G4BZ
Filip Sulík,Fiki
67SUSSYIMPOSTER,KIRK
Snow Crystal,001
Elo Fahrkarten,bitte
Isaac412,3848
BallisticBarbie,xxx
日升换月落,Kayn
R4ND00M PL4Y3R,EUW
mentalist çayır,podex
Noxus Final Boss,NOXUS
InSec Wannabe,InSec
472346,8370
MARIA BITSIOU,DK1
Eliami,rage
been a while,IRL
PingiCool,COOL
Hyb,happy
Bard lover,BARD
KUPRATA BATE,ATESH
TWITCHtv D1OK TV,TTV
Billybobtacobell,白クマ
oe apo geber,artık
holy adc gap,777
uxoY7a953b72X3kl,xdddd
Polish my shoes,777
Ханахаки,kayle
PaisiHilendarski,1762
Invincible,On YT
good boy,cvm
Patrik Vrbovsky,Cigan
always on tempo,gap
Arromik,ARO
EH H0106TRD,hate
Thyuingon,2986
1SpekZ,7711
Alfred Le Grand,EUWW
Bérénice Marlohe,EUW12
Deetfgha,3873
Ryomen Sukuna,Yasuo
Thodnath,2802
JannaAI,J4NN4
LF GOTH GF,oxy
A friend,EUWUU
Thovworche,9346
LONDONS SAViOUR十,十十十十十
Ryttiaim,8578
palaidas,8088
Le petit prince,lov
coolanya,1111
Zoliasalines,3147
Jill Valentine,222
help me pls,Buffi
Evan MacMillan,EUW11
EierIecker,187
baby yoda,JOHAN
Ascend N forget,sub5
в мире животных,uebok
Mladý kolo,KMK
Porret4,1004
Raidboss,111
i wanna be yours,508
Hockey Captain,1234
Marcus Aurelius,Viego
TYRESE MAXEY,6767
私はゲームをするのが好きです,1111
Mauwskusk,8884
LOLMFAO,22222
veistar,5555
Kalle,2000
444433322,432
Welcome to NHK,SATOU
ToxiCMedusa,Snake
IDVAM BRAT,1948
Yahlaha,1395
Stuck in Smurf,SIS
beifeng wanna be,0001
nedenini sorma,3784
TsarBan,XIAO
DEVUELVAÑ EL ORO,LANMX
HEAVY P1SSER,goth
Montreal,RGFYS
barutilagt,7182
dart,teemo
bagein35,1111
Heartbeat,yato
Sloukalkim,2387
Tacket,Supp
Belvedere,OKMB
Not JDG Ruler,LCK
manno,1337
Visclusi,7747
Agarandom,GARMY
emilia clarke,otter
A U X X E N C E,TALON
makox2ndaccount,HEHE
Potote Prime,Prime
HempAbuser,TRY
leerraum,null
Dazai,yokai
Lil b,GG15
Alcond,123
Elion,DiaG
GoldFish,whew
zizomanger247,247
Zobble,002
オゾン,ヴラド
YAKUB,DZIDA
Colostok,coli
bobik,DEMON
Jimmy Butler,Himmy
Lize Kamishiro,777
HUMBLE KING,ARCN
chopped unc,flop
Wishmaster,EWW
LAMORTOUTCHICHI,BYLKA
raneral,123
4TearsInMyEyes,9723
low elo samira,xdxd
Hievielland,29724
Usteoppel,62112
Hasiella,00572
R3R0NI,EXE
Linus,161
2l1h,48243
Jabejka koja,Blato
kai,uk2
Na hui mi,zec
Brinandanno,38035
Untameable,ONE
LeCimpoi,4463
Humster,3812
Romsz,0304
fyrod,0001
Maks Kubana,0606
KKaneki,OEK
Apathy,APA
Newelinn,MEN
NGG Dinczak,NIUE
Sarakzite,RIGEL
memories unmade,yuta
dhoom machale,kchow
Intuition Leads,vax
Hate Me,Kndrd
Swarre,beer
geit,jonj
Kristopher,KATA
Kątastrophe,666
prime ben arfa,2202
AMG Petronas63,Ff1
MAKEOUTHILL666,289
Test acc,abc1
Nefex,1337
Swag Lord Papi,333
GRIFFITH 666,aaaaa
AQUA PR1SON,FISH
Tuli,5700
FIXSAMIRABUGS,EEEEE
chillplayer47,yes
Dolly style,elo
inflict,001
Phaxe,11111
We Ballin,Liżma
Ñame,RR25
woyaocaonima,EUW5
EXPERT,VEL
Ballad King,génie
Caldomartia,58810
向阳而生,0207
chinglinglaobao,mmyea
friendly loser,aVOID
Jahisanhue,33233
dkdk,2001
coquelicot,WEU
TOSKANI,TSKN
GLASKULAN,EU1
Manda,jg1
Kasusler,EUW
Raz Al Ghoul,Razi
Mikrh Tinkerbell,Kark1
ILoveMonster,DIE
Grit,405
이쿠오,10011
JA MORANT,2310
asdsadasdqwe,000
morgoatmor,GOAT
Nyirldbur,EUW
Ken Blackson,öäää
Wartuntdel,EUW
LaKRikE,LiviN
SlaugtherWestAcc,Karma
NotBard,444
AmericanSniper,44444
mixed cigarette,Pyke
faultiness,aaaaa
ELIZE,Jesus
Haylor Swift,CN1
Jeuawbur,EUW
IXIecutioner,euw31
malthael,000
Sir Hemdan,EUW
Re1vunka,EUW
Rururyan,TDIFF
Semaj,jim
Hastel,WOOF
Diana Final Boss,EUW
HomeboytheOG,EUW
Fin,etta
asdasfasdasf,asdf
principe pyrex,roma
DummaDumma,EUW
LUDI JEBEN PIRAT,BEAKY
Yami Yugi,Lysia
Lazuriel,EUW
MiserableThing,OOO
Redlllin,ADM
Mrtvi Milos,1312
IIllIIlIIlllIlI,EUW
Lord Megatronn,EUW
Hasba,HASBA
danix84,9613
SilvaZoldyck,420
Blikje,20d
DiDOSTATi L0,DUDLi
snwctp,EUW
Ligist,LGT
phantomatic grin,GNGR
TheTrueDemigod,EUW
Sung Jinwoo,12323
Bean Diff,EUW
sapw,6648
Sauron MID ACC,MID1
The Grinch,2000
anivia feet,hot
Connor McGolson,WICIU
flyRayomcqueen,squzo
echo flower,4alm
Unknown Slayer,11112
3000 or pass,Guts
enchanting table,sado
MessiMailcem,EUW
twitchtv tsuyeo,zzz
marty mauser,orang
Mobulidae,EUW
EspaguetiCremoso,OwO
King9,EUW
FiendingPeace,000
Twtv not tappi,QiQi
fluent,code
Lluyworelm,EUW
mafromafromafro,mafro
Pohenixxxx,5576
DaKunki,EUW
larry barry,XXXXX
alplol,final
Lolalolac2,EUW
Kapa4ungusDeluxe,SYBAU
Atsrothther,EUW
itachi,fyrod
YBN GORA,ROBOT
Skrr,Prrr
Xàden,RONIh
LillWilli,EUW
정글 고양이,ykä
KhamzatChimaevvv,BORZ
Desmond Benjamin,nudli
hinski niepotesz,EUW
katliaM,ONE
ChadQuijada52375,EUW
DEMBÉLÉ,333
Positive Nancy,Kind
NavyRantom,EUW
JANNIS ROMANES,GV0
DofusMaToutPris,EUWSH
femboy chemist,awooo
Coffee Abuser,ADC
AOE Theory,333
rehmos27,EUW
Cat9,999
jettnoob777,5317
leon kennedy,REQU
VOLIM BELO,KOKS
OLUŚ majkut,EUW2
martinsus,2008
Morlin,22053
lashia,zzz
Jíří Beneš inter,simp
ego equal wins,xdd
adfsasdffdas,4747
Nęø,2002
decken,TOFUu
lowca hanysow,1906
GODFATHER,MAX
RANK 1 EGYPT,SUPER
TrueDmg,0725
Drumbeat,Luffy
cnceanna,kitty
braquer le 94,vitry
Sexenpol,EUW
金木研,merci
Dear Alcohol,miss
P diddyy,oill
Heprex,XCM
Piskopat Yeti,NUNU
Keos to GM,EUW
this lulu is 1v9,wtf
Supreme Kai,VOID
uattacktheclone,EUW
Hannu Hanhi,8881
Rotato Potato,Ham
Lillard Damian,NBA
Nuacosvzx,EUW
Mountain,5949
Krop Shot,777
Lesbian succubus,UwU
SimAst,EUW
Rainfall,202
INFAMOUS,217
EuwMentalHuge,EUW
TwTv Heybeyo,RENGR
JH PRIME,EUW
TURBOBOOMING,EUW
Hichem,2602
Elpminaend,EUW
AEC DrSkilla,AEC
Nadir,00001
StormClawed,EUW
traumaboy,80iq
Bow beforeQiyana,DOG
FARM INTO PENA,WIN
5초동안생각하기,CTRL
DreadFortissax,DFx
Selfish Machines,albie
Tatsucem,0000
Dortkoldantacız,EUW
D Observation,HAKI
Gifflar,RMA
L9 Boogie Bomb,d0g
JºJº,º69º
duuszekk,EUW
snow in summer,ZTMY
Serialz Power,EUW
Skiny,AAT
GEN dodep,CHALL
good boy,1738x
Grailbet com,CEO
OLP Mustang,QLF
krensaed,krnsd
TLG Charmando,FAKER
BACKSHOT LANDA,eProd
2 meters,EUW
bulbulbul,FISH
Hyundai Elantra,boom
kogzilla,465
Drake,1021
RACCEN,무적의
SkiddyTob,Ekko
DOG PRACTICE ACC,4242
GUREN,0005
Tarzan,M3CS
Boxeq,Boxeq
Ｒａｉｖａｌ,ESP
ICEDANCER,EUW2
ToyotAE86,ドリフト
Gyro Zeppeli,00000
ΔNGΞL ENGINΞ,333
KAZANIYORUZ,EUW
geh kacken,lule
Adysmo,NCE
la bête humaine,lll
needy slvt,art
Zweiss,8000
STB,EUW
hahayhayayahya,yayhy
noufrios,777
RoarRoarRoarRoar,trend
Hades,Stein
Sniper1996,EUW
mrnanuke12,EUW
Timeless,XOVO
XAXAAXXAAXAXXAAX,L2P
JGLKING,BLM
Danteeehh,94MGL
troubleish,EUW12
Skell,185DC
better than u,969
Mugiwara,Shaco
Dan Madesclaire,GOAT
Skjul på busk,EUW67
Undertaker,MALY
poop,7668
要求针对,8564
Madness Deferred,VALOR
Focus,R1se
Climbing Down,2818
sadistic papi,zedd
FXCKALLTHEPAIN,0307
Cmon you Mauves,2298
Neapea,999
un pumita,EUW
templybmndbm,3487
AGARTHA ENTRANCE,271kk
67 lulu,xdlol
Happens go next,2270
IDO2CUTSFEELPAIN,01IRL
marokaneca,12345
hul fotra,pico
mimilou12,EUW
Verkoudheid,000
Cireme72,4309
Paya,EUWFR
阿喵妹,CN1
Shodan,EUW3
happy game,qwer
Lillio,mamie
Israeli Sniper,Kirk
Sussel,Bubbl
Lucaaaa,ADC
Sn1pez,EUW
ＶＩＧＯＲＯＵＳＢＣＫＳＨＯＴＳ,ＤＥＥＰ
Lozux,xdd
Cortés,ESI
福利莲,777
BABAROGA,6247
JaivulArcane,PTSD
Dyrth,COL
Sounds,sinas
Xami,EUW11
Real Warrior,77777
Ranni,Fun
Xenonium19,EUW
715935429,EUW
Niulonger,zesty
SOY YO C0NCHA,ENTRO
Harû,2255q
Dreamer,4410
GIorious Vanity,EUW
Areka Putra,LUCK
cookielol victim,003
Mirin Dadou,COOL
сердце,leen
Astarlight,EUW
High and dry,euw12
DAKI HANMA,EUW
Sir Yvonne ,EUW
wasted dreams 망함,Zeal
ПАЖЫЛОЙДУПЛАДЁР,HERE
MISSILE IRANIEN,CELDO
Your Daddy,8inch
nasser2v3,6969
Pløblord,EUW
Visti,1409
NotOtakuu,AWOO
XxXassblastaXxX,fart
希特勒意志永存,CDC
BArD but win,0001
acid bath,kite
ripsquad fan,333
rvg,GRE
Fling into orbit,Gas
niu niu,025
0l1ck0,EUW
my fav viper,EUW
SPG Terrifier,EUW
Player,6416
Ratio by Kata,EUW
Gol D Roger,2026
BRATTY CATGIRL,kitty
Katril,1v9XD
OlinekOkrąglinek,EUW
KaneenaK,Jeek
Rationalist,iQ165
T1 Gumayusi,B0T
xylo,EU33
LETHAL TEMPO,UUH
sobigi2,i2i2
lIlIlllIllllllIl,EUW
cacikci,cacik
Raptor,TES
qweasdzxcsad,2203
I love Potatoes,SWAIN
Bicycle Day,011
ComeWithRafiki,EUW
Isagi,PYKE
zwzwx,EUW
Eyeless,5566
Zamnkieta glowa,glowa
XXCUМINSPECTORXX,JÄMPT
CaptainKrblt777,EUW
Solstory,7070
All Lanes Losing,001
리라차 폰데차피팟,이기다
dont type to me,dogs
Sankaizer,aga
Kreideprinz,0023
他一直和我在一起,YASUO
lezicii101,123
黒の暴牛,1881
BraisePerçante,1115
Montyes,cure
Weaksided,4EVER
spelus huius,sprm
코스타스 크네브스,6969
ass crust,ebony
XDXDXDXDXDXDX,KATA
Ambis,EUW2
eylulze,777
clair de lune,4815
DOPYCHACZ1337,CWLLL
ghostrunner,Pyke
YAGIZ MESSI,IDGAF
daripolisen,19391
Freddie Dredd,WTH
HemskeHan,EUW
Yang Wen Li,EUW53
GoldenV2,001
Gimbyo,EUW
LeftyMan,ISSUE
Goynis,Chine
GhoulIzPodolska9,krtm
Sigi Sigfried,POPO
Doom,lft
The Hollow,KingJ
Nasnas91180,6325
Fear,S15
Zetaa,ITA
Jodihaeso,EUW
Xethn,93283
SHORTKING NICO,EUW
Spooky Scary,Skibi
Village Girl D,EUW
Le Roi Malz,EUW25
REAL P4DF FILE,REAL
KOGONG KOGONG,BETON
Xoxlydzy,EUW
Lotus Dao,889
Jour de chance,CNQR
Samuri,King
sidestep on bath,room
Loki,ynx
Twings,EUW
是你baby,2005
N1ghtmareSan,EUW
PlantbasedFnijer,EUW
TomChandler99,EUW
5 DØGS 1 TÉAM,EUW
I ŁOVE MY GF,SHIZO
Jewyczki,EUW
lightsout,who
Shadow,EUW2
ZiomzHujolandii,CWL
Ben Ji Hyung,LOL
Maelstrom,9188
gokupepper,KKona
shoggle,FILES
MINE TUGAY AYAK,03636
Edvige,EU1
AC Mekiiri,1900
CH1 Busy,EUW
D0NY1,EUW
L9 GODLIKE NAMI,eslvt
Turkish Kitten,7782
chovy jihan,viper
Diana,JLG
LiL Uzik,Pyt
Tenosita,EUW
snowy mountains,unfrg
ElpisOizys,EUW
1333555557777777,EUW
Memo,OO1
prfct,JGKD
Litefuny,EUW
Yankees in Paris,8325
Grasfge,EUW
Nosse02,0407
T1 PeyzPal,JGDIF
grekus pepegus ,EUW
reset,GER
ifapeverysunday,EUW
Red flag,6044
S1CKˆºˆV0V4,EUW
Smiler,zzz
Altair,4562
Xuclat,ESP
ÇA SHIFT,ARZK
Lux Aeterna,Light
zray,5011
NickTsk,0000
gapujom mnie,help
VIHA JA RAEV,RAGE
T2 GumayUzi,T2G
IIIIIIl,IIIII
Salive2Fion,EUW
Gulag Enterprise,1337
PERREO FURIOSO,EUW
Modkker,GЕBАS
EL LOBO BÚ,EUW
Ras Alhague,8670
Nakto,ChilQ
going ghost,EUW
Fiskface,Riven
Dark Aura,1Kayn
Kisezho,EUW
16yo kid,EUWFR
Vapeutkörning040,040
Coverboy Pretty,EUW
heavy rain,love
brum,wrum
MLA Dorito,rank1
zupozupovic,EUW
asdasd1,234
BarekTheReformed,KING
ValCagne,EUW
RIFTKING,REHAD
Lone Wapiti,EUW
GGhost,ººº
Unknown,204
Unreligiös,EUW
AtisSahs,EUW
Slaymi,EzWin
Dyedeyes,EUW
Dingi,EUW
Pastedox,EUW
naprimer,nbhd
itachi,exile
Im Gregory,EUW
fleshyjungleacc,1111
Heca Del Rey,HECA
7nusloenfO,EUW
Crimean Girl,EUW
zxczxczxczxcz,zcxzc
WX zGxAY3ZLlFI,EU1
X 8 D,EUW
ESPAÑA,188
firewalkwithme,XDD
Seijuro Akashi,DWG
KPOP Resu ,EUW
HF Esko,FUEGO
Tokai Teio,ROAR
TESTO ABDI,EUW
Arthas,3210
chronicillness,369
SámiraSama,EUW
skJim,EUW
safe and sound,1337
BOURGEOISIEHATER,67x13
Demonzz1,111
NewItemBladeGun,EUW
sad habibi,cba
Livid,9999
Wintermärchen,Elfen
ElmoInYourWall,EUW
Kaja,Billy
miyuna,meda
GCN Gnome,EUW
Federal Contract,123
faxekondibooster,arc
Kenndex,EUW
Pyke Von,Oblck
Nextru,Pirat
Mortrêd1,EUW
macieksztaluga42,CWL
onlygapped,EUW
soykan,361
Keîji,2312
wenglus,doll
Erase,zzz
nano,24127
Xiao guang,YSGM6
SMAAAASHE,EUW
beto,Mid
IIIIIIIIIIIIIl,IIII
The Last Dance,Quit
The Last Dance,Quit
Terminator290,EUW
KAYZ,1111
IIIIIIllIllIllIl,IIllI
WhynotKJ,EUW
sona geldik,0911
Kaikoxi,EUW
xiaopang,int
Roger Doradillos,3D2Y
SCP844,EUW
OBF Douvid,CHINA
Pörca Püttana,VIXI
TTV gunfireadc,313
Mirppa,GROMP
shadow2215,9280
ADCPRRPRR,EUW12
CowboyLikeHer,TS13
BRATWURST,BIG
Fallen,Rage
여름가을겨울 봄,아름다워
Pechugona,melon
stage fright,xxxxx
Remo,EST
PervitinTook,Pipin
TheIronDome,IDEF
jiujiubaby,ovo
Tengen Uzui,069
jipi1234,EUW
mordredjr,EUW
PermaRandomBlack,6666
180 130 225,SBD
TOXAH3,Pyke
justcan,can
uncias,GST
고블린 상어,1111
wuju,EUW2
Cigs After Heca,CAS
glue sniffer1,mNN1
秦嘉良的慕尼黑男友,520
AKozbar,9411
silent demise777,salt
YU1XXTGseIe6ps4i,EUW
Ventylij Zajcev,papa
Elkie,1222
In the sea,ushio
Heads Will Roll,3438
小超梦,XCMCN
UIC FrozenHands,SMURF
CheveuxSoyeux13,DOUX
humble winner,god
GengarIRL,Smile
Alternosfera,frig
OllyV3,EUW
szakimi,TOP
ni hao,CPZ
Oviovioi,rolo
aWk8,EUW
turipuri2070,EUW
Maison Margiela,XTC88
ROTTA,EUW2
Μoonlight0,EUW
Errianun,EUW
septum piercing,raw
Akimeris 3,EUW
Alt gf Janna,EUW
Zefru,jg1
BLACK CAT,M1S
Kiartsam,EUW
Zelda,One
lenore s end,1476
Yannick Bolasie,2015
Blonde Addict,DOGS1
KAMlKAZE SINGED,GASXD
snakeyes,PAUSE
A17E34X21,EUW
Catherine,xxx
Strigmos,EUW
Belynnag,EUW
Black Puzzi,WOOF
xqonz,1111
o0o,11112
Ramz,RMRL
ArabicHumanvsKR,FreeP
FE Obscurity,EUWA0
Ophinahma,EUW
cold world,shh
B00SHKASH,EUW
SuppIsInflated,EGO
Chowlee,EUW
FakerSecretAcc,D0G
Чалик флексов ру,scale
LittleTriasxe,EUW
Porgamal,EUW
akhiNator,421
Livaï Ackerman,akz
Речь Посполитăя,PLJ
Puleria,EUW
i will marry her,AMY
zzzzanzz,EUW
agresko,00001
chiken,EUW2
TOSBA,MCU
TwTv Shacotale,Clown
lightbringer,71 7
Lieless,TRUST
Afri,vodzi
afquack,diff
5751,000
ZwiskoDisko,zwis
doll from taiwan,shein
Whallex,EUW
kid,voyou
666 FALLEN ANGEL,EUW
LECURIEUX,idk
Crab Fisher,TOYE
Tražim ženu,badaf
rygych,EUW
FlorisWhite,EUW
CanTheyBleed,333
DARIUS,TJD
Lotunerna,EUW
NOVAK DJOKOVIC,SRB1
Paul Halberstram,EUW
мечта,xx1
HeisenbergSupp,EUW67
link lolpros,u jew
Carl Jung,1337
Call Me Köse,kose
EDS Izfa,EUW
storyteller,angel
Hecabrand,WEST
Fading Grace,dirge
Radiohead,zyb
Juz nie moge,Hepha
Hold The Thor,ola
Wency,549
9999XWN,AIZEL
krulsentino,sicar
OUT TO SEA AGAIN,kiku
y feeding,EUW
Twisted Treeline,sbr
whitetoes maxing,feet
Axerk ゅ,1022
chillplay,hobby
KC JUNG KING,123
BadGenetics,BGS
微竞小风风,1058
IFIRSTIMEMYCHAMP,DUMB
catgrI,EUW
no love,rb27
Cabrazapu,zapu
YeQiuFeng,CN1
Xietters,EUW
h 20051220,smile
ASTROMENTAL69,000
owzab,EUW
Zåkuma,Easy
Hawk tsimpuki,EUW
vuja,javu
Nad,081
angel wings,drain
moonsa,snake
Natascha Fanboy,Nati
timmywolf2012,gang
I LOVE MY HOT GF,xTiga
Kaharu,TR07
Temrie,EUW
patosnello,ele
gore,cntr
mlody kosa,kosa
LAKI333,000
Zedameana,EUW
inner peace,111
BossBaby,Souly
i Iike trains,train
Ranellis,EUW
pox wavë,FLL
krysia ezreal,acc
GOAL EnLightEnd,eProd
Killua,zabou
野区开始躁动啦,adsfg
DeathCanTakeMe,Lorna
galefors,EUW
Mælkemanden,cmon
Yintuition,Hog
HitomiOkami S1mp,EUW
MarielyBond,EUW
Never Loved,AKALI
33011033,EUW
Laurena,KR2
sunless,ivory
Eat My Axee,EUW
Yeżak,jeż
123,wkd
Neoph,888
TTV CUCKARIJOO,GYPSY
ThaaSilent22,EUW
SecretAlmasty,EUW
sk jokin,EUW
John Wick,Jaga
s3ndLov3,eneMs
poro slayer 12,EUW
MarfoMarfoMarfo,aya
RLU Batu,RLU
Taloned,SoloQ
lilblubunny,EUW
yiuu,EUW
Tornade2Prout,Puant
dideli papai,bielk
Dimitrescu,777
Yu Wen Bo,CFC10
PRAWICZEK,15CM
Sadie Sink,BELLE
Rev3nge3Ð,Far
Perry the berry,DRLOL
Jalianarlend,EUW
Shadow,LIE
Perfect Electric,DSDI
zedongyahu,idf
Tidiseu,EUW
Solanin,ABCDE
LoLBroly,EUW
vetygni,EUW
Eune Superstar,Eastt
Kyaseas,EUW
je veux teter,lait
fantesci,луна
Dariuszek,SWAIN
Barcamine02,EUW
KefeneBoşalan,KEF3N
rule the court,123
Jack Reacher,667
D3lta Dagger,EUW
Math gapped,GEEKD
lvl 99 ohio boss,nerd
Ormespiser,EUW
Saibo,1v9
Shame In You,1334
Alcohoolic Vlad,ALCOL
ouga bouga TOP,OPEN
xofzjbu,EUW
smaira otp,FIGHT
boc v blizkiq,EUW
Bagfinten,15113
toenailconsumer9,EUW
knave,xxf
VREAU BMW,001
Peak Performante,EUW
Narthanos,EUW
Hatonhon,EUW
cypus,viper
white silence,1000
VochtigePoepGat,EUW
tfggp,EUW
toffifee,choco
Kite Machine,DMQ
5050BretterDich,5050
almost at most,1404
d32ddf,3d2d
those brown eyes,sessu
EN0RME BURNES,666
favo,dio
A7 BLOCKEN,tyst
BENJMN NETANYAHU,ISRL
dni if ugly,sigma
Darkz,ÑÑÑ
Egon Cholakian,Glitz
reze,csww
Jasihinae,EUW
VOULWNE VLAKA,SKASE
Intaccount,HEHE
ELEVYNN,EUW
ImAdicTV1,EUW
th rooster,22cm
PhoGS,EUW
Andamdeliora,EUW
Orlok,111
Khaleenick,1234
fSc,chall
eyenuwa,domi
hahahahahala,EUW
Yvette,QAQ
Mlenda,2310
Estilyemos dog,YEMOS
xopami,808
TheDarkGamer9913,EUW
Labursam,EUW
ŠCARÐINA,93340
zoi2k,EUW
VictoriousInGame,EUW
NIXZYEE,0001
Usurper,4790
Кириешка,HELR
100percent chill,EUW3
SS1,DBZ
M3Z4RC1 VEBO,S1KER
JimmySteve,8686
Baloo,8092
AI slop,test1
Nefarian Serpine,Lxsr
Gengar,Euwe
XOOX00X,EUW
YooHanKim,DOKJA
defile1379,EUW
rzydzew to faja,lech
who da fk are u,2074
Riftsmurfer152,JGM
stuck turko,01011
Asam na kon,eda
Yuta Økkøtsu,rika
TNG,uzoni
Giratina VSTAR,ギラティナ
Kartovellek,EUW
sauyon cosplay,sosal
GOAT,Ezpz
im shacos main,EUW
Lakisha,EUW
Marie Jane,WEST
Sabs,win
SzoT,5PigS
CYROW,999
ania2010pl,EUW
LenY2,EUW
MIDINHO,00000
watdatmean,54367
TTV KayaCin,EUW
BestPlayerSudan,Sudan
kollaskasepies,420
EuFarei 10x,VNR7
Smol,okk
XiaoChiaoMeng,EUW
fishnet ripper,EUW
White,EUW01
2416,jgg
chefκοch,EUW
Hayooo,真的无敌
heatcliffErlking,cathy
Mullitaja,EST
Ρlease help,EUW
ambivalence,8003
ILOVELOLXD,000
little chungi,kapp
Hapiness26,EUW
Otless,9202
Valkyrie,Edx
Ero sennin,Supp
KingRazmerXxL,6969
退 删,1706
PφSSψJΩICΣ,EUW
Spiskrigarn,Kock
Skorstein,Tosh2
MID KING IS BACK,Chovy
HexaHunter49,EUW
Scrapiee,6237
XiaoChaoMeng,20000
SoloQisFunny,1987
pepsimax,7532
SatanSensei,666
TTVGwenWannaBe,EUW
Klassiker,123
Heaventime,EUWW
ΓAΜΩΦΤΥΑΡΟΣ,1998
Jan Šrajer,1688
Resilient,KMKG
Dopeul Sacrieur,KAMAS
quentyn ball,3833
peyz ad,1000
滅魔の剣,99200
MidFlyer,333
明知月中意,guwen
nihilism poxyizm,21312
hi im not lyncas,imnot
Mickenziii,EUW
Joe Goldberg,1vs9
Viola sir,EUW
Talento la Selva,1010
La coolance,EUW
ad super nova,777
Gattouz0,123
Aedomarion,EUW
mursobaby2,9999
TonPereLeChauve,13015
Sir Ciceronne,224
Kanawin,SoloQ
ADC XD,1312
adc1183100826愛,1412
green legacy,0003
Yuta,ADC91
BOOTY BARBER,CNC
MyNameJeff77,EUW
chsea,EUW
RTM kürwo cwelu,essa
Manifest,SUEZA
Entomorphis,EUW
oglumnediyooo,7260
aviian,píča
CT 6116,501
Phyacianonit,EUW
DRAVEN AK 47,9876
Pylufitae,EUW
Acteur Financier,CAC40
banana,ppeel
나이크,EUW00
JUGKING,BACK
I lost my aura,rise
Oskarek ˆωˆ,343
empty place,Exile
MΟNKey,BLIND
Slowtism,GGG3
SzøT,4DØGS
ROBERTO SOLDIC,CRO
abuugi,EUW2
His Femb0y,TWINK
Jackson Lamb,MI5
Drill de bz,SAH
byz,EUW2
pregabalin 300mg,drain
HXXXXXXXXXXXXXXX,XXXXX
Best irelia Ew,Eaa
Forangon,EUW
Mellow,iKun
AGGELOS,DEMON
queer disasster,EUW
Ygzor mid acc,sigma
Spacing,lllll
MePlayFill,INT
Hinter24,2230
Unleashed Power,100
Omni Test,EUW
fracasado,malo
Xiveris,Supp
T18 0 YeQiu,YeQiu
Turbonäsan,turbo
CPZCPZCPZCPZCPZ,Scrpt
Toblerone67,12345
Tankig,EUW
Shizuka Minamoto,909
Hawk,SKY1
Kenshin Himura,KDA
Cripple,Gwen
joni43,OWO
Aoi Todo,SETT
big crazy monkey,EUW
AdamAdcCc,EUW
Duncan the Tall,IQ99
TwTv mmitrox,atrox
Hludwig Andresen,ΕUW
八握剣異戒神将魔虚羅,JANNA
Kaoruko Waguri,Gwen
Wraiith,EUNE2
ilber ortayli,1453
CloudRaccoon,JIN
Ližem Pimpek,seksi
Monty,677
RockGrinder293,EUW
joey jordison,DRUMM
ZainAlMaccabi,GATE5
Rothcheos,EUW
乂乂乂乂乂乂乂,十十十
Yr3lia,EUW
Penitent1,Sin
Dohkaii,RED
sabo,0 0 0
HolyKyo,EUW
danik,3500
rugbyC,EUW
개화의 짜장면,KREUW
souljaboitellem,EUW
Leo XIV,Papa
letadlokuba,hovni
Spice and Wolf,FIN
MooreButler1,EUW
Exen,NŻH
Seven Diddy Sins,Party
欧洲的 pz zzang,聚光灯
ImFeelinMechanic,EUW
PotatoGuyGabi,WEST
OneNote,INK
kyrslf,EUW
Titiii26,9174
Wrath Of Raúl,EUW
Ciphra,zero
Snipping Tool,1337
Hanettanson,EUW
silvers rayleigh,xxxx
Anti Misantroph,EUW
SHARKMENTAL,001
xtupxpu,EUW
Mahlsdorf,EUW
ALLSHEWANTS,PUPPY
escape dystopia,EUW
Pottysnail,EUW
choilot,LOT
Stripus,eee
washed,truly
I X V I X,DND
MattZephy,Zeph
Gargamel,Smølf
Werstef,2021
Manami,uwu
Werstef,2021
Manami,uwu
DestroyerPau,9102
sbşd,kayle
ya ebanutaya,verim
ostavi,hzr
Lane assistance,SOS
painagonysuffer,troll
M0SSAD AGENT,269
alix de souza,1111
Decoy,1v9
ichiban,aaaaa
Cheladar,EUW
ASU FRAT LEADER,MOOOG
Galicel,EUW
trainingDummy,train
囈 Y,囈 X
Cenzy,EUW
cokiyiyim,ömer
1vs9 or lost ,EUW
TON 618,QUASR
Fugo,7432
Zenariko,3001
BLG axa,CHINA
F0RLAN,1016
rW9 coach,rW9
crazy fesk,EUW
Ndayesielai,EUW
CarlCarlson23,EUW
Patagónico1,EUW
Maximillion,PGS
ksatmaezk,2014
D Cáne Boom,EUW
MiDTHECONQUERROR,AZZZZ
TOPGBEHAVIOUR,EUW
Mitanoo,TuWe
I Am Loutre,EUW
Wasza Szerokosc,EUW
Can,ktt
Euw worst elo,EUW
2BSimpAccount,YORHA
Shadyalmighty,111
ENJOYER,FUNZ
Odpad Społeczny,NERD
xUZZI,EUW22
Idytanda,EUW
Resurrector4000,0003
chap 236,236
YkgrqlwI,EUW
like knives,mrg
Zianganti,EUW
sassenach,SHYYY
TheLerf,EUW
Patrick Jane,Tea
디아루가,살 라
no mid int,15ff
Æšterłønœń,EUW
恶 魔,玩家个
Kaigistair,EUW
Angreifer,00000
Adc Andi,187
Hypothalamus,1453
Ryland Grace,Rocky
sibulba,EUW
mantarmir,3131
Arctmel,EUW
Mentzen 2025,POL12
its ok,elli
TenkiMid,EUW
Regejimas,LAT
Neogicom,EUW
Anghhhghh Unghhh,hhhgh
Mostafa MD,3231
NIGHT RUNNING,LOTL
Tom Hagen,POL
NazumahIsForever,EUW
scythe,00111
Imlomu,1337
Madly,1212
Poderoso Jacinto,EUW
PRETTY BOY V3,AURA
Fuyicadu,EUW
NEXT ADKING,Abcho
takumi GLO,000
Captain OAS,BACK
T0UB3H,DUNK
Sleepy Mita,love
伯明翰遺失心跳,LOVE
Jinshedang,EUW
Kalashniko,77777
Engry,EUW
WSD1,ff15
word,vayne
Sett ouga booga,0IQ
Im Proud Of You,iana
Baketto,CZECH
Viego Uchiha,777
kayle is kayling,6945
Fealvet,1214
王OK,001
王OK,001
Sentino,GMLL
import1,712
zhan,ryy
DΙAΝΑ,EUW
flying peppa99,pig
91 goals,0506
peoptasm,swag
Mastourbinho,20CM
Sascha1998,OE1
Billy Loomis,5341
xgongiveitoya,EUW43
ioicia,EUW
IKiratsumeI,EUW
jεwknight,hate
NoClip,KAYN
ADIJURO,EUW
BREAKER,CSX
HOMELESS CRHEAD,EUW
Adorufu Hitora,WHITE
KY5EK3,EUW
peashooter69,lak
Dilemmaa,Nelly
BUNWIFE,BUN
MenaaceSantana,EUW
Anas,Nowk
Yaman Koper,reel
mike tyzoune,IRON
kaerboN,945
désolé merci,206
sexy buffka,JDJ
Catenicus,vis
HAHAHA XDDDXDXD,EUW
SheCouldFixMe,cryin
S U N R III S E ,EUW
Zundairy,Kank
Banhal,002
L9 FURKANFAMA,C9L9
relic xd,EUW
PPZ Honey,EUW
1ssaeg,EUW
can win no ff,EUW11
MENTAL iLL ACC,HELP
Lennart Karl,FCB
bausdle dotcom,messi
Captain Tounes,Faker
Keksik,1842
SUNDANCER,0123
Memarc,EUW
fdbryant3,EUW
Yemeni Gumayusi,EUW
99 Hope,EUW
mustangcigeldi,hanim
off meta supp,lule
Herrscher of LOL,EUW
apoda,krkr
Corn Flex,SOLOQ
Dagco,EUW
Dåligt Väder,Wett
prime ronaldo,portu
Hiss at ADCs,666
protectthedolls,t e e
Parricke,EUW
isufr int acc,000
Monkey Boy,AFRIC
Khireanne,EUW
Sez,33333
Henry of Skalitz,SAKRA
what is kite,EUW
tigre recto,MA G
acustic,UPO
Ymeginel,EUW
Spêcter Yi,1327
Schnoepsy,EUW
Seth,9197
Vesetor,EUW
yordle fondler,yordl
Garrybergstein,3000
HYLintSANG,FNC
Spacemonkey,DOG
Yourmyslave,EUW
UnFair,461
baby blue love,Blue
Herr Fler,80k
hunting for you,EUW
Chevy Impala DS,1967
Lope de Vega,GOAT
HOPE,JOE
Dark Souls III,YHORM
48256,EUW
AdwekeDOOMEDacc,lose
MajiHaji,EUW12
Kishou Arima,1111
ELON MUSK DIFF,EUW
SuiseiPissAbuser,EUW
Im a pro inter,Inter
Snorlax,baker
TiltIsBeta,EUW
VEINY BICEPS,3163
Vayne,Tryhd
Vayne,Tryhd
i eloboost chabo,grrrr
Zaxaris e36,4677
乃args,2002
Sunny,jgl
Rottefar,FTW
StopFlameTheJgl,EUW
xxzz1,EUW
thanks im turk,proud
Alice Cullen,DUSK
Miraï neko,noir
Pidinayle,7434
Konchita Burst,BORST
in god i trust,faith
RevengeOfTheSith,Peak
Xeryv,EUW
tomas shelbik,sigma
dream,g59
Ssimanan,EUW
Bactérie,1v9
Blast,PSY
Bassem Braiki,VENI
vKinda,EUW
Relaxed,adc
Ken Zazpi,000
JaeJay,1015
Blodwaihn,EUW
Pop Stroke,WOO
Travmatias,EUW
M0sT CaRRy,EUW
summer,TSCO
Shakuda Minabo,EUW
tavuk gögüs,EUW
I saw you,911
Liv,Majin
MistyAid,mog
Greed,014
Lightborn666,TTV
xehrf,EUW
koba612,0001
Percius,0001
Brirgha,EUW
IM4ward,EUW
Minion,uff
Ethaso,9498
umm no,EUW
StealthySteve sh,EUW
tel aviv bot acc,Apc
STV Spouk,STV
liojm,EUW
xnoo,xnoo
Rıza Kayaalp,ONE
Raketa,1234
coca1ne overdose,SKTTR
KlNGSLAYER,EUW
qweasdqweasdqwq,KR3
Galexpi007,EUW
Donaldo Trompeta,Epsty
Blak,lol
Rxiaer,0011
Weëmox,2023
leao1,3004
Reve,0001
Cid Campeador,LOBO
ll696ll,EUW
Kankertje,EUW
CatGPT,222
Andiks,ADC
Chopperf,EUW
because i,EUWWW
라이언 고슬링,Bleed
Baby Driver,KZD
DIFFERENC,LOL
Michell Venom,EUW
LetMeKennenPlz,EUW
PowerFarmKEKW,19iq
mevsim sonbahar,EUW
Gelano PA Pods,fri3
SIaγer,EUW
Monsteroo,EUW
xStalis,Bomba
alekskoks420,zjb
adc of hungary,EUW
SCPX in Zwickau,EUWW
SixEyes,Gojo6
Kron,77777
zSwamp ,EUW
allcapsMFDOOM,EUW
白白胖胖 充满希望,Ccc
Tommmy1,EUW
clouds in head,zzzz
연습 계정 신,KR2
Bobby Moynihan,85368
vows not empty,fear
Bergnationen,EUW
Flame Strike,Paizo
BOOSTACC RAIVATO,EUW6
Hank Moody,ASO
defqu,WEST
Assa Vitt,0000
Assa Vitt,0000
Ross Crock,EUW
DukeAly,0107
Tdoggy Dog,Tdog
Airbalding,Hair
Laikenti,EUW
IHaveNoEnemies,jggap
sinatraZZZ,SEIF
Imboacto,EUW
malediction,000
From Dog to God,69699
virgil,1000
ßaiCai,EUW
MeremetiMeTzifto,EUW
Klócha,EUW
CømebackStrønger,EUW
not too shabby,nice
RD SUR TWITCH,FREE
UCIU67,MANGO
weakside top,s2026
kraken enjoyer,EUW
中风的狼,CZY
sypek,syp
vexoo22,EUW
FearitseIf,EUW
hardstyle kitty,paws
meowosh,mati
Vujiifusc,EUW
S4decePOPO,3169
imperfect art,ZLR
losin to offrole,EUW
차해인,ARISE
Szamocin Rengar,EUW
noa lang,303
Edward Newgate,667
DeusKiwi4th,EUW
mrnejymxb,EUW
 Snet Strelyaet,EUW
Beunveld,EUW
Snaw,euww
Piloraberenz,1111
shido lovell,966y
GoingTheDistance,EUW
Musa51,EUW
will not fail,xdxd
Opynox,OPX
Yllätykseen,EUW
bigvape,EUW
momo,VET0
VIDESTIGE,001
KrabicoR,EUW
Hanix,2gd4u
EXILEDDD,QIQI
Que dla boulette,EUW
Ahik,2515
VOLIM TE BOSNO,srb
Frallo,EUW
Hatred,Loved
WHERE WAS YOU,JBOYS
fkboygamer,zzz
FlsTeNe,EUW
barcode,000
FS Dejv,EUW
Zerbra,EUW
DOMINUS JGL,심핑포블런
RomanianAbuser,EUW
kOLMO,7791
La CAF au blanc,RN27
Do Bronx,PRIME
IGLoODaN,Emily
KingMeals,EUW
Kruz69,EUW
Lick My Tentacle,EUW
Swagilishes,EUW
Slippery Jimmy,EUW
DearD,2137
vrino,EUW
Tizzar,EUW
INVADE GREENLAND,GGEZ
Omega Protocol,EUW
Lxnt,Bruhh
ktpjpj,EUW
matiaslaclasse,EUW
Rominator,MITSU
Wolfgang Grimmer,rapo
ЛЕСНИЧИЕРАЗЛИЧИЯ,163
robin,mlm
Pekmek,EUW
Oliciernalin,EUW
Swift Death,2313
peyx,333
17yo KR Rookie,KRRK
Road To CHALL,GOAT
DoormatCat,0000
issa,gasmi
outqjakk,EUW
Katalithe,EUW
RONALDO 2008,CRX
BJK Cocoray,DrGra
쵸비의 수제자,neme
Ragnarok,KEKW
DARIUSgankHATER,rat
Clowns XDD,EUW
ICE HANDS,26ZZ
Vucko,Hrvat
potmeetkettle,yolo
now im angry,grr
Lying is Love,VPXD
Livey,888
Zolborghat,EUW
KISYA,1234
for fun gaming,MID
dIJokeRIb,EUW
InAnArena,DRGV
Alexelot,ALX
Ment4lDemon,CHALL
Angry Teddy,UwU
GlockNine,EUW
sandjr,euww
3x Filtreyy,92i
Atlas,719
deªthdate Ξ tba,EUW
lubie placki,6131
TTVDontKnowAnyMo,ReLoL
ˆˇˉˆˇˉˆˇˉˆˇˉ,EUWˆˇ
FENT PUMP,ff15
Sando,WUE
LariosTrina,EUW
FloofMiphiaBnuuy,OwO
3rlanw9,w9way
Skaldet Ged,Dert
Losco Playboy,EUW
Sacred,Titan
Lady Melody,LADY
Jayesskay,3530
Onkel Stewart,bajer
Brick Importer,FedEx
Hearted,000
We Are Negan,6969
l1ft TV,Twitc
ANIVIASUPPORT,DOG
kyoka,ILY
Relentless Ray,EUW
Adashi,Zoeba
Perma Banned,NTGM
Aphrodite,Boxxy
Angel Damou,210
V1gil,VGL
Mandaryna,cm2me
Pennerben,EUW
MatCody3,GGWP
A1n1Y1O1n1E,KR3
Hollow Purple,GOJOO
ZN Knixx,INTJ
bleed for me,csx
HAwnSiCkYW,EUW
BOC Kesi,BOC
Muichiro Tokito,pium
你将被煮在汤里,SOUP
JeanBøømbeur,EUW
자신을 믿으세요,2104
you borgor xd,EUW
Askeladd,blade
Raphssiopeia,EUW
sebnemferahfan,zed
Alone O Sullivan,EUW
Mikrocinek,Bzyk
Adest,100
basketolog,EUW
Heym,eu1
RoyeQ,46881
The Protagonist,oki1
ßrrr,ßrrr
ΜcLοvin,Fogel
IlIIIllIIIII,EUW
Kobato Hasegawa,givlp
Runevonand,EUW
McLovin,legoF
Nakano Miku,YYGH
Bossman 4,Pooya
Apple Lord,EUW
Írelía Símp ,EUW
xppgaming,cuhuh
Mr SΕX,EUW
I a m e n t,Xiao
Gregory House,MUDR
KON KNUEPPEL,ROTY
ABBATATOIR,RATGE
Genghis Khan,diddγ
Tαdej Pogαčαr,EUW
Jet,1v9
YouTube Erubin,2807
Femboy Enjoyer,LEGS
KC Epste1n,8848
Decidophobia,4216
Kyzuuko,0000
Sayso says,5687
Little Issa ,EUW
ワンピース,584
hellcat13,him
Max,YOOO
Welly,369
TeamVictim,EUW2
Taylor Version,EUW
HMB Tyrone,CN1
Grr meow,Sam
Cull Salesman,Aria
Kim Minjeong,0104
Kont,0931
vladimoros,EUW
SnowBlower,EUW
Mr Peng,EUW
Riyo Reaper,Gwen
FK STOOPID GUY,667
Uncause,PL1
Davros,123
Blue Lily xoxo,rekt
KadhafiJungle,Jgdif
INNER MONOLOGUE,SKYZO
vasti69,EUW
VoicesSay All In,1337
Kerfa,LAN1
Lavender Empress,VOID
VAREX,0903
Nihilitas,Nihi
Lorna Shore,1110
Pick Lee,MONK
Barack Obama,3131
Big Netanyahu,telav
苏里科夫美术学院,永远滴神
NO BYSTANDERS,ΕUW
Midlane Fossil,6565
humble kid,deli
hAater,cry
CălinGeorgescu,POT
19helforca03,HLF
BrusiCAA,12345
Matsuda,0919
Fate doomed,123
bbbbbbbb,blm
bench 115kg ez,gym
Qroma,EUW
ZOLDYK5,EUW
88888,SAE
E6aLLLuM KPACUBO,EUW
S2K,S2K2
AxesMen,1337
DISHONORED 2,EMILY
RESET THE LADDER,PLS
Maxibillion,PGS
D Çage,VEIG2
xxlassev2,EUW
No Viego Soren,TRAIN
GOD AMONGST MEN,EUW
Taiqeri,EUW
tripaloski,6489
catgirl briar,bite
yea right,ansa
Briar au Génépi,EUW
fqmwb,EUW
hopxgmykhgxc,EUW
lighT,xDxDa
IRezzet,0907
LAST CHANCE,KMC
Frinu,EUW
くーーーーー ＮＯＯＢ,8DD
pompompurin,2209
MUTE 9 RANDOMS,EUW
Seclusive,EUW
gold,EUW31
gethsemane,34243
accursed,manic
tempname,1577
Kityatavynol,EUW
benjaminNebanyhu,gusss
Eierquetscher,3232
KindredFutaMilk,DRINK
HBLOCK,EBK
krisklimt,777
goblin,ansa
tachophobia,FAST
JoyGoy MDRRR,gogoy
Termi876,EUW
KPR cyraXx,xDD
Wølf Knight,EUW
EUNE SPY,BULA
Unglücklich,Yuuki
Marv1351,9509
GravityGuyLV,EUW
painx mid acc,kuznk
JGKRAL,Vixen
P0LISH TOPLANER,EUW
EverFrost,IcyCN
YejisArmpitLover,ITZY
Rush,HOCIC
sudo,EUW2
Manifest Hilal,SNAP
TheodoreJea,EUW
Morder0,EUW
notfair,snrio
whatayok,EUW
Rame,011
Szebb,EVA
Flawless Laner,EUW
Pomka,xdd
beat the 0dds,681
Hyperion,EUW10
123456,Chr15
vanish,555
Stagnant Water,10700
Kokos,COCO
sansarsalvo,finn
flushordrush,EUW
unholy monk,WOW
noanswerfornpcs,SPQR
Al Jabbar,God
MeatRocket8,9272
fil,1111
ZIIIIBIIII,BZZZZ
BewareTheQ,EUW
nostalgia kills,decay
I own The Nub,EUW
samginy,EUW
shiyo,xcx
afransi6,666
BRIAN MOSER,77776
Ming,12342
lapse,yikes
SUP Toxic Keskin,EUW
dutturuu,0000
ad1qwdkod,0001
LR Velja,2203
9182736450192837,12345
alhamdulillah,638
ReYkoTheLord,9669
Pontos,111
观主z,0717
Psïlöcybïnëd,EUW
blessrenege,EUW0
통나무 원딜러,6974
ptioc,EUW
LEZO REFORMED,GAB
Night Harvestler,EUW
Ex Nihilo,3369
i just gamble,XDXD
PoYson,SPN
SoldierBird,EUW
la perla,000
Wolf and a Lamb,Dog
Baton,256
anabolic,GYM12
kulawy muszyn,płock
Zeloz,EUW17
DRXAKEZ,2020
wtf dmg,METIN
dw ダウィ,Ø Ø Ø
SAMIRAINSTALOCK2,EUW
Doomweed,SCP
yqgserq,EUW
Tiphar,EUWFR
batuyaan,EUW
I eeladiN,KSDH
ImGoingIron,EUW
Λrchmage,SILNZ
UNST3ADY0,EUW
bórk acc 2,EUW
djonla,TDJ
Trunk Monke,4973
cocaine addict,GOD
NightfurCat,EUW
Gamil,gemy
monteur,0105
SheetmoOtp,EUW
SlowlySinking나,meow
Zerynth,EUW
wozairushenyuan,xxxxx
Pain,syp
FragZ,9957
Yveltall,999
Swider,Swidr
master oogway,4632
samurajsex,EUW
Conquest,baus
Kyff,777
Rudo Surebrec,KEKW
always 4 pig,6493
Gigolo Garold,EUW
Untameable,THREE
RWE7QDF,SHARP
Alucard,Ways
Willy,BOMBA
XYZJGL,JDM
TraKeeRR IIe,EUW
ShadZ2121,EUW
κaaяax,しυしυ〆
Carrikinus,EUW
temppypiofatdasv,EUW
Geeleend,4226
toz,EUW2
DRMZ,DRMZ
897654321,1234
Wibbler,EUW
SkyaDown,EUW
TTV SupremeG0at,Akali
Seawoof,RITO
AlistarYu,EUW
TTV Vaynged,rtd
Incarnati0n,NieR
CatManiac,WHSK
RaiderGO,2004
fertile lulu,EUW
3248324803298423,5193
Ozzu,LLE
JUNGLEKING123,EUW
brbackman,EUW
nø ƒŁãmè nø win,Kat
MULLER LOVER123,VES
Lil gloop,phel
Toše Proeski,TŠP
Ellifton,69420
TTV idkjesaispas,IDK
رمضان كريم,2435
Spongqe,3858
Davko,1313
The Chosen One,XeRo
Rumble ап,Ренга
Rizos,34890
1M Syzyfek,1MORE
Mille1337,2064
WayofTheHunter,Yone1
typical zedsuo,EUW
Fisherman,nji20
Rank 9 Gu Master,EUW
TwTv ZwiSEUW,2ACC
LagerbergarN,2001
LF DUO SLEEPCALL,3632
Thyrsus,EUW
Kunstenlol,TTV
Anagenesis,curse
Wihydepu,EUW
mandywth,EUW
AshesToLight,Luiku
CutieCatty fan,meo
littleman1988,EUW
pizza is tasty,nom
I PRESS FORWARD,IPS
Blima,IDK
ssued,EUW
Problem,EUW31
4 Spirits 1 King,DIFF
Doloris,BanG
money talks,frajg
cheetahh,EUW
TropFast0che,EUW
ZYB PEYZ,KR01
KitoShiko,Kata
Div 4 Uncle,bad
Marvel Netenyaho,isrel
NRSNRSNRSNRSNRS,PDP
ZEDamanga,caos
Yyy cio,Hepha
back to u,333
This Suck ,EUW
Tortue,EUW5
leotroop,9874
Where is Padme,NOOOO
Azío,LTF
FrankBreand,EUW
Pixel Goblin67,20020
ViveLeZed,UwU
Macafous,EUW
PykeyOTP,EUW
xxxxxxxxxxxxxxxx,13x
midplayer14,euw14
Juicermcgooser,666
I CJayy I,EUW
AD King,jjksd
NomaDLiT,EUW
Phantgasm,EUW2
L9 MENTAL TERROR,INT
XRG,333
Manga Reader,Climb
Kołderka,hello
EUNE Enj0y3r,EUW
El fuuaaaa,EUW
KOSTASKILLER4,RRRRR
Požega,34000
zzzz,once
DJURO PALICA,PICKA
Scoobert,groom
Lost in Thoughts,777
GladLife,EUW
Haram Lulu,COOM
Untameable,FOUR
bitter end,XVIII
ALSÓ ÖSVÉNY ANDY,EUW
Bangοr,EUW
Jocelyn Flores,505
ZabawaPlusFeniks,ADC
L9 JAllbjer,diff
PeelSuppOrLose,EUW
CANT WIN,EUN
etting2,Billo
147,pdw
ekoekoeko,DOG
StepBrotherUwU,99999
Radiohead,1321
Dragonworrior76,BSK
Bossman 8,TOUMS
Wyrm,EUW
Innocent,8521
29JK4238I9J0,EUW
CARBOMB,chip
METAER ASHEDIM,ISR
yaourt au sel,EUW
Ajolimbao,EUW
zephon,0001
DontGetMeRight,Wrong
ttveminencjasupp,kick
sam sulek,lol
Miyamura,ghost
raikooooo,EUW
Yuyu,YUMl
rose hell,EUW
two become one,KEY
SHINEI NOUZEN,EUW91
ˆ 3,EUW
shadow assault,BBGK
auroras feet,stink
Comvi,CIA
HasanAbi Fan,Shock
General,ater
Shoko,LDR
BrK Bluplip,EUW
Flight mechanic,QATAR
Ronpschit Gaming,EUW
啾吉的特殊寻宝,2253
OLA ROULETA,ΚΕΘΕΑ
Nakahinkul,EUW
NoVa,QTH
King of Hánng 38,EUW
Lose Yourself,EMN
24 02 2003,clown
OBK,EUW
Kizuhate,EUW
Brabbzy,ADC
Shaezhove,EUW
Sii,woo
KILL ME SLOW,DIE
mobis and out,EUW
ActuallyLetsOpen,EUW
BARONPRIME5AM,93270
Gods Fav Clown,EUW
GankIFFurry7,Xd12
NPN,KRCN
Aquatic Ambience,EUW
ToplaneIsMyCity,TOP99
Fernando Alonso,Zrf
Scherzo,777
AndiYummiMain,EUW
cryan1,EUW
Platonas v2,EUW
MetallazZo,EUW
Flussbewohner,222
PASA TILS ESAELP,EUW
The Last Run,EUWE
Valar Morghulis,DEAN
Flexorcist,666
Xie,8505
When Doves Cry,4444
toji,xxyy
Hostag3,EUW
zensukeo,yass
GIB,NPG
Lagolinasz,EUW
又胖又迟钝,CN1
srbin u srcu,333
amivia,mrchw
wantedbandeff,EUW
Viking Spirit,BVT
DJ AATROX,MAGED
leukemia luder,EUW
bala321,dog
judy hopps,2133
NAPUMPAM I CAO,7630
Hotel California,000
Ekasto,EUW
Taser,EUVV
Creafy,MID
Jane Juliet,LARP4
ice,hxh
adıgüzel,FB34
SAKATMİRAAAAAAAA,YOUTB
Doctor Toulis,EUW
001,EUW2
MUKĄNJYO,TREE
IonianBORKabuser,187
L9 SPINBOT,EUW
Desperate Nasus,111
Margot Rοbbie,EUW
laurvsl98,EUW
Xhanda123,EZW
중간 차동 차동,STO
chinese jensen,1337
lIIlIIlIlIllIl,IIIlI
Arda Güler,janis
Agadir Oufella,bay
One Last Try,Yael
POSITIVE MENTAL,NOFF
jopash,EUW
wheewhoo,whooo
noru,1111
ATimeParadox,GLHF
Olimp34,5PIGS
Holloω,EUW
mangaie pateul,EUW
Flxme,999
EGO,INT
Luoss,POPO
zjwrmrck,012
Toji Fushiguro,BRB
Change of heart,032
just name,EEEEE
STRIDER,EUW99
TUGG Melkut ,EUW
The Nightingale,Viola
KlorandPinkler,66299
KILL EVERYTHING,ZXH7
TURBO CHAD GORAN,EUW
Sedated,9986
shyru,EUW01
I Will Protect U,EUW2
itoknw,EUW
喝醉了小河边唱着歌,4444
vexenn,1000
Rednaël,RED
it was a promise,end
Wufo,Wufo
Rannisor,5119
PolkaQuest,EUW
urbanvit,EUW
Mori Buntæro,1313
honest,honi
l Joone l,EUW
Overclock ADC,God
Yeyozz,KCDQ
Cold Palmer,Nando
ZWIEBELROSETTE,0001
Red,VIV
ILOVEISRAEL,Hate
VFN AntiLQBGTXYZ,EKOM
LS Suga,EUW
Lavender Love,MHS31
me pica un huevo,2369
Übermensch,life
angaramessı,EUW
Hasanxdh,EUW
Erzengel Hidakio,444
Alex,EUW9
speachless,144A
16GB RAM,1201
Dwill,EUW
E FORWARD,123
KC GameOps,EUW73
Bird of Hermes,lyana
SineSalem,EUW
I LOVE MY WIFE,Geeko
Yowamushii,EUW
Poltergeist,EUW12
Mute,Akali
Raven,WUK
niffy,222
Death and Taxes,Black
FullestSdg,EUW
pimp,6767
Mestas poniendo,pelos
ANCI,L0V3
Nikuuuuuuuuuuuuu,EUW
Juno,54262
zabijse,zabse
SaddamSυstain,123
bigbagnole,vrrr
Hastune Mikyu,YUEMI
xicor3,EUW
vrfgelez,EUW
otherside,xxx
Elphara,Ego
RØYD,EUW
aurismmldc,EUW
JankaOlasKasa,EUW
Drakesin,DKS
Peejako,001
Thaisen,sen
Ciabattina69,3047
MaokaiUA,EUW
I carry Lisa,2205
Namiot Jest Mój,EUW
Υe Quí,EUW
sss,s2ss1
Alea Jacta Est,coyot
Alea Jacta Est,coyot
mhitewonster,375mg
trumna,clown
Agarandom,death
土拨鼠,99999
Galadin,F0Rkn
NUMB,EVA01
Wethermon,11111
Kiłł Security,SHHHH
yMLester,EUW
puuhamies,EUW
Crème Thresh,no1
mFmPCuritis,RIP
Visyi,Annie
Entity,Flesh
Conquer Online,2006
The Scholar,EUW
Churaq Cyril,PÁRNO
ZIELWASSERABUSER,DEU
Ettantouras,zomit
invisible7,duran
koreli janna123,ppi
guchijs,deez
GalaretaZOctem,UBEK
Darsontans,2121
LickTheBox,EUW
Faker,94185
heroinbobreborn1,eua
14061999,38898
radiohead,euw11
GoodKitten88,EUW
Pommespanzer,exe
Prica,AAA
Taylor Swift,RIPME
Artin,Kayn
s5t1SUPPORT,EUW
Hectrik,Aux
Dr Duncan Darius,Bleed
ingenuity,EUW
PØPS,BYW
ShushDog,EUW
DrbardSG,bard
PavijanEuW,chall
Zaadbom,Zaad
castravete,miau
NineNineSix,0001
Ønlyfk ,EUW
Hyn,euw01
offmetaenjoyer,00000
Bedhah,Gone
wlgjkno,EUW
High Noon Senna,S D
FREEDOM,EUWA1
Natan,TAZZ3
Goathier,1111
UsualSettEnjoyer,FIST
Power Of Soju,EUW
faker enjoyer,EUW
Cyble,0904
IMMORTALoRi v2,EUW
Lilla,1233
KX Apotheosis,R34
kaptan kaki,EUW
Jacob,TOP
chovy zz6,INT
Κimi,EUW
Unlucky J1m,1337
Ego Player 叶 v2,Asol
chharmyyy,xdd
KeinLustigerName,XXX
Sleepy Boy,9200
supp gone rogue,jngle
Newvered,0000
6 leg meta,Wmax
Snøwflake,kitty
Mary Poppins,xoxo
Bradzoo,ADC
YberHighMeWEEEEW,EUW
AltGxng,EUW
Garens Boytoy,gaysx
PxssyKleenex,Y8X
Synther,EUW
Mélanine,667
Oner,KOR
yamine lamal,444
Abode,KING
Chief of Sin,WKND
PieterPikkebaas,EUW
CrackAddictLuke,EUW
wolorz 中路之王,1481
Yoon,0125
Voitutur,Flex
Sarah Connor,ALGO
啊苏拉卡慕,흑염2
ØMEGA,Chovy
Good Hunter,Kuw
LastB,EUUW
DrApantsak,1821
Kojan,1609
slash,KCBS
slash,KCBS
no chat usê ping,EUW
JNBN,JAANI
PyraTalon12,XHY
Ponkiir,EUW34
Not α trickster,EUW
Accursed Prince,Ragni
스트레스 많이 받을거야,고아원장
just a memory,bless
Azeelf,EUW
Fıre,8008
zszssssss,EUW
Marcuza ,EUW
Silleoda,EUW
Susuwatari,sol
DevP,EUW
Clemjr,00003
G HERBOLLS ONMY,FACE
BABAYAGA,F03
MrFluffy,fluff
Elian,Nilah
ΔOΔOΔ,ΔOΔOΔ
who you mam,EUW
Apricity,2401
Narnour,Queen
MpAmPaRoKoSmUrF,EUW
ChaddP,EUW
cass only,EUW
Grass Eater,1654
Tosta,LTU
Jin,EUWW
DOG WATER,4921
MemoryReboot,111
Raye Penber,xyz
Sweling,SWEL
敢抓我就敢死,来抓我
Kaizen,xls
good boy,subs
Aebyssal,EUW
aah monke,EUW
bqnpx,EUW
KiLLR,KILL1
不要顯示弱點,DEFY
Tax evad3r,IRS
DCBtheKING,EUW
Quanniorin,EUW
Danaell,00000
Kaensy,EUW
xzxzxzzxzxzx,000
i hate what i am,POUF
Consistency,Stoic
Sentio,STMPD
kaCora,EUW
sFvWmWerner,EUW
Hormonaø,EUW
jane,rmver
Bishop,PresF
IYIYIY,YIYI
White Jersey,WIN
Vodka inside me,Быдло
BALLER D LA CITY,vaper
R1vennnnnnnnnnnn,EUW
ROBICAVFM,EUW
xrx 2,Yuki
ambitious eyes,flcwx
medwin,EUW11
cutekitten09,lala
ENERGIDRIKKER,EUW
Spaghettisoul,Life
JAL,M1D
AirplaneMode,B0NES
Tsuyen,EUW
cvetka,neb
Tozaa,EUW
EL SUSHI1,EUW
Shrimp,TOP
听错了风,99999
NooRmachine,EUW
Hass,SZN 8
femcel goonette,khhv
Bbelveth,EUWds
saygg5times,L9PST
iZnoGouD,123
X 1,1913
Rippen,EUW
yama,kha
Fkndog,woof
LOOK OUTSIDE,SYBIL
Deyoku,777
Sero,2277
MonsiuerVendredi,EUW
Fame,2424
Dorcelessness,Yasha
mector1ko,3332
crab chips,yum
vifoEUWHECARIM,heca
BurakEmmi31,EUW
Rekt saionara,EUW
Litny,1337
ЖฟภทศอЖ,못못못
FiddleSick,FIDDL
개과천선,9276
my wife hates me,evi
OtherGrufter,IDC
igwzoeh,EUW
idopieca,hyc
lick maw kog,EUW
Mishka,미슈카
Ketakarl,Black
bot gap victim,456
Apernas,EUW
49th law,2001
Whipp3d by my gf,kiss
cityxl,6064
Rahastaja,EUW
Oguri Cap,Evolv
PrimeraMucca,7956
IIIIIIIIIIIIIII,z13
Dreadless,buh
The Honored One,7243
The LastQ Bender,9598
FireLordAzula,BLUE
JustBeem,EUW
MaunOkouille,moc
Forgotten Hero,1403
FortniteCity,EUW
schulprojekt1,EUW
Manci wont type,2160
TheTomatoWomen,EUW
hate everyone,dead
Alistar,Diff
어둠이 빛나다,복수의 연
addict2ndacc,grath
EL PAPI,HOT
Blairp,EUW
plant a tree,07EUW
SUPI KONRAD,EUW
Detz,6174
xwills,EUW
Edyta Görniak,2137
LaMaeb Smurfing,300kg
КYS MATI 911,2001
Enid,JSS
babbafirar26,2617
Dexter Morgan,CMON
White Male,rwing
hx0qen2ba,EUW
Sawyor,JUNG1
Antarresse1485,EUW
DaSchwindlige,EUW
Scarroux,EUW
PIPA,ATP
Jhinitial Ð,EUW
tqmny,EUW
Skyy,SCD
MiPu228,EUW
DaChrisii,5084
dksdghj,9945
Levchi,7457
y e,CHINA
leoleoleoleoleol,eoleo
VusayL,EUW
Sae,Cao
Michael Ballack,DAN
Mr useful,361
七里香,诗的每一页
Hvid Monner123,5931
Lstrue,EUW
Umber Eyes,Fujin
Bekosama,XXXXX
Goth girl,nya
whyuint,23452
racecarzilean,RCZ
GhostofHrodor,RIP
MrPooper,EUW
OliviaStarlight,UwU
Rodan,VNno1
Speakeriter,EUW2
Kalo Bone,8kerr
Lvka,EUW
Apathetic Mind,Daito
Byshubane,EUW
Soraka GoodVibes,HEAL
cyrilmanh,EUW
GusteauSama,GOAT
DONALD J PUMP,LFG
Landover,ADS
Still not bitten,Clem
right clicker,win
Shurikoon4,EUW
tgggoziz,EUW
Popka,WAHOO
μllspieler,EUW
adc1,234
AQL Valouu,ΔΔΔ
Russssssssh,Rush
Chupu Chupu,setma
pnckrvn,EUW
SHAK,1808
Murtaz,118
Ratish behaviour,EUW
Faileur EUW,EUW
keep molin,EUW
Bird Insec,EUW
Hazzaa02,EUW
k0rkid,supp
cringe euw jungl,cring
estrogen gap,777
Spark,Fox
Zedres,shaco
Poxgrab,EUW
CANYON MY GOAT,CNYON
Begåvad Spelare,EUW
Looopy,0004
CALLTHEDOCTOR,EUW2
Abulba,meow
trytowinroy,JNG
MassiveMeeks,2222
Herod,krol
BaitBird,BIRD
SIANEKHD,6666
Kaioken x10,DBZ
SkibidiSummoner,euw0
DESTROYEROFWORLD,osept
zeitloser,EUW
DubstepFly7331,5326
PIXHR,ADC
effroyable démon,3641
sdoxhnu,EUW
Edward Blom,Besås
Paivinha,1904
COUCHCOUCHCOUCH,kdh
最短的电影,Jay
superman splent,EUW
Nigiri,wuff
GC BiGouDisZ,DYLAN
PinteDeCaca,1111
Vesko Bedroom,Gosu
ziyech,snus
xMLGLORD42069x,EUW
summercem,chief
Mordret,fiend
propensity,0311
Albert Epshtein,1939
Makima irl,3474
BIGVLAHEEEEEEEEE,4711
oivallus,owa
Supernova,VIRZE
K41EUW,EUW
Kayle,Claws
brk,1337
wilkky,EUW
CR7,KITAV
EIo deflater,EUW
HÀMÀS,PAL
Viperaaaaaa,4820
Wumosaidonuet,EUW
prym,333q
Elawnyr,EUW
Fitsirbo,EUW
magicooooooooooo,EUW
ゼロツー,waif
Alvari179,9011
Henrik,FF15
Noiz Arte,000
JezusGórnejAlei,EUW
Yøshee,EUW00
oppie reborn,EUW
RACECARWORM49,EUW
heaven awaits,0911
TeamDiffHuge,EUW
Gacha Lord,Gacha
Just Leblanc,3377
haafunyan,9999
Ertryhai,EUW
Kahojin,gwen
TheKrabbMan,9941
Niqo,EUWP
seasonsofblossom,EUW
Duncan the Tall,Daka
우 제,TOP
alishor,top
Turkey Jam,EUW
Comme en 2005,EUW
LunaDown,EUW
Fortelleren,EUW
Okahmi,EUW
Zhegarae,EUW
Bismilli zeko,meçu
L Trip,LTrip
Ayatollah,PEACE
xSchizoNamiUwU,0187
bhin,4444
P U R P L Ξ ,EUW
TARKAN,99999
Piss of Legend,EUW
7thGleen TFT,4242
Garvi,GOAT
WINNER ADC CARRY,EUW
OZOChad,OZO
t r o n a,1965
eden,1402
R3mI,EUW
PrimeraEspada,ADC
Eru Ilúvatar,4380
双倍的,lol
허거덩,srw
just bad,EU1
KC Damlo,Alt
Zachte Berm,EUW
spit eater,1312
French Teacher,121
IfFrenchPlsDodge,2222
Nugátik,EUW
Schou,EUW
Meowzi,Mazi
abagnale1,EUW
Vennergaard,EUWW
he is everywhere,EUW
SUD Gyomassive,1759
T1 Caca,PROUT
lN N OUT,EUW
Eka,RGPD
data scientist,667
ajxpxv,EUW
Trynd4Pl4y3r,EUW
AzizYildirimm,1907
fear the alpha,7777
Hiei,0808
LaurenpZpFuN,EUW
Xinophobia,ZHAO
gscll,1312
PATRONzzz,EUW
LA STRAT,STRAT
Fiulius,KoH
femcel goonette,uwu
LeifbMeYxK,EUW
Ritoax,0000
wnbumuopu,EUW
Slaanesh,Love
factory worker,poso
cactus backshots,spiky
Temp14579,Temp
V0LIBEAR RUN,EUW
CNCR Overdose,EUW
KindRedOne,WAYNO
xjotaemerino,EUW
glitcha,fidd
Katt og mus,EUW
Grande crêvette,EUW
清风QingFeng,kity
stayingquiet,Blink
Kyorès,00000
SharpEuclid52,EUW
Not Moda,EUW2
JE VOUS INT A VU,CHIEN
everything is,rmntc
ediz1831,EUW
bactidose,EUW
LINK,234C
yeezy350v2beluga,pdf66
We Gοt This,EUW
Amiga do Peito,Sam
DJ ARBUZ,EUW
MeowMeowMeow,HELPP
saccharine,lxver
Crimsn,EUW
Koi,svrgn
13 NOVEMBER,2025
Alexandre Cohen,EUW
DrAbroli,EUW
Rubeud,daiki
Lapy,ESP
qw34E5,EUW
FLP 420,EUW
ViοIet,EUW
n1ko73,KR33
Mr Murfy,1260
norio,hihi
Djurdjevdan,SRB
KappaChungiLungi,DELUX
transon191,EUW
EnesKarakaya,8989
x r n y,EUW
Friqher,grind
split baba,EUW
Kogt Krage,Bird
Only dirty girls,CRING
Mute enjoyer,BBC
PAGO ERDBEERSAFT,200ml
mWyNfSharon,EUW
MECARRY4NOBRAINS,6077
1MUDI2,EUW
Pedri,GOAT8
asdqwezxc,8230
Lying From You,you
bear to rank 1,rank1
RealTopoQueGira,EUW
Kanye East,yay
raszidq,EUW
raszidq,EUW
hmoth2710,ZF30
ÜSC Kamikazed,USCeS
ΞΞΞ,BARRE
razwen,xdxd
YuuGuRee,EUW
Johnny Bombo,1111
LeeSinManos,CURRY
do something,AAAAH
Kensuke Ushio,EUWW
practiceaccount1,1234
LeafBlower33,1244
Light,Garen
CorteXal,0001
Terezka Houšková,bby
A1M,Rxx
ΒrokenExile,EUW
BrownEyed Nomad,2404
Im Emu Otori,EUW
Dose,DOSES
Froxade,XYZ
czterykropki,vier
Error404,yuri7
Bon Clay,mtk
Dopamine,3152
MICROWAVE ABUSER,1234
ANDUIN,ALLNC
Evankhyel,00000
UIC Kuroko,Pass
DECEIVE,KR11
React,Poise
VeyLot,Vey
Yau,xdd
Mohamed LeVoleur,ARAB
Trueshot,rck
ajimo,binch
luukbingo,123
something abt us,jenny
PARTYNEVERENDS,99999
BOGA,3838
gwer et alors,666
heyheyhey123,EUW
smoilerV2,EUW
Push Pull Rave,EUW
Nerois,EUW
furious dz,123
Arthas Menethil,immo
Stealth Abuse,EUW
RR Wamibeob,RRTV
KPR kpR,ZATUP
Lumen,Void
Αυяα,1999
Corvette C5,black
SettBzTaMere,SLAM
Abilth,EUW
MySupsAreTheBest,EUW
FerkoVpasti,123
ー ー,333
nextnextnextnext,NEXT
Joe,644
Haski,00000
KouffarDanslBush,starf
Slamdunk09,EUW
Serbian Sniper,Nick
lunkez,777
LilTado,TTV
Maro,IRE
Motionless,cold
Ricoh,8ROX
Trying My Best,8813
Dominowy,EUW
Shadowest,1906
MasterFalco,EUW
Oggok,069
To not disappear,EUW
rankedking,EUW
Kataclism,tamer
C4 Shaco,EUW
Dont Type,PLS
Bytake,EUW
Eternal Light,Sofia
Hétzer,CHEM
PickleRickˉ,EUW
Tolzdi,EUW
GargesLèsGonesse,951
kar derr,eu1
brr brr patapim,lords
G2 Zakolinio M,EUW
Sisters are hot,EUW
Lamar,ftw
DKmoricelecancre,EUW
TyHuidlY,1903
GumaTyri,TYRAS
steak9,LEC
just play good,EUW2
Charlatan,kcwin
stab and fade,wimbi
Xanmiralupa,LIONE
ArvintYaXkW,EUW
Noerring,EUW
аки,xaxa
Bradley,CHOCA
ACKU Nanambu,Crazy
City in Ruins,NieR
Wuka,EUW
fat thigh enjoyr,EUW
elvio lavacas69,EUW
CarnatRozz,WuWa
enframe,9999
Speedy,MOVE
Indico 2,EUW
OniPicoo,SWAIN
Norman 0sborn,EUW
Lowcruiser,PLOW
open mid,bots
jMLuther,EUW
Gokkenator,EUW
Egg,Farm
Krag20,ZIZON
SGT Feeder Jelly,EUW
BAN VAYNE,JGL
Hermes,APHE
CHUNGKINGEXPRESS,CN1
Nuk3MinisiniASAP,NUK
send me vacation,999
FTH Theoloris,Manon
EzClap247,TooEz
Aleš Šulínek,EUW
Tizhushae,EUW
RUMBLE IGNITE,GOAT
Wind,San
路遥知马力,日久见人心
lets get mid,EUW
op i trillebøren,EUX
ShawnHub,TOP
Whatsup,125
Sno0k1,EUW
Ding Leeren,EUW
Glitch,Empty
Rαηdοm ,EUW
Porta Se Magazi,EUW
CHI SHIN,GOD
INT Abulin,EUW
MidPriority,ScaR
Nipahog,EUW
KW4ŚNCYC3K,6969
HugoEkitike,scp49
Yassuo,052
ExodSide,EUW
禅院 真希,JK13
SOBÁK67,ČESKO
Submissive Carry,Twink
瓦学弟找妈妈,1234
ErikaKirk,10 09
Paspas Ayşe,Waste
Vouty,1211
Miyamoto Musashi,RANK1
Lost Bunny Akina,Toy
N0B0DYCARES,00000
GlGAKOXTOPER,EUW
Ronald1nhoGaucho,EUW
Neex59,EUW
1351818,EUW
Femboy enjoyer,Diva
Vaysu,1337
Azeikill,26012
IDONTWANNADIE,HAHAH
Uidqs46mù,EUW
TimmyTheFarmer,EUW
fotosynteza,vege
Duszkis,EUW
Urii294,EUW
LordBachi01,Top
Okula,PARIS
Jiwoo,JWN
ZedEuWest38,EUW
MavisyBy,EUW
E1oy,szn
红中老大,别耍啦
grizzimid,CL5
Crillz,wnx
mightyxdragon v3,EUW
ØΡîƯМČΗîČКΕЙ,ΣΣΣΣΣ
Soscirin,EUW
låg hjärnfunktio,DOWN
the fug,annie
MaHaTHiR,1234
PSYCHO Pete,Peter
AfraidOfUrFace,1234
Εmρty,EUW
Siemaks,EUW
Abelius,EUW
Paragon Boom,EUW
casablancaa,77777
tmdeniel,EUW
Prime,Boski
Teemoto,UwU
Carrott,FDT
Paxters,SUPP
YuumiAbuserXD,EUW
lyfenn,EUW
Andce,EUW
Danzy,222
ItSamiracle,BRUH
Ψ NΞW Ψ,6256
vn1  2498759701x,euw99
Semund,EUW
flow state,grind
Pelo,2000
Zéphyr,LA1
Palpawtinee,EUW
Twitch Six10lol,EUW3
talonelis,EUW
ezio dA kinG,006
121212121212,EUW
been 3 years,esqu
SPACEX1,EUW
Gweus,BAD
Ol1nth,CICKY
Gold Ship,TK8
perko,mjau
Zinderizar,4031
SenorJeff,3636
Edward Gierek,PZPRS
Assane Diop,1V9
Kinder Malo,D0R4
Lost Talent TFS,EUW
Dulfyk,Lijz
Vamox1337,TRANS
big smalI shark,001
910,Gos
ONLYMOMMYS,GRRR
super idol的笑容没你甜,jerry
262188888,9363
Fulis,EUW
Romepinga,EUW
Zanka no Tachii,WEST
Santarou,EUW
Borygo,EUW42
Enim,Loqui
Michael Jukeson,VODIN
Porendabara,EUW
RĘKØN,EUW
Urgoat,2333
Combat Wombat,gym
DRMZ,moc
gank me,dareu
Svenko,30853
Prototype Bot,EUW
tachyon,angel
vitunelohell,EUW
UNLIKE MATTHEW,SADGE
SIXTY5,EUW
Qin Shi Huang,Hăo49
NoName,TWTV
Ťulpas Tonda,sfg
Furkan Strategie,EUW
Ar0n,RotS
Krischör,EUW
MonEy TurTle,EUW
rhaaamen,top
Palooza,9347
Omxriii,RATGE
Sohn von Dejan,EUW
notoxic101,EUW
TOCTOC WANNABE,EUW
nevermore,sad
Myron Gaines,9999
Nedrezu,OTP
Joker212004,EUW
ZeftaXD,EUW
Sarges Saga,EUW
Διακρινουσας,ελα
bongo sie kopci,EUW
Involuntary Pure,EUW
Toplz,EUW
atoR,LOL
Plague Rat,RATTU
ViriSoMaoam,EUW
space dog deluxe,187
Rσsiηaηte,εpsι
PortaBorracce,Serio
Maryy Bell,EUW
destlny,GOD
chillet lover,666
Gsx R Hayabusa,1300
Ean,22229
IloveRedHairh03s,LLJ
Oktettregel,Edel
champ learning ,EUW
AZAZEL,AATRX
zhang yinjing,EUW
snýggtbýggt,EUW
Iehends,EUW
Jay,CLAP
Missed Hook,KSN
Delete Sett,EUW
AmantedelasTetas,friki
CRACKiNATOR,XDD
Not Henning,1 Zil
pattern noticer,hir0
Baaazle,EUW
Tutel,GUROM
xdd,2207
Кошмар,Geno
nosinosinosinosi,sino
EI8HT,888
YUwUMIII,UwU
MAKARNACI PISLIK,999
The Rose king,EUW
Endless Wind,CHALL
KMPP,EUW
Davy,OHA
SOR jungle diff,EUW
Raziel,LOK27
VentruzADC,EUW
El Matador,VIT
next lvl jungler,EUW
spacelove,jojo
redbull summer,zzz
Lelouch,22222
HaydensV,EUW
CINC1N,EUW
Zeþhir,Lion
Κurwakochampiwo,EUW
TwTv ImErubin,2807
Bobs6,EUW
GothGirl,uuwuu
rare,606
Ancu,000
Silence,0903
Leonidas39,3434
Viggen,4680
XstepX,T1FAN
tobsi07,EUW
Bohlundjävel,EUW
SMAKOZ,ZDOU
Sikorski Pirate,EUW
rUnix33,EUW
Kridz,LOVE
ALHAMDULILLAH,TW29
S3rious Jok3r,EUW
NightFall9,OWO
Lurreax,333
keys no e ,EUW
PÉON EXPLOITÉ,WORK
takezo,fangs
Żywiec,Orzeu
Baunadós,123
Charlie Munger,324
harry pothed,SCiB
Lenooir v2,EUW
Ławless,WEST
Miseo,0920
Cate Hlankers,666
FrechLP,EUW
TheMythicSlayer,EUW
Rias Megami,EUW
ŁaKaboute,EUW
esport athlete,999
titoleinad,EUW
Number 28,2670
PAFF GOUT PUFF,PAFF8
EverybodyDies,6429
BessnCeGv,EUW
GiGamax83,EUW
ROMARIAS,222
Jappa the Hut,Jappa
xinyukaze,xinyu
echo in rain,soul
FTC JESUisleGOAT,DOG
Creepano,EUW
巴扎黑大王,1201
Burqe,uwu
MesnerH,Dinky
Meltridge,00000
BP Nickko,Cyn
Daé,Forêt
Kungfuxion9mao,EUW
Parcyval,BEAR
Crist0s,EUW
GAYFIGHT,SSJ
zxcgulss,4276
ΨΟΦΟ ΣΤΗΝ ΡΑΙΟΤ,255
zero,home
MBluster,MBL
El Duki Polaco,EUW
The Monarch,Crown
gull on hoopoe,WEST
Feet Picture PLS,Bitti
7L0K1,EUW
Safírový rytier,EUW
Smažák s ttarkou,MŇAM
Xetarz,8888
Owpack,EUW
Thorkell,1023
ZásuvkovýVirtuos,CYKY
Mitsuly,April
Labellemarmotte,EUW
Twinghost,BALLE
Twinghost,BALLE
MARCUUUUUS,001
Jujins,EUW
Exordium,RANK0
Whisht,NHS
Rommy,Rom
Landaani,EUW
ForgedByOrnn,ornn
Not Kuro,NGL
WizzAir,pilot
DELETE DELETE,TERU
Belebehilfe,Fiora
Spîritu Santî,351
Bartosz HypedEUW,EUW
Odium,99999
Chaewon,채원KR1
All eyez on me,hate
Lixou2000,EUW
CHALL,STP
Whiplash,5531
ßossman,EUW
white boy,dani
DRMEXKRKMEX,EUW
MALICIEUX,TALYA
a bad alchemist,mmm
Elvi,LTEU
hallbayguard,EUW
nervous human,EUW
wHX,SMILE
Yeji,Bunny
WepsL,EUW
Braindeadlγ,EUW
Kronofogden,SWE
Tears of blοod,EUW
ChamberinoJr,EUW
Kunze,12345
Nylanso,EUW
Shira,bunny
TMendes13,EUW
The Garen,asd
Vayñe v9,EUW
Dango,0008
Disciplined,ZEN
lufa poka lufe,EUW
Tommy 3 Tap,1704
Croaty,RSA
Baggus98,EUW
Angel øf Greed,1603
Ristilio,EUW
B3RKEVIC,EUW
Tofa7a man,EUW
MedicOnTheWay v2,EUW
ＣＲＵＥＬ    ＣＨＯＩＣＥＳ,sho
Verrat,BLEHH
Baki Narrator,Magik
fritten in tüte,pack
Real Midlaner,oprem
oVClarence,EUW
expresso0,GOAT
SorryForCarry,shine
oompa loompa mid,tofu
GRRRRGRRRR,EUW
Wld fatima,EUW
xebec,999S
KC Genezisss,3512
fish,0001
tigasz,dapaz
Elbeiberford,EUW
Trampedach,EUW
Dominant Peel,Bear
WOW HC LOVER,UNDER
YellowTeeth47,EUW
발렌틴,0505
2 4 7,ak47
Driple X,11111
Norbelaidan,EUW
Lihapullapihvi,NABS
HerNest07,EUW
AngRer,EUW
J0kerXDD,EUW
Delusional Yasu,EUW
miiiran,adc
heavens carry,mαrek
Mori,iroNN
NIGERIJA,LIMAN
Weird Loser,EUW
AsnlMan,EUW
LEC RISING STAR,EUW2
Silentes,EUW
F03rD2,0042
morning dew,0110
Submissive Talon,H3ART
Koorsarz,ZZZ
Zack,Cloud
Ryanf,lol
no valgo pa na,Ｘ Ｄ
Epsilon2,EUW
BelpartizanN,EUW
Stronk jalapeno,EUW
Professor Zed,Zeds
the chosen one,edgin
Commit Apoptose,EUW
TDAH Circoncis,LOVE
Tornado BTW,EUW
Brideine,EUW
Dog Tamer,Tamer
Demon Reborn,RRR
Mikano,00000
Zlartoxic,BLG
MnM Heimerdinger,EUW
12 yo ft 69 ,EUW
Billy Hargrove,1984
MissMamy,EUW
Foutriquet,FOU
Rumpletazer,EUW
Regnalt,ens
Folterinstrument,EUW
BigDigYorick,EUW
Yhed,EUW
george kittle,EUW
LimitTestAccount,RIPLP
ｄａｚｅ,7621
Bobbu,1997
Colom goes BRRR,BRRR
Truongdz123,EUW
Sykerv2,QLF
exp seeker,EUW
hehe,EUW13
Ultramanodyna,EUW
ElainesKaQmB,EUW
can win,euw12
Estekds,1209
直女微拉,直男微双
Shepherd of Fire,111
원징징이,uaena
gumo,131
Aselod,boy
XDDXDXDXDXDXDDX,DXDXD
Littlexter,EUW
Coroctus,EUW
melwîn,penta
Sio la princesse,EUW
Blissful Death,NieR
RoseD,LFT
Monsieur Fromage,KIPUE
brb,411
LAST GURGLING,3154
HildafNp,EUW
EdwarddWtK,EUW
NOTFROM63RD,K VON
FizzyeIf,EUW
KTMS ASKANUL,EUW
trayvon,xdd
II imuhcs II,EUW
Grynix,AHWR
Flatfeet,EUW
Sciel,FTWCA
TwTv RYUVEN,ARISE
Wýrden,0000
Revive,lpp
zib,kat
ComboScriptXD,EUW
i hate smurfingx,EUW
Don Demuth,EUW
Amiral,92EUW
kenjingua,IVE
Bocata Calamares,E33
Odelia Ella,HAHA
Lupus Regina,5625
Elra,01irl
jiao ta shi di,iwnl
Poichiche,UWU
Ceux qui rêvent,123
qweasdfzxc,EU1
Diogenes,DDG
Reezo,Toji
sansconsentement,CUT
MORTO DI CRINGE,kaisa
Dikkusugadaisuki,EUW
Le clown macabre,012
KennyWurst,EUW
RedCard,Twist
Norking,Win
AdolfPlank,EUW
Solimovic22,EUW
HORNET,MRN
G2 Domi,187
pootis pencer34,EUW
Berkan2,daisy
MEGA TURK,civa
 I Love Showbaka,EUW
Alexithymia,000
Sadddam Sustain ,EUW
Xygeosk,XYGSK
Prestij Zix,EUW
キース,三三三
Oopsies,EUW
RuudiSH,RIP
Petri,noc
3aNeeD,EU0
Aozahr,EUW
Szerot,EUW
Pls Vayne Stop,EUW
Popcorntop,EUW
ForMyLoveTanja,LOVE
JhonnyRilassato,GJON
Lean 十 v3,1945
Depressed Player,Sad1
林薇的小第五,IWLF
ZgubilemJunglera,sigma
Đιαnαツ,DIANA
Sexpartybeast,420
Hydraulika,syzyf
Ron Jans,PEC
Top Steve,000
5Mizza,EUW
Kaiser,crime
NRV carrymepls,EUW
アニエル姫,cid
ابوعرب,FAT
SUPER SINGED,KING
Rove,EUW69
Résidu de spreme,1212
enjoy9,EUW
Quil,EUW
PolishPierogJP,2137
Amegakure,000
Koyehn,HARU
RandomBrus jg ac,EUW
Kid Riq,666
Unchained Dog,piss
Karlos,gnome
Vepsä,dying
Skejm,imbee
Shinji Ikari,93220
veinyy dihh,trade
Her charm won,FOXGG
Emprial,0732
Gannicus,EUW01
Quinn,Birdi
1458745,EUW
Núke France,god
MS33333,중에스33
Boeufmac,EUW
vega,EUW2
cRINGLES,EUW
DerekirkOyd,SAMS
iShox,Luna
ChargeurSansFil,EUW
REVOMACHINE,EUW
D3spotski,EUW
MONSTRE MAUDIT,6586
QinShiHuang,1403
Yuta Okkotsu,1RIKA
chat ban addict,ddd
O Vingador ,EUW
Mayorneso,EUW
Δmaterasμ,EUW
what coulda been,EUW
14 yo talent,WTSK
ruckfadi,wrs
Menel,DUNK
ImposterSyndrome,Soren
Ami60AnnettaW,EUW
cgtgaz123,EUW
aLDUS,G2E
Shoαck,EUW2
smileyface emoji,000
Wojteczεk,EUW
Tentacle,HitE
LOBBY ADMIN,Prkle
Osim,Osim
Suicidal Supp,7647
permainter,EUW
Erfon3k,EUW
Gabbissimo,8662
LDroppinq,bruh
DROGA É O RAKAS,MVP
Amascuts Promise,OSRS
KazuaMistika,AYAYA
Myriad Stars,2026
MT1 SPORTTASCHE,227
Renard Sournois,TOG
Omni,OPLY
TWuis,uwu
Rathalos,1105
Earthshaker,Dirt
TwTv Sylaxa,sylxa
SmolEnty,EUW
De Museo,EUW
Its Time 4 Jhin,four
STF HaiZun,binsa
SucaLaMink     D,EUW
ANTAGONISTE,81500
bob leponge,SRTN
Amon Ra,okay
Surdinz,6472
Noumi,212
Gediktepe,024
Joe Swanson,gamin
Wummy1,Yasuo
no lulu ff15,EUW
Glorumut,GLORY
Sidar,ad1
Affenkrieger,BIMMA
minimuck,EUW
dead future,EUW
Malenia腐爛女神,ε з
ShadowWizardMG,gmyrk
Tøffelen,Diana
EtheBeze,EUW
ski god,alpin
makima enjoyer,3131
AvatarBackbender,meow
dealing with it,T1T1
Zizou,A444
Nigerianprince67,7ate9
Death Knight,XDD
fk how u feel,LVS
LåstBrêåth,001
poffor,EUW
FATRY,Brody
Zeyrus,EUW
Blacklistedname,EUW
Al Hezmin,123
One Unforgiven,1696
iGepard,361
iSBuck,EUW
SPARTΑCUS,EUW
PunpunK,2211
Handikappad,999
AKKERS,noop
BRAWLER,2521
penesanto,ZED
therapy requirer,1337
Gabriel Attal,lover
Tsarko Boriskov,EUW
ComunistGreg,EUW
Superhubo,gap
자신감을잃지말자,reze
CityRuins,6968
MadaMars,EUW
santino,pray
CebCeb,FEZ
Tγler Durden,EUW
Maghreb Sayrk,EUW
Tibère,Tib
DοIphιn Ρμssy,MARA
Jukkarin33,8815
Ronin,Loner
rankaisija,Veeti
incizyy,90210
crusher,5816
NoSkillGenius,EUW
Perseus,soul
Shou habibi,EUW
Noro,6792
HalChriSey,EUW
WinniiFbSd,EUW
filip88sesak,Nasus
józek pierun,EUW
Tia Halibel,EUW
Eldrean,WEST
69MeatRocket69,EUW
1453,2905
Raaysse,1154
makes no sense ,EUW
PrincesseMeow,UwU
Ｚａｃｋ ｄ ϊ ｅ Ｂｏｈｎｅ,Βohne
TiMELESSPAiN666,720
Xejil,ADaCa
bitang ludas,0213
Honnoji,HCN
Plank Count dead,EUW
Wapdo,EUW
FalcoNeroITA,EUW
Uchiiha,EUW
Night4Razor,1000
Support2467,EUW22
Exotic Butters,50160
SLUSH,ICE
Rayot are juice,plstn
Robot Voices,Zhao
lukaszdinozaur27,EUWPL
Veit,Daddy
IN MENTAL ASYLUM,HELP
KookiKiKri,Kooks
KiLliP0,Smog
Magnus Carlsberg,Booze
DripleX,IESN
Risvier,mei
LoveSMez,Bot
never enough,mybad
Trăgaci,Mao
KeineSorge,FREE
Real Markcni,EUW35
Rοy Mustang,EUW
MISA 113,2108
LM10 is the GOAT,EUW
Zorby TwTv,Zoe
dari1,nazgu
Faker,AP90
I can not aa xd,EUW
Trafalgar D Now,EUW
Warhaug,QYS
BateCat22,EUW
lecefurabezdachu,EUW
GOOD DAY,00000
Leucin,EUW
Todesurteil,Hook
Pouffyy,EUW
5wiz,WIZ
Kermit,ADC
FOTZNPOWER,IKKI
Kézi,111
gone to get milk,EUW
TheRozz,OG31
interlude,SONG
dayvon bennett,7777
Novole,777
Arjey,noob
Lana Del Slay,Sad
MLG Fitman,PTRDY
Solar,Rek
TTV CUBASITOO,EUW95
Salami,2137
Yen,eth
BLUESIDE BEO,brr
Astropara,EUW
ManetaHistorieta,Bobo
55FiskeN55,EUW
Asking,8774
Antoine Dufion,FION
Lee swinga main,EUW
tOJJj9ElcVoCdIyB,EUW
into the light,1019
nle,EUW
Quadrox10,EUW
buglife,yay
Psychoferret,71300
ixriS,DARK
Plain Sucky,EUW
M4F82,hope
mafuyu,muxe
Santis,haram
shinei nouzen,sn86
ghostking02,EUW
bebek,duh
BimsShady2,EUW
Rose Hero,janna
Zane Smurf,Main2
Bastiz,Real
Akalynx,Cryp
XÐÐ,XDXD
DonÖmsen,1807
LYKKE,00000
Hite,2512
TERP,707
Elation,60475
Sezai,111
Adison997,EUW
zoktay küçük,77777
eyen,777
Albijan,EUW
ChaowKhan,EUW
GODGAMER23,RANK1
Torchic,best
Voda,TOP
Recall,Oro
Ronald McDonald,AAAAA
Evildoom,EUWW
Dakke,mute
AllYouCanFeast,EAT
kanakkenkrieger8,ernie
Chillkroete,NNO
blackhunterXIII,EUW
rimas,swag
CHIEN GALEUX,213
ceNder,NUG9
Scale Enjoyer,EUW
Jobless Jaydee,nojob
a cute kitten,OvO
Khaozu,RATIO
yuna,ff15
Vinskyren,EUW
cool supp,EUW
ƒKØRVÆNƒ,HOOK
xDenzy,DZY
CANWINCANWINCANW,INC
5Yuumi,EUW
Stop Typing Play,ff 15
tigster,993
PmK,Smile
FireLordAzula,00000
jg weakest role,adGAP
Trundelé,3108
Ternik,тварь
BATMAN,SWE
GunFunny,EUW
T1 Lawliet,EUW
Cute Olivia,EUW
LeagueOfLegends,poop
Merlin,EUUW
InSpandau,4090
Scriv0x,EUW
zeus,AN50
Phase Prime,EUW
21 Killian,EUW
黒い錠剤,검은 알약
ilkebabaxd,1307
Intercepted Kobe,EUW
OverLate IcE,KRE
FleazeR ,EUW
Serbian Ruler,1410
replaYqq,EUW
ADC IS FRONTLINE,SVW
komarikus08,EUW
take whats left,soul
opium otter,123
Tjumsen,EUW
i ban shaco,demon
Dflo,Kayle
Budget Acnologia,EUW
TOTYZX 1,EUW
xZenexX,EUW
razzi shot,alpha
LockedCamPlayer,1234
CJ Entus 야펫,bbxy
Lukas,2121
MALO VRUCE VUGLE,HULJA
HERNAN KWAK,EUW6
Stake,EUW
Alfrenzo,Keria
DarkWolfr,EUW
Abbi cura di te,EUW
Void Is So Empty,NULL
Avass,EUW
DuckPrime,2212
Romar,EUW69
45flufy45,RQG
hot wheels nunu,VROOM
PepitoPokitow,EUW
傻 叔,CHN
Artenes,1st
TAGX0,EUW
AlexMercer,JDS
spread love1,EUW
Zenna Day,SENNA
ESP Anden,Ginge
Siiger,EUW
Cosmos,Rown
STRCPRSTSKRZKRK,asfmw
Duke Silver,IDK
Miasto,EUW
Eatenintenstines,Ming
VI ELSKER BIF,EUW
DSOL,EUW
l wiII gap,EUW
TOP11K PAR CHOIX,CNG
ZitronenBlitz,KEKW
synchronize,1717
Elegant Princess,light
ATTEMPT32,BOOS
krepo,0000
ShacShacCharo,Paris
Kampioni,EUW
Fabios friend,999
The Laceration,EUW
Woobly,EUW
Jax No Sex,EUW
Snikemannen69,EUW
FUTURE,EUW19
VAYNEguard,nosex
NA Educatien,EUW
glitchin66,TwTv
Mandra,CN1
Daemon,xxx
G spot Astronaut,EUW
SPOONKING,EUW
MonkeyManiac63,EUW
rMKaren,EUW
EMPAX CTOPAPO,pevec
GO N GET EM,LLKV
kvothefanboy,EUW
lelonine,EUW
my kind of tumor,EUW
Sequence 0,Balls
Shaolin,LR S
EN3RGY,NEW
SLNE X,EUWXX
BubbleShinobi,Bubbl
F8115127,4200
FakerIsMyPony,EUW
OTP VAYNE ASHE,EUW
Chodzaca Lodowka,EUW
Adolla,Rift
SenseyMaster122,UKR
Amantis Shrimp,1337
Clengo,EUW
FKE,EUW
Tizz,2020
Crimor,EUW
Starlight,GRX
Ju29r0,EUW
ShinoaxAsuna,Wives
ACoolFish,EUW
Hyukao,EUW
Aldopapa,SWE
GigotSavoureux,EUW
Blue,Luca2
Target,3718
Altair,RE1
Komee 1v9,xDDD
Myosotis,0210
Smeagle,225
EdiPedi,EUW
SKT T1 KR Faker,MMM
Yonie,Yonie
asudem,154
Botlane Minion,EUW
Seulis,EUW
LordJonas,EUW
Rogues saviour,RGE
vànks,EUW
One Trick Inter,EUW
Maya74,1999
LaMeMixaDeBest,EUW
washed noob,xdd
Zhi Yasuo,EUW
cba,bruh
DNT GANK X9,EUW
cyryl leśnik,EUW
RekklesWannabe,2710
Manuel Nœuiller,FFL1
L V 2 3 3 ,EUW
Moe Wannabe,MOE
TheLoneWolf010,EUW
LeGardienDuLow,EUW
houssem1580,EUW
Kaizen,UAE
Walabok69,EUW
Shioon,TBNW
wugan,YEJI
Myoutaros,EUW
II XII Viegoat,SLY
NorMax,BEST
Zimbabwe Roger,2002
Stresskonzert,EUW
Mimass,EUW
APO Tanguy,EUW01
NoPlaysJustInt,EUW
Scarface,Rat
Emiw,EUW
Chobi,peyz
3 Fiddle Stunde,EUW
LOST ON YOU,BEYOO
ClownIRL,9396
Kuru,1337
radical plays,abc12
Nairdacillo,Adri
T1 Bob ツ,3311
tobiru01,EUW
Big Wolf Sama,wolf
BAISEURDEPIED,92i
fadeway7,EUW
Grå Skærm,EUW
B2U Nord,B2U
Woldjo,EUW
ASU FRAT LEADER,mog1
JetoPuff,yes
RaumTheDemon,0000
Król Gucio,AYAYA
KrematoriumGas,Netan
bad player,tired
Atychiphobia,dod24
Shadow Buble,EUW
RalphLorend,EUW
1sAmUeLsSoN1,EUW
Nightingale,EYES
Meerkat,EUW
Luca Brassi10x,SVK
VeigarV2SmurfAcc,123
Sh0ckZzi,Yeet
RG2Ganks,EUW
IoQuandoFrancixi,EUW
No Swain No Gain,SWA1N
DOOUBTER,N97
Perfejker,kebab
Frigideru,FRIGI
I am still noob,EUW
Fahox 2,EUW
kaffexD124,EUW
ORSTHO,EUW
Nuit Inoubliable,Folie
A TO Z CHALLENGE,SPKTR
Axelrein,EUW
HusseinSg,EUW
PocketMercy,TWICE
zen,GER
Philip un cosaco,EUW
毕一欸滴,Bead
Nutellatubby,UwU
White Gengar,CATCH
Seenaah,EUW
Banditosi,EUW
VIGA,4910
footballlol,EUW
spakleman,EUW
OC Ronin,EUW
The Fool,EVET
PoopSlayer,2552
wisniuxx,EUW
Viggar1,EUW
f1 fan,EUW
favored,7727
Ignii,EUW
tear drop,333
Garnuch2115,TSFEL
Kilco,7777
Wuxia Cultivator,tea
Memo,MCT
lordnabos,EUW
paradise1,666
Nasus Godlike,EUW
Akira,moon
PummelFee87,EUW
上帝所拣选的皇帝,joy
Straathyena,EUW
100GamesToDia,EUW
Outta,11011
Idas,Raph
editqua,EUW
PASTIR S 4 OVCE,EUW
Nocromancer,333
Omena,Omena
I YASAN I,RANK1
Anton Gorodetski,9957
RiiCHDE,EUW
junksmile,EUW
farm int repeat,SKR
Clown girl,nya
Vaderran,EUW
Freckle04,VOLI
자각몽,1337
pawp,EUW
UndercoverAlpha,QDH
GØDLIKEKayn,EUW
Peaceful Mind J,EUW
scarecrow,17711
6 7,35fps
AnythingYoulike,EUW
naplet bonaparte,ADKA
Darx,TOP
Satriales,xdd
Lil Mlin,EUW
FIRWEER,EU1
family picture,342
DaggerStormKata,EUW
HateStreamerMode,ratty
NasA2,213
Drunkenrambov2,12345
Bum Clean,WaiLr
Justin Huang,EUW
TopsLivesMâtter2,EUW
SheaOhmsford,legs
Jarad Higgins,4Fun
Pepsi Penaldog,EUW
eegusBeegus,EUW
KC FARFADET,123
Ekiye,Ice
Yoakey,888
VizitaStaEmirata,11593
Bardio,EUW
Omicron,Viego
bo198nes,EUW
K stiXNxX,EUW
needgothmom,uwu
mount eerie,6541
Futsunushi,1312
Klötenboxer,BONK
łζł DRĄKEN łζł,Sama
Baba Skriniar,1907
Voxi,3585
FLAGGED 78205640,EUW
BLEED FOR ME,GOAT
Svaty Jan,EUW
Kriss,adc
mrfani,EUW
Dirksu,EUW
Mr Spaghettisoul,EUW
εïз,KDA
hide in minimap,EUW
Stubb,9991
Distau,EUW
Dschinni123,EUW
Frekte,000
Sexy Fizz,EUW
Seiberembel,EUW
juliolov2,EUW
Loiko,FYI
juliolov2,EUW
Loiko,FYI
Lobby Admin 9973,real
white death,3940
Benimaru,TOP1
GIGGastroistGeil,6942
Cyprian,Cyp
Let me T0Plane,EUW
AbdallahNouira,EUW
YukiHiroo,0v0
Phoelix,Bot
InvocaTacos,EUW
FTK Daiki,Bia
DonFabi20,EUW
toto4567,EUW
Bowen,4611
happy game1,gg15
Cohle Rust,1230
Faramwen,EUW
LighTn1nG,8308
Aedrip,2XKO
Aglaea,Woven
improver enjoyer,2998
HeutsSama,EUW
RIESMOUTED,EUW
LUCIFER,VG95
AaDiff,Main
Hûnter X Hûnter,Kong
ina,0111
TTV Parein,UwU
chiikaωa,una
TheFateOfOphelia,SWIFT
Abusing duo,EUW
Marcellux,twink
开败的花,lzg7
Strider,10000
Holmberg,1210
Acremony,TCM
Sedemek,2137
Tommy,Prime
Bouffeur2gland,PLS
SJHaubi,brum
Kixa,EUW
ink twink,pink
gigachad820,EUW
MidIsSmurfing,EUW
RunNox,AUT
UkoNoox,EUW
Eskuns,GGWP
Past Lives,MYL
ErBicho,SIUUU
Emmazing,inter
R O X Λ S,0013
beronelol,twtv
MOON Ori,UWU
OhYouGreenNine,EUW
Jotarora,Gura
Stay Friendly,EUW
gorecleave,ducky
devant le noir,cycle
RekSai,RKSAI
ojbedziemagik,EUW
Reality,2600
jaded,001
Cameron Winter,Meep
Bardement,EUW
SALVIO,TOP
Kenan Yildiz,CR7
Boosted Gnar,smurf
VerySadFairy,EUW
Shrimp,Flex
Deanzo,EUW
GetUrBoody,EUW
TRACKERRRRRRRRRR,666
VOLKSWAGENTOURAN,nilah
Darrrrrk,EUW
Paul,8854
Stæhr,EUW
FRéè PALESTINE,EUW
Louve Vigoureuse,EUW
Ryful,EUW
RanterGMR,Ctlyn
4PoWeR2,EUW
ZYB BIN,CN01
Ψ ζΩζ Ψ,SNAKE
βleach,EUW
Harhues,TTX
snask,ksans
spuds,two
AK47KALASHNIKOVF,AK47
Wendt,EUW
Kintoonn,EUW
Crafter of Champ,EUW
Biggity Boy,EUW
LyonGui,GT3RS
RemmJobb,9357
Kanavié,DALE
yeat,cmngo
Basher Henr1k,EUW
PeterSepp,EUW
Kanavié,DALE
yeat,cmngo
Basher Henr1k,EUW
PeterSepp,EUW
PangoMango,phase
The Glorious,EUW
WhoStøleMyLP,EUW
Percepeus,EUW
MC SKERINIO,EUW
Enriquit27,2701
Sire,1010
Vaebae,bunny
HESAP MAKlNESl,EUW
GodwynTheGolden,Loki
Owelius,EUW
Wolfus,CFM
Chang,1122
duller,dull
Wizix,1377
BanaaniMestari76,EUW
Szymański,ryka
Seisο,EUW
Silence,404
2TOT,euw2
coconutjuice447,EUW
sad but pretty,000
FLØYD,fent
Urine Dentaire,EUW
Younning,EUW
t3ban,bl3
Galadry,EUW
unum,3921
fat chud,7777
Earthquaker,0000
CamilleeLjH,EUW
Ηerostratus,EUW
Faith,119
Trailer,EUW
The Sexy Girl,666
Currylingus,4816
Jujujulll,EUW
iridescent,tears
My Pony Hurt ,EUW
OG emiliozas,laimi
SPIN Escape,EUW
JackOfSpades1,EUW
V0LKEYNVO,MPR
Arsene,Demon
OOOmpa,EUW
raiinn7,EUW
Vaynemoon,EUW
CalpinV0,EUW
Kayntgetaway,rhast
freckle04,EUW
Ahceb,BiH
Kemor,john
MaggusII,EUW
MidLanerFromHell,EUW
froslass,216
SS For Tha Win,EUW
Flexin,249
Perisidrin,EUW
PICKA CIGANSKA,CIGAN
SaladeDeZozo,salad
Zane Jungle Acc,Main3
ITmonster,EUW
CarlosALCARAZZZZ,Wina
D A N T E,BKS
TSKLEGEND,GYM
kim jungle un,msk
AGENT VIRGIN,EUW
Ja3bassa,Ja3
Its Colof,WIN
Faaram,Blade
Karlshorst,EUW
Kolashiu,EUW
revoeremaG,EUW
blade of dhe exl,EUW
JohnCENA,TUTUT
TALON FORM HELL,DEATH
mOswald,EUW
MASTER DODGE,7887
Loy,MAREX
jamzen,0101
Iván,SUP
I Abhor Orphans,Nuke
Cachorro Alpha,razzz
Simoso Ω,Void
Ciri The Zireael,EUW
chimping out,chimp
cleo,fairy
ŁuNkaZ,EUW
TEKK ANGEL,FULL
Lana Del Rey,CIST
Eggnivia OvO,EUW
Sheyder,EUW
Gee,2t2w
SwingelDingel,SGL
TheEnd,Evil
Maciokcarry,rel
Fallen,21212
Beltô,RIVEN
BillyTheFarmer,Rell
Washed up btw,l2p
PUFF GOUT PAF,8895
positive gamer,6969
Alfredz,EUW
JOHN P0RK,EUW
TheJoker56,EUW
NAAYIL,S67
Tug,ZOFGK
Bloom,5780
Chef Cooking,1999
ALOOO,1v9
ZDUNO,EUW
Mamiya Takuji,sky
Wood V Smuurf,EUW
My D Wont Ryze,4488
I go troll btw,EUW
2L DE RICARD,12345
Hitokuro,5311
Difuje,3401
Prone to foolery,Tom
ZenoSAMA,2720
Msecimen,0000
Oitrewdnam,EUW
Chikatilo,EUW
Nadori,UwU
Purtu4llo,GVNG
Clara Cuvé,EUW
delibalotelli,deli
Amador Rivas,AIMAI
Seglare,190e
Jao Ming,513
Adarsh,ffs
果 粒 蹬,1209
DanKing,EUW
DualTranspose,89637
lilleamhnach,EUW
GIVE ME 15HP,SWAIN
Zapdos,Wint
bussdownAP,KAT
LightseekerQ,EUW
DąrkSoul,3916
StandBull,EUW
Kraayz,54310
SkarSsniK,EUW
小 九,999
T1 MasterK,SKT
Sorya,Ayros
yunlucky,yun
Paper Dragon,404
PeriPeriFlamer,Nando
dont shep,EUW
ΖenDaR,EUW
made to annoy,adhd
Roussi,EUW
Kev1n G4ndalf,EUW
YOONCHAE JEUNG,LΞO
天安门,社会信用
Split Your Head,DUNK
Jon Slow,EUW
Iseli,AMG
Help me now,Pls
Zuckas,Light
Mamamelo Mágico,0001
D3nnisK3ks,EUW
Blitz Me IRL,EUW
Izomaro,911
iCuddly,EUW
PRIME SUBJECT,XDDD
19946,EUW
Szymo568,EUW
butsmokes,EUW
BIyo0CW4oqfuVNtU,EUW
크림몬,Kat
学医的辣条音,好恶心啊
GloutonBarjo,666
TRED31 144A,EUW
mattn,EUW
mamouton,EUW
Wizbe,EUW
Éludia Crystal,EUW
hasagichallenger,EUW
Sexy Chicken69,EUW
xebbesen,4117
kabbit,ybg
Revley,UwU
50g De Nem,EUW
Chad Chadsson,Beefy
Chaffouli,yass
RuneLoLSuppAcc,Silly
PingouinSurfer,EUW
DIOW DIOW,EUW
Zarlok,EUW
PEEKABOO,PAB1
luciengroselle59,EUW
지지물,222
Kelsier,Patch
Mr Epok,EUW
babybunny46,snow
DutchInferno,EUW
Sladoledar1234,12412
BARDING,SDB
Sc2Bonjwa,Terra
adamdams,EUW
Fairytale,rybak
Kanade Inori,EUW
Traysorr,KIFF
Immermensch,EUW
witt20Faker,EUW
Llorenç2,2003
FeelsBannedMna,EUW
Katanary,EUW
NaaQTrainingAcc,004
Bizon,815
TSG Grå Skærm,EWW
K a Z u m a,ツツツ
Βraındead,EUW
Shenoxys,EUW
Dranzer,GENG
Key Fragment,EUW
No pasarani,EUW
JustNo0b,first
TurboTommy65,EUW
Mort47,1999
Tserriednich,PACIF
BALROG,BABAM
geomener,900
painx jg acc,KR67
Гром,RUS
10Edespêches,EUW
bornfrompain,6ix
BRØKEN BLΑDE,EUW
21Egon,6962
Jizmet,EUW
Nonimo,4231
Arminator02,EUW
Refresh27,EUW
Adoratio,Ado
SlMOP,EUW
Mongi Destroyer ,EUW
Pileshki Purjoli,Bira
ToastyMcRoasty,EUW
nkem,5190
MrForces,EUW
Carlitoelcrack32,Troll
Le rat fruitier,MNN0
888448,chovy
Boυnce,EUW
lamevacas,EUW
Diwine,NUNU
Medøuze,EUW
Meliodas,6eyes
Meguru Bachira,1EUW
Valhalla1324,EUW
Big Fafa,FAFA
Heart,CHUNG
SvirkaOtSimona,1954
fabri,payo
doωnfαll,EUW
LCM,eu1
Rogalloo,EUW
T ASMR Darling,EUW
CrabbJAN,KIL
murkel,0000
bLankkz,EUW
Meiran,EUW
ßloodlust,EUW
MoralDon,EUW
Ventoba,ST4CK
Make,5249
go mcdo baptiste,stp
Poresson,EUW
Rixoo,999
DarkLaneDemoTape,EUW
love the taste,iron
IHateYone,2001
GM Before 2027,kayle
Yaombror,EUW
8pm sunset,EUW
Tuk,MNTL
Pingüino Mafïa,EUW
Angoring,Ango
TwinWarfare,EUW
Let Me Flow,EUW
Cicciopotetor,EUW
Jiggness,EUW
XL Ironclad,TOP1
Gr1MM,EUW
Kumatora,EUW
kurosaki945,EUW
TT Prin12,MID
英雄救美先摸腿xx,Alex
DHM Merguez,EUW
Joghurtjunge,EUW
Zapdoz,swe
Wikkee,EUW
sinthu27,EUW
UnbrækableSpear,EUW
UnbrækableSpear,EUW
Dachrist,EUW
Amarokkk,319
THC Fabi,EUW
ZAHARÐ,TOG
Camomille,2848
Eenzaamheid,EUW
DG Supernini,FF15
Crown,WAT
Jamal Shengör,EUW
Boku,satsu
TheBlackTiger,1301
love win,EUW
Evorya Schuffi,EUW
Todeskirsche,123
BobbySins,EUW
Papua Neuguinea,EUW
Saritah,EUW
LPG KiteAdc,197
XXme,EUW02
Tiny Moustache,TKD
Spotless,Tosia
Ηeisenberg,6969
mmiik,choke
GrpOfAunt,aunt
Angel Fatista,sam
Griffith,EUW01
UnrankedTo1kSupp,Sup
Xesila troll acc,FATE
Szczuras,Serek
STB,NOR
G4BZ,1337
Cubi,1306
Kixshyet,EUW
ego,onee
haluciniram,wasd
Mountenx,EUW
Narszi,000
Han Sooyoung,EUW
skewwd,333
kjasdkasdk,EUW
T1 BØNER,EUW
EmperorKatizZ,EUW
THE LAST ROMAN,JUICE
chain losses,sick
JaggerJuicer,JUICY
MieuToo,EUW
AAU JEVIL,EUWW
Dimanper,EUW
Ranged Top,HOYO
Dire Dire Docks,EUW
Molanes,2003
Visakyab,EUW
Sặddam Sustain,2005
NOT SryF,0001
1mmy,1mmy
OneLastDance0,EUW
domilig,KASSA
ENCUL3 MACRON,LFI
Tony Soprano,Gbgo0
yzzy,4444
kenker123int,1234
Marcus Fenix,DDS
lightcat,ROU
wasked,0209
aAa Hazriel,SPF
angelminicasi1,EUW
NotLeo,ASTRO
Tunoy,EUW
Le mec Coolz,EUW
Prince Hai,3842
Voidd,maiki
Your Guardian,SUPP
Apes or monkey,EUW
Osta569,HIM
quintaniafanboy,EUW
Zap,1710
FemboyFanboyy,EUW
Glscard dEstaing,EUW
P G D T I T,EUW0
Smol Critter,Geno
get singed,gas
Yoriichi,Y0NE
tf24,EUW
Đomlica,GOD
Weralas,EUW
Times Arrow,888
I Carry my Lulu,EUW
Sinful Pride,xdd
Arylesis,777
JMR33,EUW
ApheliosTwink,EUW
UwU Femboy,Cutie
fking jgl role,FKjgl
sam,SHOT
Skrebbery,EUW
Riesenschlumpf,EUW
ATK OpLateGame,GOAT
JustJungle,EUW
Mr Blue,KEK
manchild,ILP
Mala Dofu,EUW
Alpacana,0002
BOARSERKER,11111
quiero chochito,0000
stop typing,BRB
Jean Bhonbeurre,EUW
Krokante Kanjer,EUW
K U,EUW
Sateju,EUW
Shifo,DDF
MiiK0,EUW
DoubleHagen,EUW
LolVStein,1131
Bloodyooze,EUW
tsirOXx,2812
wewo,JNG
deqy,last
Dagestan Macro,2or3
wszokusatesuki,1234
dudly,Mid
finalboss,mobi
Redleai,twt
Arthenium,EUNE
boyka258,KANAJ
PiUponFour,045
benga93z,932
ronnieh,750
Ayato,honja
Gomen,GOJO
MentalityFighter,jasea
NB94 o7,666
black,toji
WitOLD,MASTA
Breezling,YoRHa
ELKA,300
nanopodio,LA33
Xerdinho,xerd
Ep1dem,EUW
Kathar,0000
no mercy,qiy
lidl nas x,EUW
니파스,샤링간
AliceLoveFoxes,EUW
Shinsen,EU1
POLISYOK OLYMPOS,EUW
waldek kiepski2,11111
lord sani,4lyfe
Slayndhat,EUW
自 己,self
Dendonta,EUW
Saber,6386
Fedeki,Ksi
Special K,COKE
shotgunangel,coda
HoRn0cAlIeNtE,EUW
Narko diller,EUW
Cvadra,Sona
Majd,3363
asdfzwskrx,0000
OPTlMUS,PRIME
Bob lazar,MJ12
ParrySansFaille,PSF
Lemon Heart,NSWER
IM DOING TO MUCH,AFK
KhalamitéLaReine,BLEUE
Unleashed,6116
ЛАБИРИНТ,ψΨψ
DeathBladeNWV,EUW
Maraz ツ,CL16
Iron Vape Nation,IVN
11Poggie11,EUW
Freshx,Oveja
Caldeiro Zed,ZED
vBucks4Free,EUW
IIIIlllllIIIl,EUW
火影忍者真棒,火真火
budja,IWLMS
CACANYON,CACA
AnYm,EUW
Amepa,911
Fugazi,BOC
especialitoxd,EUW
Fury,1301
직조공 탈리야,7755
i love kadir,EUW
sc1lla,DIFF
DG Arkani,EUWDG
Varsal,EUW
Simo Never ff,SIMO
LFT pochipo,EUW
GAMBLING ADDICT,BETBE
Mylife4Ayur,EUW
u cute,vibe
JazzBone,EUW
Autofilas,ff15
Nahda,EUW
Arny The Legend,EUW
LANE DOMINANCE,PIKU
Gordh,0101
PXL Midark,Top
makost,777
Moaki,SUP1
kukx158,EUNE
Borderfine,YOK
EUROBEAT,312
mira,dawg
hahahahaha,asdds
Die with a smile,LG7
qiqibubu,AYE
SHOVING AXES IN,AZZ
Xerxes,CPT
tavşankızokşaduş,kabin
chains reformed,arc
AND I WILL,WIN
Hide on femboy,kayn
Faker,EUW11
Phœn X,AURA
minimajk,gej
Lovell,Bebi
i m sad,666
1eggelihcomecs,EUW
STORM,EAU
hachecha,EUW
BestMacroEuw,EUW
psycho verg,3800
free use prince,pls
Sennanseen,EUW
Krokodillermand,12341
Wretched Heathen,Rot
misery,dmg
test acc idc sry,team
Tearless Kassa,EUW
agartha,456
wieśniak,wieś1
fRlPrVEverley,EUW
jestergooning,jng
goku,450
Raphdu91,flife
Bobsik na fetu,DROGY
超高校级のオタク,JtR
Joods,5629
Z x g o u r x s,AVC
Bagaro,00017
Tommy Tantrum,TOMMY
RYU Spätzle,226
Klafes,TUN
ZOΣ,EUW
范冰冰,WABJ
Sporox,EUW
caraparrow,777
sonick1,1312
sonicboyros,EUW
BOUFEUR DE CHATE,1234
Brain,SVW
NeoN,ZGZ
Source chaude,EUW
Skill checker,PMU
hide on sk8board,EUW
ŠlinGshøT,EUW
21fafa,EUW
Kt Tk,2030
Tel,avivv
holdark,EUW
dîmir,BACK
eLS Facteur,MDGAP
Gracie Abrams,EUW6
Tankijo,EUW
Painful Insanity,EUW
Dying for cs,EUW
Touch,NOR
Mange un Qs,EUW
Thexteron,EUW
Kick rarakh ,EUW
Mirrorball,Top
annepasta,TR1
diastasicjour,cross
Madew,Viki
highvibrational,9999
Kachan,9775
crimecitygraves,KR2
MENTAL THE GREAT,00000
Defy Delusion,RUN
Zappa stone21,EUW
Nafilan,8780
Reconquêtes,UwU
Arminius dux,Arc
tempwtahptpeblaz,EUW
MOZTY,alex
Keelei,6211
HAHHAHAHAHAHXDDD,KR22
Dmr,1871
Ezreal acc,euwe
Remnant Love,roses
GO FOCUS,CHILL
Narcissus,EUW12
Nonchalantmaxxer,chill
Darone a pierre0,9480
T Bag fan nr1,GOAT
ToPaloukiTisRell,BDE
young rich rebeu,ovlc
Spricher,EUW
Capter,EUW
LF Qiyana Wife,China
zinabi7,EUW
StariGrad Dorćol,EUW
LordBrit,EUW
AI Laners,CantW
AFK,Beta
NuQ,17250
Apiculteur fou,PET
pEzSdSean,EUW
gvdhe123,EUW
Blodimiir,euw
tzm,God
kaffe,meow
Ulan038,EUW
siusplau,6767
ZeroAPM,oooo
GodlyApe,EUW
PupuPullava,EUW
iCONTROL,MAG
a1c3a1b2,01095
Insanity,Zen
50Yenツ,Epok
JiMeNeSiTo FTW,EUW
yolokillen,EUW
leg0tt3,EUW
Hobbiwan,EUW
muskelmange,EUW
3AM Pizza,EUW
TTVxAzakanaa,TTV
Frank Abagnale,GGS
BennyAss,Dagma
TITO,DEA
Luuuk,EUW2
Tom BombadiI,GOAT
Slayer,6435
Elanis,moony
Bingobongo16,EUW
Bardonut,dioca
AgePro27,420
Tritounet,EUW
Thunder Knight 9,EUW
Bernard Le Voyou,EUW
Rusik,2001
lukisfajardo,EUW
Pigeon Originel,MTLH
Kurt Knödel,AINS
Sipuli Ritari,69420
League is good,EUW
AOCK1NG,1997
Fox aspect,EUW
CSF Reyals,RAVIN
Dakin,EIRE
Drafilus,EUW
OmwStuckSis,OMSS
Gutterspreak,EUW
St Fizzious,EUW
ケバマン,Bread
RammusTheRizzer,EUW
Cronan,乂 乂 乂
Al Ankaboot,RSC
PRIVATIER,VSV
UFO,124
Mantarochen Manu,JULE
PringelsOnion,EUW
Incomplete,3135
Linkz,LUL
TTV chgaga15,TTV
Genau,EUW
Fadèd,0209
AMS Exit3d,EUW
TetrisGamer,EUW
Kanye Westrice,EUW
Reformed Jan,EUW
SigmaLigmaEnigma,EUW
umbreon,frey
Echoing Void,EUW
JORDAN ZEBO,FAUVE
Xennox,1222
haritaya bakmam,TR11
AnitaMaxWynn,OVO6
roland garos,EUNE
Monkey Pulls,1717
zxcasdqwe,0000
JESUS IS GOD,P413
NALOW SOUS,CRACK
lp printer,cba
Đick Splash,koneq
jhksmbvl,andja
Hyprox,LHEM
WarSimba,12345
easymoneysniper,HOU7
Rick Grimes,woods
Magic Hands,OwO
Skenderbeu,albo
PAPA,0papa
fizzler,1234
VEKY,777
Bachira,013
jobany wykret,cwl
WheereIssPykeyee,EXE
KC Zilean Zidane,6901
Little Nerulio,SMURF
Rio,Euww
Trepolryn,EUW
Aki Kyaa,Autmn
PlaymakingMaker0,EUW
Ahn Su ho,EUW
Misscallon,EUW
QiyanaEnjoyer,qqn
Spondylosis,EUW
Skudd,Meta
The Last Emperor,Kgb97
新中国来自未来,DUUUU
abusing op champ,EUW
jgdifcorporation,EUW
ToplanePeasant,TOP
rehagen,GEN
the void watch,yimit
Keteim,00000
Kereff,UwU
Jublebosss,EUW
twtv 6pek,real
LycoReco,EUW
wawek,malek
Candombe,EUW
Sjuftaa,5395
White Death,Fin
yoo cho,EUW
BURGERMONTAGNARD,99999
Lock In,2026
stopTypingFOCUS,calm
Coyote Stαrk,EUW
bugay,3253
Arteer,IDGAF
Igon,XXXXX
도그 산체스,ff15
77glizzy77,lockd
FOX Lyon,WEIBO
downbad as fck,EUW
jakubgurdak,EUW
AXERUNNER 2077,2049
Jahannam,EUW
SadClown555,CLOWN
Lucius Artorius,0000
Flambi02,EUW
Itrazel,EUW
Aeternis,0000
Dada1230,EUW
Mundolsheim,TRT
Kingsi,EUW
BatemanL9,FAKE
Nick Woltemade,goat
Sehweysen,Dani
JesusChrlstus,EUW
Ketamine is Life,0069
labubu,Pixel
bubuto,355
Sumation,EUW
Grab a Lantern,PLS
Heizen12,R1JG
th3zone,EUW
Lunolou,EUW
Tsunade Senju,Hime
SIGMASIMPLORD69,4444
Meister Lu,FNC
Energy IceCold,EUW
rumilus,EUW
x3nor,ZRI
0vprjklimphsm27z,请回来
Plankgang,1234
MySuppIsTrolling,SMURF
ジャングルの違い,とにかく
domlm,1212
snøwfall,xxx
CHANEL,733
1시간,KOREA
Doctor Acid,ONE
ADC,MAIN
fullmute arc,deafn
Canyan,18888
salut,222
강 철,Ruler
zeitnot olucam,BABAĞ
ruined myself,sorry
Xiuenyi,EUW
keöna,cat
RippahPr0,EUW
VLH Spirit,EUW
TinyTerrorImp,EUW
xenix,100
Only Xayah,PPC
PilliWilliams,EUW
Alina the bunny,loxx
SUPPKING,drgd
SzturmiGapNoCap,EUW
Badipie,Cyan
FullMetalGremist,EUWBE
PAINHATREDENVY,LUST
Biggie92i,EUW
ESTELA REINOLDS,AIMAI
UDG Zafir,EUW
Apostate of Hate,EXO
Rhaenyra,mh10
krutki pindol,CFL
emptiness,0002
AlojzNovak,357
vinz99,666
saol,trapz
NonstopGayMovies,EUW
OWL Cøldd,OWL
ALobatoF1,EUW
cloudie,mango
Shiro,nope9
Stinky Rat,IRL
Tipico Toni,S1119
Quant,GDW1
cereal,333
its my ninja way,peace
ChenKZ,1207
SideByChan,999
Zernichter233,EUW
ES Yugi,EUW
Amuko,69420
2Drunk2Dunk,EUW
WilleNoScope,666
TWIN TOWÈRS,B00M
judeorange,EUW
T1 Truck Driver,SMURF
微光弥漫,VITA
Srysohigh,kimo
Kogity,999
bazilisek2,EUW
Bruno Pochette ,EUW
Kyo,6006
리암우,12345
SLRSLRSLR,023
Tohaa105,EUW
Hederk,EUW
JCatasus,NASA
Doronovan,EUW
Bonkers95,EUW
Aytee8,Arise
Partybrunder,EUW
GoDDragon Slifer,EUW
 τøjł ,EUW
Hygge,GEDEN
Laerior,EUW
Darkshaw,EUW
Feelsbanman,EUW
Halisea,8388
SuperFurne,EUW
EmoJJ,TR1
fıçık fıçık,2424
Ducsure,duck
Chef,1975
Sophiamat,enoia
222,2026
sv3rige,RAW
maybe it is,her
lazuli,0000
believe,dxd
I play fill,Yep
Misery Ave,ECPU
Shinoa,QUEEN
veigarosan,EUW
badi,moc
Valar Morghulis,orion
DonQuishooting,EUW
Raketenorgel,EUW
Kretin Hopes To,Die
Billie NoLeash,EUW
qtxyy,EUW
Gotapokra,EUW
Rake,erm
rukis,GOAT
JoelZiiTo,GAP
Grass eater,HAHXD
New president,EUW11
demon swag,T1A
XDDDDDDDDDDDDDDD,Hil
karas18,gowno
Tehron,void
Rhan,JUG
midazakeu,3333
Number343,4312
Tyrin,EUW
LaFalaise,chute
Zathas,EUW
PRINCESS ZOE,ARAC
JJking,刚god
SnowDoWn17,EUW
LFT Falcon,LFT
Shermy,0001
战场上的一名战士,CN1
085,EUW
MrRobutt,3333
Gazotox,EUW
EzZE,42069
肖娜薇恩,暗夜猎手
Storda,EUW
Odysseuss v9,HEC
WeaksideDipstick,1503
RCS Mike,JGL
Nísko,EUW
Nìghtstorm,EUW
Afarion,EUW
Frishey,Pharm
BLH Misriah,1996
kidyann,EUW
Smindal,EUW
ÉmiIio,EUW
Niini,EUW
sanguis christi,inri
İLAHLARIN KATİLİ,0001
Köysimies,Vege
Ghosting,Beast
n3mll7ea 1v9,KSA
BalletSteps,feet
cov nitty,over
Afterlifelost,lost
Darkness,GVEN
WhySoSerious,smoke
lose and ping,EUW
Anaklysmos,swag
VeryAntiseptic,NONGR
xzmlcxzjkdxzejd,312
Oroshell,EUW
Acinulus,EUW
Ｊｕｄｙ,0906
01Koa,Allie
UpTi,EUW
Empanadiita,2003
DRMToni,2414
Bobingus,erm
WANGHAF,1234
MaTanteLahbess,EUW
科索沃,CHN
Queen Bushra,queen
meuh c la vache,EUW
Shaxra v2,EUW
Actioner,Alex
blazing,star
Ilanqu v2,PIG
rups,2415
marty mauser,231
kirmil,EUW
IGORKISSMYDICK,EUW
DonAdolin,EUW
Gοjo Satoru,0000
spawned,troli
All Hail Zero,EUW
aimer,2125
TislMar,EUW
Fanaghan,003
SpicyPumpkin,Tar
Vybin,974
Salut c Pol,NUNUZ
OmnistoneUrgotSp,EUW
Horizon,3521
Goblin66,EUW
Oni Kuroha,Zer0
M3ROC,8750
JusT Palme,EUW
Lost From Light,350
纪念日,六小六
Bronas,No1
Terziony,EUW
Like a flower,EUW
Trainboy,EUW
pan dusik,444
muchoedmucko,EUW
MuchnyB,9748
JurgenCleanseman,EUW
Demaciens,EUW
Kaleyna,Prime
Saathik,EUW
T1 Hecatics,THH
los codaina,leanw
CRYDI PASSEUR,1922
Victor Osimhen,qss
Checkmate,1v9
MICHELSARDOUFAN1,CNMR
十  Ｖ ｅ r ｓ  十,vinra
Non Ducor Duco,SPQR
Eustalaho,04795
xXMUXx,8793
KEVINTOGA,EUW
Fixs992,EUWW
Rellchooper,EUW
MF DOOM,D00M
Love is delusion,555
Gogoing,MXWV2
Sweet Tøøth,GOAT
Kyernonanika,EUW
DRAVENS SON,8096
boze daj mi sile,Bless
UrusMeridii,Urus
Promised3000,elo
evernight,Gwen
HaRpO JhOn,jhon
SAYAKING,Saya
Kara,230
go in sac à dos,222
HOW mogo,1234
amedow,e2r
1 Velgod,EUW
Hengeyokai,777
TheCleanestHooks,EUW
babydoll,yearn
Br4vePotato,EUW
StoryCore,TEEDO
LeBelt James,EUW
Zeio,2010
AAAAAAAAAAAAAAAA,EUWe
Gothic,Zaza
GpSpades,1704
HextechSha,EUW
Burnie4,EUW
King,LLJW
greed,EUW48
ThoseWhoSlow,RYLAI
Patience,2807
MAD IN THE HOUSE,EUW
Gabriel Valiente,GGB
xPankakanx,EUW
LTUKatukasLTU,EUW
dookie,dewks
DISGUISED LONDON,EUW
Newma,nulos
Toothless,EUWWW
its complicated,YRC
silly pickle,akali
Dockel,KLOSE
Beami,EUW
1LTIS,EUW
Nsurr,EUWFR
Sałling,EUW
x7t Manu v2,EUW
Svenne,Sven
Th3Unkn0wnUs3r1,EUW
DNI IF BROKE,1337
CRG Mstdarmes,EUW
Shaun Le Mouton,EUW
Sjôkz,EUW
Goldi,GHC
Colibri,1111
Careves,EUW
nerodia,THICK
Sympex,REAL
SPUKER,WEU
julapaki,Suomi
Shinra Tensei,Gus
LIN Striken,LIN
Thibitox,Emi
NPC 1er du nom,BZH
L9 Zyzz,GYM
WINWINWIN,EUW
GSTAR88,EUW
Abraction,EUW
MRG longstafff,EUW
Atsumu Fan,MSBY
Zooticketlanes,EUW
ChocoPrince TM,EUW
VerizonTimbo,EUW
ADC001,001
SerrUwU,EUW
TFS André,EUW
Djigii,EUW
Psycho,JGL
SFS jumper,EUW
Rack96,EUW
Juvesoul,1986
MXRUXMBXRU,69x
No Reason,6505
fiddleberg,rylai
darpgasptecavuz9,316
TTV vengeance433,7545
pipicaca,poop
SHADOW SMITE,smite
donezo,cwazy
Drizzy,广东黑龙
BFX Diable,BFXDB
JISELE BUDHEN,SEXY
no ign just clic,666
Viper trainee,8158
Eventual victory,WIN
喬治弗洛伊德,fent
decent support,kil
RAY,4609
172 70 3,SMALL
IIIııIIıIIıIIıIı,888
maniac,fly
olynn,2000
Party monster,xdxd
Mirage,Issue
light dark light,zen
The yellow card,tfate
The yellow card,tfate
LucidDreams,7777
Wynex Dino,EUW
fape,123
DoesntMatter,00000
Speedy1,GRE
GIGACHAD FIDDLE,DRAIN
Harry Kane uwu,EUW
πatheπatics,9567
TwinkDrainer,Daddy
Salaterka,east
FKNNGRRPST67,freak
Fuméé2PeufGoût,Paf
Boss,Sadge
JDG GALA,CN1
LaPlace Demon,4Site
sc winner 2026,toxar
ThijsKkPinda,boem
I am,T0XiC
SOYKIRIM,HIRT
TwTv Roan lol,Roan
Nicusor Dan,2dor
Shensuality,0010
Naive Gentleman,EUW
PashladTTV,PASHI
Carde,GOD
HATRED 777,EUW
sadly im alive,xdd
Bugay,GYA
never compromise,xpp
Sacek Joplica,DRZEM
Hermès,ALIVE
ヒトカゲ,151
CatboyGaming,UwU
Kekirrkyy,EUW
AD Swiz,0302
adcslivematter,EUW
trve assassin,trve
Spelttivehnä,EUW
TATA,MATA
Onisora,EUW
Danseuwu,777
sweet relief,EUW2
striving peace,zen
Qpies,1314
fkyuumi,meow
KING DEMON VON,77777
EKOFRESH,NWA
BestAmumuLan,EUW
Zef,EUW01
Spacing dog ,EUW
fordfocus119hp,1109
PLASTICPRINCE,EUW
Xatos,0000
naincasin,wmax
mGjPIra,EUW
Sexy Simsie,EUW
Autumn,Sweet
Onni,main
UPS Booster,EUW
KING Zerkome,ZERK
ZerefDragn,25252
LeeMinhyeong fan,EUW
waste of current,GOLEM
free rider,noob
crispynutss,EUW
Tywin Lannister,ponyo
Mayheim,EUW
PabloTC,Gomu
De King is Back,vex
E van der Hooi,1212
SleepWe,Pride
Who,ggez
I bims der Yasuô,EUW
АБВГДЕЖЗИЙКЛМНОП,РСТУФ
Mi Señor,EUW
KS Arl3n,449
Geselle,0007
Froppy,SIPS
WinglessFury,EX1LE
puppynamer,EUW
EVILRONDO,EUW
Mustachini,EUW
EG Paky33,EGC
FleXo0,EUW
Proccc,0000
abysrising,EUW
YOSOYELNENE,EUW
Bilbo Shw4ggins,EUW
smiley chat,tobi
midlane princess,goth
ADCloeffel,1337
كتارينا,EUW
SoloQ ADCarry,EUW
DaeyeoI,EUW
FIS iXet,FIS
Koaze,EUW
WitomanG,Jinx
Tips,007
XPEHOB,sir
XPEHOB,sir
Zookeeper Falk,EUW
BubbleGumBrain,BRUH
Muffin cat,1408
Skyzzzzzz,FIST
Ameno,DRME
Egirls,EUW
positive john,happy
Kister,XDDDD
arrangatang,EUW2
psychookaz,aktor
URLIOON,007
任凭梦里三千落花,dxy
Nokinaxi,魔术师
makeouthill,aaa
full snake,diff
NUDA,666
schimpanzer,0000
purrpurrmeowmeow,rawr
mrdn,1623
yuffic,1337
qbd,123
shobista,52674
Sad Gryga,EUW
Anna Pepe,Slay
cpcqcbarp,EUW
buythedip,bxq
doodlebob1v9,demon
Aespa Karina,EUWWW
mamis uus papi,daddy
lovely being,EUW
2 3 yrs dagestan,six7
SPIRIT GUARD 001,3910
Squid AFK,EUW
HotAmelia,EUW
Crown,ΕUW
YørdleV2,BCity
Smough 204,EUW
Ązalea,LION
breshbandicoot,EUW
Juhnayde,0001
Bird,Steak
Ðiaa,Lux
technoravefan82,1109
Bouftou Chétif,BONTA
noob4ver,B2O
DarkRangerV2,TLG
MAT Maxi,MAT
ODY Buckor,EUWWW
fear,nth
JahmmersXO,EUW
Hikiko,Lock
MRbubbelgum,EUW
The Fool,LYFR
Michendorf,EUW
moulldon,EUW
lowelo acc,canc
Baeguetteman,EUW
Goulag D Chikito,EUW
CEO of Twerk,EUW
Mads Blob,EUW
I love Alpacas,EUW
SpiderVayne,EUW
I Soul Stealer I,EUW
Vrµno,EUW
Sim,B612
Augenkrabbe007,EUW
Purple Lotus,0001
KING K ROOL,EUW
Gwynbleidd,TRISS
wa3er,EUW
SimplyAsianXd,EUW
BDS Jens,EUW
Urgot IRL,EUW
Theoretical,EUW
Kardenog,EUW
AlphaMinotaure,Alpha
Tomboi Timmy,80HD
Snackinator,EUW
Sophia Fung,EUW
something,99999
Dover,777
AGARTHAKFCASESRU,CASES
rashai,2v8
6th May 2007,SUPP
Sandzons,LAT
whatsmypseudo,1729
sky61w,123
Alissento,2115
han sooyoung,0711
GABE OWNERS,2000
hopelessromantic,333
loser,awoo
GANGYSTA,6767
Fubangaa,EUW
Ecifircas,bleed
Obrzezany Ronin,Klasa
enorekson,EUW
IPPO,rank1
Cassiopea,6994
SZEW JUNGLE,GOAT
RIZZKING,GYAT
Ivern Child Love,EUW
KrazzyMatesz v2,8164
cunning crawfish,0001
please come back,why
WITHOUT WARNING,CSM
Namikaze Minato,THC
talon na kúrve,balon
Golf8 R,sus13
Grain Of Sand,222
imjustmisty,TTG
BardoGirl,EUW
VoliberOnly,EUW
TRICKZSTAR,CTRL
reyz,1337
Isakgm,EUW
Zbomb,BOM
wegroneOF,EUW
solace,22213
SXNZX,69696
Crimson,9243
Metr Párna,1073
KITINGZXD,EUW
Santa Shiba,EUW
Kalle Moraeus,Dröm
zh3ng,EUW
ZenLess,Felix
yHdYWinston,EUW
lIIIIlllllI,EUW
Gobgob gauchiste,LFI
MetaPlayah,EUW
The curse lives,Washd
Agartha Kirk,6312
KleptoTaricTop,EUW
NatMaden,EUW
TyroneBlackstorm,EUW
Xsito,EGO
ketchun,kws
GandalfTheWhite,6959
acti on adc,EUW
trust issuez,007
Duke,Dondo
Jishiro,4444
Bou5ancha,Maroc
qeniu,west
SuppΔrt,EUW
MILLIONS PYKE,BZH
Amir,EGL
TBoneGoliath,999
Anakin,AZE
Kosche4ka,EUW
Ryldor,0624
Liathmir,LTMR
Michael Schloter,Honey
hawa you,vlt
iKrez,EUW
Reshiram,rx7
gregc174,EUW
WhoLetBroCookXD,EUW
MacAndCheeseBert,EUW
Pizzashop24,EUW
bRmaKqt,EUW
Tigrot,MILIO
Koyomìn,EUW
BeanSlayer99,EUW
PrayerofAnubis,EUW
martjemart,EUW
Leon Mancer,EUW
kzy,1101
ADCasper,1885
DarkNekoツ,777
rav,dog
Linus The Kench,EUW
Vae,drix
escalinet,EUW
For HeIvede,EUW
Darki,0408
Geesu,EUW
Linwelin,EUW
DHN Scuffed V3,DHN
Minita Smuggler,Shani
Solotov,BOW
CeddiiYoo,EUW
gasgas1v974,EUW
PiggyPoacher,int
MACRON ENJOYER,420
KÖR BERBER,EUW
KîmJongUn,Korea
drowningfishes,EUW
ttv AmorPogg,amor
Torkanit,6139
Watalastai,MST
Oldhesio,Hésio
Toaster,GAK
Madaf SIUUUUU,EUW
furtwins,7976
Radio Demon,HELL
minh yeu nhau di,hihi
TNNT,EUW11
she beats me,1604
Star Shopping,lilpp
MyAdcIsTrolling,SMURF
tizgnv,JaOWt
253,天上唯我
Scrapy Coco,LOVE
Indrasarrow,4945
YipYip,NMBR1
need 2,stack
NootNoot,7283
limit test 4 gf,yzqaq
jgap003,6359
Ziandarnonso,2441
JoyfulNilah,NLHH
sour times,KCORP
blood drinker,097
Hogtunt,8824
Dart,myst
Admusterenal,86579
SunZun,EUW
bwo,fdj
UglyHungryHorny,Raz
dock51,EUW
Miracle,SoD
Marvins Roommate,6ix
phalos,123
jurgen00,EUW
Maphra,2107
lIlIIIIIIIlIll,EUW
Bao Yi Zhen Xian,EUW
lythe,23EUW
Wael,1070
Buried In Ice,LISS
Exile,99990
R2dwn,EUW
KC Alyone,KCB
PiłkerSprite,czórk
Bejson,1512
Squilmse,EUW
sagitta amoris,EUW
oxruzfvrm,EUW
Wind Chan ,EUW
madcat,1904
3L1,nuit
Lord Varys,Realm
die trying,byndr
Mike Oxsmelly,EUW
HariboSwamp,EUW
FAC TheDoctor,EUW
General eoJ,SohoH
Andystyle,THICC
Pablo Escobars,12345
idontcare,4481
DawidUZ,EUW
mango,mxxgo
TheBelowedAivar,EUW
Ledeni,LED
rinn,aespa
hugo helmig,EUW
Ryba,LOVEU
Ståvegu,EUW
Lo Siento Wilson,Erik
Nutty trains,EUW
Imagined Adc,EUW
QuiSmokesHaze,EUW
Adrouv,EUW
Cap Sean Renard,EUW
NicolasitOP,TOFU
Madu,1331
Ally 12,EUW
Ward Addict,0001
Dazzler,SUPP
Kalle Hilding,EUW
Cekaj malo,EUW
skirt no panties,mel
HariboSchnitzel,EUW
HasanM,EUW
GalloBerto,6345
Drunken Donut,EUW
Yasuraoka Hanabi,EUW
Jouwin,EUW
ˆˆˆˆˆˆˆˆ,000
ALK jaimes007,PRM
Zecckk,EUW
Deepsø,EUW
1231asdas,EUW
Yorukaze,EUW8
LesZHOMMES,ZER
Foxbidden,EUW
FNC Best rivenEU,EUW
QT Space Cadet,EUW
Lord Hansen,WEST
Doskipo,pipo
volvo driver,STBL
Showtime,42069
LloydBTW,PHL
Karotten Dieb,999
Travis Touchdown,EUW
AC POMY,7584
Stojko,dave
Chappie,MINI
mountains,monke
Dnite,EUW
Jeyserik,EUW
Tryhคrd,Zoo
blonded,223
noknok,2xko
Vants,6969
DJBrammer,EUW
furious Shark,EUW
Mouche à Caca,1212
Lucas,001
spacekiller28,EUW
Dr Saâd,EUW
Donnie Barko,EUW
WanderingOtter,Ocean
MG Kaneki,Kanek
Love Shakespeare,TR1
Ditra,EUW
GazpachitoAbuser,EUW
RonaldoLaFoudre,TW4F
Tesaiga,EUW
Alain SØRAL,GØAT
Kiting Machinee,Beta
SANTlAGO ABASCAL,VOX
Bertan,jg df
The Ashen One,kuba
Lizard,KR4
Rijsel,NORD
Watermelons,9999
Akane Kurokawa,Water
Nylander,GULP
LOWELORANDOM,L9PIX
Otokonoko,FEMBO
Linka,Fobor
Blue,lazy
FISTASZJO,MOPS
Karlenong,07637
努力努力,3333
귀찮게하지마,SRB
SL5X,55555
Princess Luna,Bunny
몰입 상태,Top1
Lucifer,elo
pick up soap,0o0
majid,xaut
SuperChickenGod,EUW
Dr Biohazard,MID
Fatihco10,EUW
Cirilla,TWR
TheStomper,EUW
Piscine Flexible,1312
Supa Disciple,1887
Servens,EUW9
TheFinalOne,EUW2
Diandlia,EUW
希特瓦姆杜佩里奧,CHINA
1 hit u go coma,amrk
مرعب النفوس,عمر
Kono Jec Tomare,EUW
Galați,77251
VOID PROTOCOL,VOID2
peydos,EUW
MC Axelito,RIO
johnpaul int acc,EUW
fogs kiss,064
unforgiven,sybau
Asa Mitaka,arf
qualzy mid acc,2313
xXAlfaWolfXx,5039
Kassiru,EUW
Mofre,Swift
Öndeyiz,EUW
Madagascar,KDA
RUFF RYDERS,DMX
Kviklån Rådgiver,12345
邵阳扛把子,SDC
Elizabeth,AHOY
Laenos,EUW
Morning Raver,EUW
Faye Valentine,OMG
COMMANDANT 3MMC,3MMC
HowToFlay,HTF
Keytae,EUW
AmelieLens1996,EUW
PMP Bird,King
Coach K UrgFast,Vroom
Yves,Crëpe
Rhombusaur,Dwarf
im supershy,XDD
nls,9009
Alpaka12,EUW
Tenzô,WIN
Tizzou,Tizz
Juju44,030
building,0000
Dark Miel,EUW2
Shöda,12755
Iwantlync,EUW
Yung AG,EUW
Yung AG,EUW
TégéSteakHaché,2409
Lollo,xEUW
Papua BenaBena ,EUW
zeze,zadex
Johannes,JBL
나 바지에 똥 쌌어,Elin
Paradasu,EUW
Klöck,China
Io Sono Morte,Morte
Noah Rühl,Essen
Moody 8,EUW
Razgos,EUW
Godteri,Candy
XimuX,EUW
MAP Mirkettosh,2004
A Sad Cartoon,BBery
Rusty Knife,666
KING2LOUIS,EUW
Lord Zas,EUW
Korvgubben,CPE
Lilia,Rose
Emit,61616
Alexita,kenma
laniakai,EUW
Sjoske,HEEHE
Hithit,999
RimKa,EUWKC
timmythecook,chef
KOKORIKOO,EUW
Twilights Edge,IDLE
Hashirma,EUW
Turbo,Till
Concombro,EUW
Battlefesh,EUW
Natu,RAWR
forsakensoul,hell
Kovix,EUW
jho mama,EUW
RagNarok Crowe,crowe
CØKΞTΛVØLTΞRΞTΛ,ØPΞN
WHERESMASANDWICH,PINGU
LAELAPS,EUW
Sweating Hard,EUW
Ðuffry,EUW
IDK SRRA,uwu
Rambukken,FF15
Shefer,EUW
Hokage,SKT
DNA Wizz,EUW
SHiFT Jhinx,EUW
drinou93,20029
Toxic Xedar,EUW
The Pr0 is M0,EUW
TRENBOLONEROIDER,EUW
OneTabz,EUW
INIT2INTIT,EUW
SSP Clearfull,GER
iKill546,EUW
KwN Lunz,EUW
R1 ff 15,ff15
BeowuIf,EUW
LilJuice,juice
Daimi,meow
Waterlily,EUW7
G2 Lent,187
ReXoRXXX,EUW
Mortecouille,Baggy
Shailen,EUW
Nio drug acc,drugs
ESREF TEK,Mcc
Féca,Wakfu
TAHTABACAK92,123
Tederi,ADGAP
Aphi,3723
イタチ,P53
freak,hung
Eune Prodigy,Crazy
MAKEOUTHILL666,8395
7Kaho,7777
Hachii,1337
myszchevious,stary
pidh some,2038
tryhxrdtobehxppy,LRAT
YAYAMI OMATE,qqq
Prince Nidalee,choco
nier sovereign,ily
asdqwe,asddd
nøti,EUW
Kratom guy 313,Monk
The Black Dread,Drago
ＧｅｅｎＴｉｊｄ,ＧｎＴｄ
XMaKu,EUW
NEXT LEC KING,ADC
x4T8,EUW
Dark Nebula,PRO
respectwomen75,PWOW
Jufbaly,EUW
Hand Of Blood,HMARY
Kuardrad,EUW
ZEKA SOUS DOMPE,Zeka
ABCD Adc,ABCD1
DXFFENSIVE KING1,KING
绝对的丛林怪胎 自然怪胎 保加利,CHN
martin kickass,4444
Likaaa34,EUW
D D C,SFC
Fractured Soul,Clair
AIRBORNE,wind
yehshuhuafan,葉舒華
Friskis,0000
Xin and Nunu,EUW
RODOLFO EL GOLFO,GOLFO
TEST DECA DBOL,CLOSE
Jaki kvrwa cwel,haha
Daschvit,EUW
IN DEM STRAUCH,EUW
Keon,adc
alpower8,EUW
Scariad,15672
Uxi2klpRush,777
SuckMyPatter5165,RFNG
Steeltakean,EUW
paint it black,EUW
Lelouch,0460
B Butcher,EUW
Holixyto,EUW
GuysILoveIron,UwU
Jocelynrv,EUW
Wilhelm Backhaus,1884
Pusekatten,UWU
Apaisée,EUWC
Johan Liebert,8915
Bâhn,01111
Camille Beast,EUW
Yorshia,7777
zatupip69,EUW
ailliuQ12yhploD,EUW
Aine,LAMB
TakeOffx,EUW
MK PrincessPeach,PEACH
Gyro Zeppeli,ARAKI
RABΑNUS,JGAP
Asalano,EUW
LeviElric,EUW
Nu Pogodi,EUach
Big Blαck Clock,ekko
CloudStrife1,12345
AKR Kaede,AKR
VELONACEPS CALYX,EUW
iluvbush,killa
MrKnopperz,EUW
Papi Barros,papi
CIearlove11,EUW
Osyrex,EUW
SzymekPrzygonek,Szymi
Bard without R,EUW
Raggy,RRR
ASIAFOOD,KING
CG Audiforall,EUW
Madpakken,000
dynamicEQ,EUW
Latrius,schli
nihro,mage
BF Shalltear,EUW
Ghuntan,EUW
nostellaire,EUW
とοﾆﾆοユะ ｖｒｏｏｍ,Draco
Edge,EUWW
PhanTOM,AUX
Ggrrrrrrrrrrrrrr,rrrrr
Agent petit,GODS
SYN Raawrzir,AZIR
Perfect Bald,EUW
Boatish,001
SevenArmy,LoL
Kugano,EUW
ers3s,EUW
arthimv,EUW
Netoce,BARK
Maître Lame v2,EUW
Lowly tarnished,EHWW
Fillbill,1337
LX S,100
friendly alien,813
KDL Flavio,EUW
Darowz,XIN
Jennie,BDG
floxx21,EUW
杀手恋童癖犯,杀手杀手
maxyhubi,chico
ThePikachuBae,EUW
TRD Spikes,EUW
NEED 1K LP,MUTED
IG2I ThéEau,EUW
JV Strong37,Kaisa
Muk,187
Doja Cats Toilet,1234
Wonder of U,Dio
Kim Suho,Ubots
Flow 7,EUW
Jupezgu,EUW
DMG Symphonie,DONK
M D M Á,EUW
gazell,1212
Xtak,EUW
Brexie,EUW
ABL iNFl,DIA2
Botja,189
Krunkz,4444
Thorfinn,58C
Aventurié,EUW
Muraxon,74771
Lucky Maddox,EUW
Vio,1516
pottas,1337
Lill Rat,RAT
USSR MILKER,2468
Zireael,EUWW
IALFAI,EUW
Jungkοοk,EUW
Gustwocohshuk123,BDC
Mester TT,EUW
B Z girlfriend,MIA
DFG Epic,EUW
Jahad Yuri,0000
Coffeetable146,CN1
STN Vactator,tag10
Pizza4Fromages,PLZ
KimJ,EUW
hanoIeBG,EUW12
lllIIIllllIllIII,adc
Reworked Kayle,EUW
TheSouthSideSerp,EUW
Lucas Hood,405
IF Itsuki,EUW
Willysucke,EUW
Choobaca,1998
MikkelGeil23,2263
ASKK12,EUW
kakan,5422
K R T X D,069
Conde Vlad,EUW
Dîvex,EUW
pulpecik,EUW
Africa,EUW
FiskaarN,EUW
DuarteYhEEAA,EUW
DreeamerBoy,EUW
HOLY OLAF,EUW
vilow,MID
Amogath,EUW
Yuki,03530
hou je kk b,stil
TTV XinkeLoL,Riven
DOHKAiNiUM,88X88
ttv junglebird1,1v9
5 hrs of sleep,what
Vadarim,00000
China,Glory
Martini,CHILE
I love the rain,euw16
lonelyd0ll,cutie
Graffita,Top
monk mental,sutra
smradlavy hajzl,zen
AL BAQARA,xxxxx
gambling addict,6447
Kirkoralbert,mots
Whiterock,SMT
nitro,succ
Darxeldlye,0000
Xeimou,7139
Reinn,4x1
DesiredCarry,2137
Pompek2,pompa
L9 Fárt Sniffer,Pffrt
JPEGMAFIA,Kaiss
Fever,013
Old Shatterhand,9583
VS Tr3zk,TVS
lartsapox,EUW
Nissenudler,12345
Coffee91,EUW
EvilR,jork
ratkif,123
shensei,1122
Magic369,369
Barosul,EUW
lasttime,361
MountainBear,EUW
QualityOfPerfect,EUW
Ameisurrferrari,67676
AgSlaug2,EUW
Hayu,xdd
JARGAR,2505
Tsamina mina e e,lulu
Air China 中国国际航空,Star
PARAMORE,MUSIC
1 1,666
Snaytsy,GOAT
kokori me twn 80,247
vit monster,040
Chefoy,EUW
Skin,qiqi
FTH Mitri,STORM
Zelan,SUP
I MUST CS,2048
Citron,Smile
Ryland Grace,102
FOX Cooper,fondo
Tero420,WEED
LET ME STACK,esy
ahh shibal,onion
big failure,EUW
get teratomas,cysts
33333333337,EUW
kytten crybaby,kyte
dartmonkeyy,monke
lessgui,1101
sensaretranki,232
ccmz,2383
dnn,ーーー
Delise,EUW2
LashFPS,Live
hiroomi,KRCN
I Hate all of yo,461
Aquamarïne,eyes
Goopfig,EUW
MILFHUNTER552,4946
KolanoDereka,EUW
Menthadha,EUW
sakusama,666
DJ REXMA OSAMERE,EUW
Element,ーーー
PandoraBlabla,777
TomahZz,EUW
Stålis,Bomb
Skorstein,TOSH
Reekino,teub
aChuckArell,EUW
Artking2,EUW
Muskiin,EUW
Drëamed,Vzn
ShrekyeZDoTGG,EUW
miska,mid
blueberryhunter,2307
Eudaemonia,777
αdil,MAR
skarinntikia,EUW
HORSEFIGHTER,LOLXD
Weakside issi,EUW
Shaila,QAEDX
Jayy,ADC
NIGHT YASS,NIGHT
WuffWickWuff,384
Silent Aegis,VOWED
GRYPHONHD,999
Foerstinah,EUW
WaterBrow,EUW
Prof Mundo,EUW
zMMM,EUW
Golden Zero,رحمة
play dont write,EUW
Hene,1989
Elltore,EUW
SergeantSpecht,EUW
FloStyle7540,7540
Squish,Nep
okias,6546
ÐZOFGK,EUW
Danvidex,EUW
xXBananaMonkeyXx,EUW
OTP Thresh SUPP,EUW
Karami,001
wxy,00001
raisu,01110
1v9LikePedri,EUW
Skitet,EUW
Sheisna,Glasc
SinsOfDemonFelly,EUW
swa9,EUW
BLS Zinogre,TOP
Voxifer,EUW
Sigma Warwick,EUW
StreamerModeXDXD,EUWW
K2 Percy,971
MSFP LuXack,EUW
Tornadiomus V2,EUW
Go for Level 2 ,EUW
Bilbou,PST
Nicolettø,0000
Liquids Deluxe,EUW
JeSappeIIeProut,EUW
Kass,2204
Unfavoured,EUW
εºoºз,4695
elliott winther,EUW
Its Pixie,EUW
Exareyn,Riven
Hagalund,EUW
NinjaFurax,EUW
Pronbear,EUW
Dr 1mpact,EUW
RASBO BEAST,EUW
Skive med ost,NOR
Rashy IF,EUW
Aldurrrr,EUW
3arbi SSAP,BAGAR
Elusa,Abi45
sumi,8529
Ich bin besoffen,EUW
Ashe,FR0ST
Cuttie Koz,Cute
Feeatch,EUW
GEN Chovy,10253
skarmania,EUW
Katars,EUW
Géròw,EUW
Ysoof,1999
asdfqwefafsd,ern
Siravia,uhn
Hamon,6969
Fakelool,KANAJ
2181283842349810,LOLXD
LordFarcuad,GOAT
Hyuch,wsup
Fiandandra,EUW0
NikPok,0202
FunPolice,eu1
extremely evil,evil
orbitt,00000
Dr Deadly,0001
vivienne,silly
ruggero,idk
Wiggly,00000
Billy,16789
White Flower,2442
CoronaVarus,kerb
cuddly,bunny
TrickToDrink,92506
markusz,304
Little p1g,Clog
Ruby,BESA
NARSIST CIKARCI,red
StuckiIsBack,EUW
lurk in stomach,moon
LiSussyUWU,EUW
Taemine,KSN
interen,eu1
Jonathan Larsson,EUW
into dust,xxx
Sakurako Busuji,EUW
TwTV AvaalZ,EPST
jiangbei357,357
TREEHUGGER69,TREE
THE VOID STAR,havoc
F9 TAO TAO,CN1
HoneyPuu,Osten
Xalistymp,EUW
OldestGamer,EUW
SquidOnKetamine,HORSE
El Señor Kren,JOJO
free palestine,0520
Tokmak,3838
Cîroc Cranberry,Weekd
TrustNo1,WTFYM
Fuaсe,1414
KØhne,EUW
Darkin Blade,AHAHA
cheesy,six7
Corrupted bow,varus
Help me God,Amen
Arezki,GOAT
DARKPOUPOUILLE,14526
LimitTestingYas,6625
STREETKID123,SRB
Bad bënd DëMON,Lyfë
QQwardhopRD,EUW
РабТаланта,rkx9
buf enchanters,EUW
Zee M0N 2,EUW
κουλούκι,EUW
SCN SAMA,joker
B2B coinflip,1924
NadoMidasik,EUW
ClownIRL,FITTE
Parax,99999
Unforgettable,YCF2
Jequtin,LAMÙ
Filax,1503
Hard Kawg John,1976
Neves,369
Snoopy,MKD
VoltDagger,ADC
Free Paco Sanz,420
Kremlin Marksman,1317
LilMaserati,EUW
Chall fi mestir,3asba
Yrdt wonderboy,2347
Vestrax,EUW
Nasrox,2145
Elite,9002
lulu,EU2
Mellohi,SKT
Gaga,OLM
ANKLEBREAKER69,EUW
Just A Sad Gay,EUW
NexTas,EUW
Simnel,EUW
keyboard stealer,EUWW
PRINCEOFDARKNESS,CSX
Noxx,inter
Wierzchooy,EUW
Nikolar,EUW
zabijakPL234,EUW
IZentrixI,EUW
only αfterwork,BBL
XJinping Praiser,7747
Big Qiyanass,Butt
BertucoTKD,EUW
qixn,goat
valentin,H3ART
Stolphial,EUW
정아현,BMOMO
mavamor2001,EUW
Zoyber,soybe
Kyllian,FRA
frozer10,EUW
Buver,NPB
La Loi de Smurfy,ONER
Shyraa,EUW
Ulrich,ASCK
KingExtrm,ME12
All women lie,EUW
tristanor,EUW
zølk,7014
8465117451649848,EUW
My TomoriChan x3,EUW
Roni,HELP
PrimeCynder,Palo
USQ Basher19,MID
Grief Seed,EUW
Nezukο,EUW
Yuma2000,EUW
Saturn,BEL
Lyrokun,EUW
ΞDonkey ωük Φ,EUW
Woabla,EUW
Threnn,EUW
Ydrazick,EUW
LaTengoCorta,333
苦悩する蛇,Snake
OwO Teddy,EUW
Django Unbanned,EUW
ÐΞSTINY,EUW
vlaadimort,AGAIN
BardAndBacon,Chime
areiamos,6300
Noferran,EUW
BAMA,5050
FeelsSadMan,EUW
Sake,FIN
1212221331231223,EUW03
gulugulu,felix
JUNGLE CANYON,ISP
Mark Evans,Raphi
Dreamer,1v9
Niladee,kya
GNARgoesBRRRR,EUW
Expellzons,EUW
ponkk,EUW
Kish,hello
tankernumber1,EUW
Spriteboy56,EUW
你是同性恋,APAV
jv serrer frr,caca
TOMMY,CHAD
Toinou,DOG
ElectricHamster,KNNN
Feraws,EUW
meistro,EUW
Azashyn,EUW
Capticia,EUW
Toruk Makto,COOL
sarolan,EUW
Garfield,EUW23
Dieu qui donne,EUW
Tôph,EUW
Buten,Leon
KrawallBör12,M12
CleanGreen,ADC
Mangeur200Papier,EU974
Letiek,REAL
NoName oo,EUW
Albino Poro,EUW
Lovereee,EUW
WhS,999
Xsjong,EUW
JuIemanden,EUW
JuIemanden,EUW
EGIRL VIBRΛTOR,ХАГС
kkool,EUW
gw0MgezI8Z,EUW
STOPOJETSKI,EUW
Ivan,Diana
maory ecsamousse,EUW
PUKI STYLEE,1337
Hurlevent,EUW
DweiZ,777
Hillord,EUW
coerenza,813
Dark Side Dieter,DDD
liora kitsune,merli
Euphoric Night,chmpy
Jersty,zero
321V3OQWIOAKEDPA,narr
powaoxj4,b0001
hide in bush,0218
Whitech,SRB
Doncio,6767
forget me not,Sarah
BEASTANDNOOB,2220
Secretariat,Dirt
Onadmuella,1292
adking yagiz,0808
OZZY53,6153
Cassiopoopa,TIK
Siquezy,bztmr
patiska,777
16 yasıma gircem,ted1
Schatten,888
Green,DNDD
Lean is Law,Smmer
LeMirage,FFAY
SlayerOfNoob,3352
MudzinFromAfrika,BLACK
Ramo2bs,951
BifrutasFressh,001
ÇAKAR GEÇERİM,3236
sovereign,julia
WimpShriimp,1418
skibidicvmrocket,SIXSV
retired,gigi
LAST CHAPTER WIN,AHAHA
A szer című film,rajos
yazding,RST
Magnus,ASYNC
Darth Z3D,EUW
Hako,1907
Chambel,BAHA
Kukuryndzix,EUW
Nikita,9689
viKOM,A8820
mvlmg,EUW
NO GOING BACK,PROL9
xXBoomMetal563Xx,EUW
Lowkey Son,1111
HARDTEKK GIRL,6767
assiste2service,wcul
FrogePrincess,EUW
sizzurpsadness,EUW
Pavasaris,xdd
keria z polski,cvl
DARKLULUPETIT,EUW
Cait R Kirk,kirk
13TMendes13,EUW
Path,131
Kreay1984,EUW
5720,5721
ElDobleG,EUW
LaVirginitéDePF,EUW01
Zhou Yang Bo,SMOKE
Asphar,TOP
Dajczman BROKIES,broke
MISO STRIVO,EZAF
shortcutaries,EUW
sad and bad,xxxx
Dennsaka,Rahhh
Ektro,KWTCA
kmcix,EUW
GargamelMaybe,EUW
SHARKBOY14,2011
Tampereen Mbappe,FWC26
Finicky,EUW
AGGELOSKWSTERIAS,mini
xfdjxf,BAJO
FentFredrick,fent
Orogustaf,EUW
Yenkhyy,EUW
hello,666
MrMustard,3270
Elfi,689
MENEL Kubagruba,PIWO
TryToMilkThose,Milk
Anita Max Wynn,gala
aToSaHarriet,EUW
TTV OTLVL,0707
Ickoz,2423
Jesusmaa,EUW
Rom1du69,EUW
Gabrienn,EUW
Honest Lies,5829
ScammeR,Fake
BblytheoAl,EUW
313,sayed
Fat Beeboje,Obese
RunicBlade,SWORD
Os1ri0s,EUW
Gidget94Hackl,EUW
Sebikill77,EUW
Camillentee,001
Ascloph,EUW
TTVantaStalker,2005
Let me fling you,EUW
Nam,705
Lucian Hamilton,21814
God blesseth me,T1 W
branlestar78,2832
batista hoshi,noh
Chubla,EUW
kukuku153,EUW
D0KT0R3N,NR1
T1 Doran,1v9
meowl enthusiast,meow
Vuks,Vukz
Alvance Pro,EUW
Gremblem,EUW
Masaru Aoki,256
DiaplayersMayCry,EUW
アオイバラP,ADO
Mr Kątärînå,4029
Dziad,J0KER
TTV iLaaWz,EUW
Cøca,KEKW
Un Gode Gode Jr,EUW
DorothygPl,EUW
GEANT VERT,ZAC
fritte,3023
DO BRONXX,KCX
Omet,EUW
Apaz0x,EUW
Holez,EUW
JD ROBERCIK,OKS
Big Yordle,EUW
jangolo gapo,EUW
0ne Spin Pony,EUW
BBS LaBarbaridad,9840
XxPikefaller66xX,EUW
Shσlın,DUH
Shota Goshozono,gosso
Anternum,EUW
rafo,EUW
JTH,2501
T0astigesT0ast,IKSDE
OLP Waza,2290
Hedonism,00000
LeBraumJames,1762
Cur3ng,EUW
Honry,Kaisa
Lenherr,EUW
latte,0x0x0
Acho,SLY
Delirium,Fill
MascletàEnIsrael,2112
9belial,YSL
Alysa Liu,999
Change,505
ΛFK,EUW
amazon prime,EUW
QuicheLorenne,EUW
Generik,EUW
Mr CIeann,EUW
BGN ArveOpsahl,FF15
PhD Flopper,1v9
Sorye,TFT
JustChampion,EUW
CEOLIFESTYLESUP,EUW
ImDecus,EUW
Yae,Envy
JGL diff btw XD,EUW
Eljuska,EUW
Trennscheibe Teo,Teilt
Simon Langkilde,Vedel
Paof,EUW
ZHI ZHOU,0000
Kylo Tren,1007
Rajl mok,BABAK
Drew,EUW2
XLNT,VINH
Nade Swiiv,EUW
ImChampionPL,EUW
Mein Sack Hängt,EUW
Yunomi,MJK
CyberHorizon,EUW
June,INT
Kisby Reformed,CHALL
FNC Death Ray,EUW
Bissap Drinker,7TO3
Naxapistaxa,EUW
Naxapistaxa,EUW
杨嘉畅这下牛逼了,JYJ
Zøuf,EUW
GárPeR,EUW
TTV dzhiv,dzhan
hydrenoiire,EUW
Soly,0303
TwTV bart1n lol,ytube
freddy,West
Tissue2,EUW
Chuck Cannon,LFT
SexyOnion,EUW
Mgumbi,Mgu
Màds,Bjørn
GeneticPrisoner ,EUW
Zenith,3862
HATSUNE MIKU IRL,IRL
Lennard,NAW
RichT,4456
Gojo chateauroux,EUW
Pieds nunu,nunu
Skåne,EUW
Benne,Uffe
Poollo,EUW
Reka,999
SoloBaronEnjoyer,6134
GAAAAANG,LOVE
TEAM JBZZ,Fiire
OnlyDaz,Bucky
Van Augur,1234
TartOPouair,EUW
ewsha,EUW
BlueSky,AAA
Herr Ping,1234
Telepathetic,EUW
Roran Garrowsson,hammr
Blond und Schön,EUW
Loris,Claud
kukuSLOWDOWN,belka
sebbibaby,4978
lnt No Jutsu,EUW
Nik0w,EUW
Roudoudou,EUW
Sheriff Daddy,EUW
antipatico,2809
Kγυ,2426
Zeynoth,EUW
Li Ying,66666
Giveon,EUW
Allem,messi
404AmumuNotFound,Amumu
Hi Rezz,Tasm
SaintExo Bud,BUD
d4ny,2712
Dorux01,EUW
SirKaay,EUW
Fyzahh,777
AlskA,Soraa
ManIover,EUW
Savage 21,EUW
Kuniyuki Lim,EUW
Luisz00,Reyna
Jakoule,Top
SmoothBrain,451
Desaster,EUW01
Orochibabtou,EUW
YuvenZ,EUW
ohganot,EUW
mauro2013,EUW
I am Mantas,EUW
FriendlyButBad,Hello
ZeReeeL,1005
Rekua,EUW
Ragnarok,249
SilentWing,QUINN
Eikon,EUW
Lu K,0018
froodi,6969
Trailior,EUW
Deidxra,666
Joueur Médiocre,Nul
BLG,TOP
저승사자,LAG
Geenyoz,EUW
Sensenom,DMB
Le Magimiel,EUW
Lelouch,BO80
TiaguuZ,Tiago
Hitsugaya,FNC
Krazmott,EUWss
takata2001,EUW
Kong Kunsti,EUW
Yann Gaming,EUW
Kiff,EUW
Zally232,EUW
ĄJack,EUW
DMG Pride,DMG
AvXq,EUW
MBAPPEEK,AAAAA
MT1 Sh0ckZzi,YaYet
Boungoulou,EUW
Genichiro Ashina,Tom0e
PAPAHRI,CN1
Shâka,00222
better supp wins,BLESS
Animalos,ADC
xXCrackpipeXTCXx,EUW
ESY Cute,EUW
sssilvius,EUW
tOrnn apart,EUW
Koopzi,Chill
BlooBzY,EUW
Swollen,twt
Esu1 troll,EUW
hi im jaykob,EUW
mochoncito,EUW
Mottenkopp,EUW
Peppa Pog,EUW
Clave,2p0
IGNORANT,Beste
DarAlMawt,EUW2
Artiko,333
Vaugg,EUW
Krippo,0000
mustafeta,EUW
Thyrus,COK
Alex,2245
xReLeVaNz,EUW
crossman,002
Silk,にゃー
BrikPack,EUW
Rapty6,EUW
Sweet,1tap
Seøø,EUW
insert7,EUW
simona mohamsson,trash
KnowsHowToWait,1875
Fischer 1,EUW
ZEN Preacher,JGL
Flacx,7899
Dacreq,EUW
OsPh3n1x,EUW
Olav Nygard,EUW
Mîzo,WRLD
COFFEE ADDICTED,COF
Kaira Khan,EUW
Tigerrocks,EUW
Zeradyn,raka
ra1der,1337
Menbramos,4444
Qwrd,eu2
PøseidønSeinFuß,EUW
Kled On Yoshi,EUW
Mininfer,EUW
Valkyraes feet,sniff
Trancu,EUW
Hugh Mungus,8910
Roebuck,EUW2
DarkSoul27,EUW
Florii,EUW
INF TeisSkrrt,Oink
Panda,PUN
Wora,4256
Mitch,0210
L1ttl3m4n,EUW
Artic Bob,EUW
Motor Lublin,EUNE
MORNING GAMER,133
Avuilategr,8558
BayHarborChair,Biney
T1 Rekkles,1111
Jhon Durán,243
艾妮維亞,Bohe
sumi,1904
Qdiffgetbetter,QQQQ
lobby admin,EU7
하츠네 미쿠,TETO
kaleb cross,123
see you tomorrow,cyrie
doblea,anuel
TisU,555
yenılmez,garou
RENATKA SKARBIE,BRUCE
BLG ON,1111
BAN MID,BNMD
dont type animal,hehe1
support or int,666
sara,elise
13yo schoolgirl,hello
ElGranGorrion,6702
wka,1205
seov,ace
SoberMasterKing,POE
GEN Asofad,TR1
ThreshInMyDMS,MGN
buxiangwanla,QAQ
DEAD BATTERIES,00000
lumen,vitae
レイドン,rell1
No Mercy,BOUN
Last Stand,7777
خديوي,999
OneTrickPonyProi,EUW33
Moisés Caicedo,9121
Arista,Kral
Trudeau,9999
Noxian Might,rank1
Magephobic,2167
Zver,GRE
리놀라이프,RINO
Eryk,mkt
next oner,JGL
Santier,9867
RIFLE,5201
Safder,EUWS
Nagi Seishiro,Zagi
Skizzplz,7777
UMNA BORBA,exe
Cursed,K1ng
gdana,04660
Creep,EUW34
Anya Taylor Joy,Bleed
JackeyLoveFan,001
XahGoih,1FREE
SpaceBar,666
Ligdhaer,8030
Giga,Aim
Tr3zk,Lee
Ciryl Gane,UFC
Essence,heart
DepphriEpXotin,9291
marceline,2222x
WakandaWilly,Water
Jay Jay Okocha,1010
minus one,666
TitaN,ADCBR
Haxu ad acc,9654
marco,north
Giles Corey,EUW0
BuriedInTheVoid,LFG
Żółw błotny,123
Crypthorn,Rgnt
emeraldseye,EUW
17 08 2004,doubt
Bunny Iglesias,EUW11
Baki,737
ωooρ,OwO
hotlala,HRT
Rikki,UwU
Micro Ice,ZERO
MeeTee,3651
xxDarkNet,ttv
HitYou Abi,999
Eonox,123
Dejarse llevar,EUW2
SanUzal,UZAL
sfolsd,1331
2Lcolazero,luffy
PoxnHub,666
Mininfer Junior,EUW
Ryhalt Galharrow,raven
Guggi,Guggi
Catshan,CAT
IaNeadekvat,EUW
prodajem organe,neecs
ComandanteYuumi,EUW
Esca irae,PABLO
ララバイ,タタタ
issey miyake,3446
Casterspire,EUW
Kaki,idk
Kindness,00001
TT1 Liinky,JGL
John Wick 4,KEANU
Medo,nini
Casalol,1345
nattynats femboy,pyr
obsessive,great
Jule Brand,LYON
freaky ass rebeu,3arbi
LegendaryStroker,PEEP
Destroyedvoice,EUW
Ariana Grande,feets
chiikawa,YAAHA
zuek,snowy
Italian sixseven,six7
stayZ,568
domovní bratr,num3
fαtphoβic,RCST
ZeriMain,EUW
Qrwa fa,down
sydney sweeney,000
Ahris Cvm Dump,FUTA
COPILUL MINUNE,EUW
Reprinnah,EUW
gadno kopile,777
Mechanic int acc,EUW
hot44,4444
Éros,Prod
97S444,40312
toudes,000
Bodhisattva Crky,EUW
Havertz ofLeague,GOAL
ukwgck,EUW
Akira,Litho
freshrefresh,fresh
Ｓｕｃｋｓ Ｔｏ Ｂｅ Ｙｏｕ,lol
WRATHHHHHHHHHHHH,EDGE
Yúme,EUW愛
cortisollowering,chill
High Dps Hot Gf,EUWW
zaars2,zars
Azinheiro,8005
Nilos,Live
Full plancher,Cali
Frycek,no1
Mattack,1234
MRoli23,EUW
MertensIV,Quynh
CaLLmeHinGor,EUW
Genis,0001
mlodszynikoss,RENTA
Gordon rams mè,EUW
The Fool,stuck
katwimo,EUW
kaan,world
Sloeberken,EUW
Aram Kriger,aram
Bossman 10,Prach
Dark Passenger,Art
Bluefire,003
Public noob,ger
Frostmourne,AZRTH
Goku,6257
ISOLDE JE TAIME,FELL
35 EA 437,ENES1
Safièn,3032
BLOODKING,REIGN
Hc auq,EUW
Oledleur,EUW
Dajia,2451
Beezo,Bee
Schizo King,2311
SIDE BET,DIFF
Mashakata,4343
Irazmar,002
Fungal Tome,Lean
ProvenG,TwTv
ГЛАЗА ПОГАСЛИ,eesti
Hagla I Kjeften,BIS
Vlanaviait,2291
LEGEND LELANDRE,LION
hewwo pwincess,feet
kick com DoggieS,KICK
Big  E,FDI
M0T0MOT0,HIPPO
EdisonYin,EUW
FloppY5ZN,5799
RB25,EUW25
ElpasquiMainxz22,4140
lockin illaoi,cap
Kong Wenge,77755
Ghost1313z,xdd
Slifer,A7X
Hard4Cantarella,S3XX
Stazulka,1111
인생은 좋다,777
Azerothean,1111
IVELIN MIHAILOV,RUAH
TheZYZZ,nurgl
Морозный Вепрь,БАРС
lil angel,mlue
Tr3aze,EUW
Michael Rafone,EUW
VoidKoz,TRUE
Ella Tucour,Ella
SrryMaiFriend,0001
Mydei,VBL
Butcher and King,EUW
TOP Tomasino,EUW
WhO IZ ThiZ XD,965
siema,122
YoOlek,EUW
Zoe Corleone,EUW
Sir Sèrèka,SoräK
MrPlenty,12345
toz v lqvo e gey,EUW
LALLILEIPÄJUUSTO,CHESE
Beloth,L2P
Gentildonna Back,Uma
HICHAMINHO JR,000
woshikong,EUW
GOD OF CREATINE,H4H4
dont talk macro,2me
atyphico,EUW
Profeta Mohammed,6969
void and bloom,zuky
Conde de Warwick,EUW
990hp,EUW
aza,1v5
Kole,XXX
dneeloangleo,2121
Vorgeos,EUW
identity,daze
RK191,4444
P X Z X,EUW
Homme miteux ,EUW
ya got beaned,EUW
gg bittemiv,EUW
Tirtile,EUW
Frost,68000
Refine,calm
Mugi2,yes
Kato Kato,5555
Grinag ,EUW
glooming blight,161
Trusk4w3czk4,EUW
Βruce Vayne,Bɑt
Hyper720,EUW
big sexy,00000
GUSTAVO CERATI,demba
ChristofferosTT,LOL
frostey,cold
Besome,KCXT1
kxll ur pain,dba
Vento,TAIF
MarkDunge,Top
Jimmy Neutron,Jerry
MENTAL GOD,CHILL
Schnupfabakamann,yoyo
Onyoz,TOP
Rainingtacos,EUW
Vladsun,MBT69
OmenDeathBringer,Ultra
ONE MAN 5 RESET,EUW
Danz,6000
Skorupsky,1002
Ghazale,EUW
Tazric,EUW
LUPA PERIOD ACC,BWIPO
Benn Beckman,fdlg
Shun Akiyama,1978
EmrTnctrk,2608
Zzzz,kr123
PILLUNREIKÄ,EUW
Snzarya,2004
BOB Kaiser,Bomba
KoreaChinaVsNPCS,EUW
Armoured Dragon,EUW
Truthie,TDZ
Pandule,EUW
FlLLlPP0TURETT4,GIU
嘛咪嘛咪哄,GGB
Qactus,1337
YØZÙ,EUW
spiro381231,EUW
Fear,KEKO
Xi Jinping,5575
Picøn bière,SHACO
luxiopan,EUW
GodThisTakesTime,EUW
Agni Kai,inti
Proudon ,EUW
TheDogHouse,777
Weezy,ALG05
Dani,Datyx
Me Bad and Sad,EUW
HellaBTR,EUW
Pan Tadeusz,EUW
Bürgermeister,löhne
Comte Bemi,FAMI
Judas,bomba
fatsunday,EUW
Berky,2603
Staatsfeind Nr1,677
VAAS RAGE MODE,EUW4
EchoDEkko,FRA
Jackson Michaels,BILBO
Honels,Dondo
elliotboss1,EUW
Berimbau de Boca,birre
Sleepy,Namui
Mister N,bruh
WE ARE CLEAN,CLEAN
SidartaZz,Woof
Ayoubaby,EUW
RyoStrafe,EUW
Preyaz,72611
J AIME TOUT PTN,EUW
The UwU Abuser,EUW
丨ºˇº丨,hoot
Cesium 137,EUW
buifr,EUW
top lane goy,kvks
정글의 왕,nah
ShanghaiDoll,MGWWT
Zombie Boss04,EUW
Aco,man
OneDreaM,9727
ferru,TES
Nixor,ESP
Brand No Whip,EUW
ISTMODELLEFAUCI,EUWES
tammo,187
KC yuking,EUWW
GremLePillou,ILEOU
addezx2,EUW
Buko,0123
Timber,STARS
wgaard,001
Xiixou,EZRL
Hope And Die,EUW
Jag är Benim,EUW
아구몬 Bdd,EUW2
VeZ,SWE
PNZ GOLONDRINO,EUW
Roihclem,TOP
Fizz4ndChips,EUW
ReaperGoD1,EUW
SUSODICHO,1313
LE0NA,Raza
KcKitt,EUW
Abyss Slayer,sink
Korisaki,EUW
ÐyZ,EUW
Savoir Suprême,GODS
Kaido,Rocks
Cyblow,EUWWW
Kritias,Aries
ANCÊTRES FIERS,IKEEZ
GoncasCC,EUW
Mikayle,LGBT
Absolon,ELO
BrombachseerWels,Filet
Bandon,1337
Amadeuus D,EUW
Matachusen,Rust
Better call Jack,Jack
Super,1303
forget me not,soul
ŁeeFinn,EUW
Flataker,EUW
spaghetti bud,EUW
JPTaKenNN,1337
Kyde,ADC
Batma9000,EUW
ChillMa,EUW
MTNALEX,EGL
Zboubox,EUWW
DroidJunioR,EUW
Vexed Zeri,Ezeri
Cocofun,Doggo
Wirole Mescudi,EUW
arutnevjr,ajr
SB Tabbz4,123
Mr Fam,EUW
重活一世之我是混分帝,混就完了
getramramd,EUW
Zedpecker,8002
Keyser Söze,RANK1
Silent,ARAM
역천괴,22051
Deivid221,EUW
Nephitys,uwu
IOP EAU 140,GUIRL
SurenPrimito,EUW
aqpu,0000
saikûroto,EUW
Mâchicoulis,chato
oto fill to win,EUW
TML1,EUW
T1 Fak Ya,EUW
sDx Nannanne,EUW
pumpkin,027
MrSaltt,21042
IFBB PRO 2028,Kayn
MAKEØUTHILL17,EUW
Rose Noire,Tears
walen,bun
ReverseKrim,Zoom
Derick Danger,EUW
julie,25111
TITAN,SOLOQ
alex,977
gromp,1508
Hadroke,EUW
Naga Shima,EUW
MisterPap0uMo0n,9297
MarteloPneumatic,9100
Zigurdo,EUW
Moist Exile,EUW
LilBlondie,EUW
шilk,love
NR Gumayusheesh,EUW00
El werko V2,EUW
KhangVN,1337
Julios1,EUW
TojiSushiguro0,AHII
S Ä M I,Aight
Sn4jp3r,EUW
jaak1337,EUW
BIG Wifloa,LABIG
MarketMaker,1999
Pußa,NERD
OSARAGI,NGM
ThisIsDepressing,IDWLA
Knightfall,Vader
Ties OF Blood,TPB
AG Umbra,SNC
gattouz0,1win
KING TO ZAC,EUW
HWale Inflated,EUW
King Turtle,1vs9
Mew,3005
osawix78,osawi
RekSai Netanyahu,TUNEL
fora de série,DSK
Svensson,EUW
Life is Pain,KNOX
ASHURA,L9no
Tatsukyo,EUW
BLEBLE 124,124
Björnen Baloo,EUW
Delta Daniel,DELTA
Stelio Kontοs,EUW
sosh,EUW
Atmoscube,EUW
MrLaZiKS,EUW
Kronprince,EUW
xTwentyOnex,EUW
The Dying Breed,EUW
WakaBaka ,EUW
Noaa,3648
dankest memes,EUW
exduardo99,EUW
GerhardMowinckel,EUW
SJD Delcay ,EUW
Fire Fest Ace,EUW
ceeela,EUW
DRAGODU10,EUW
Knooxy,EUW
Lutilu,EUWST
LordSteve,EUW
Koraks,korak
ＤＥＮＪＥＹＱＳ,ＤＮＪＱＳ
KR SUPP,KRKR
Serri23,EUW
THE VIVLER,vivi
Vroom,6410
G R I M S,ESP
Swing,Anno
LDC Tbone,0000
mimosa,noob
LøLjkThør,EUW
Elow9,ooooo
Oompa Looompa,EUW
MonFriizo,EUW
Sergio 火,Ornn
ºｏ0ＯΘθ응잉읭옹음유익욱읫옷,ＡＬＩＥＮ
Rallemullemand,Ralle
FlΘΘw,EUW
Yâsushi,EUW
scuzzi,EUW
C K Ré,EUW
Gehrman Sparrow,777
bgt8,broke
Alkoo,EUW
Tatakae,1774
Auremle,EUW
Latens,EUW
Tissue3,EUW
Meilleur Ennemi,777
Xbix,Sfael
Zigozago,284
YellowMoonkey,123
Rheus,9583
CorIeon,EUW
tr3kos,EUW
The Imalipusram,EUW
Pave the way,VIK
MT1 Gaja,CFC
Exilez,EUW
Evil,SHHH
dieeguitoqueso,euw
scairtin,Scair
MarriedToAurora,EUW0
Que Gwen culo,8583
BreadRosten,EUW
Ym51,EUW
HodenKönig,lul
I Am Chrisby,EUW
Tanisoker,KIWI
Puki style,puki
최 엽,YEOP
still miss her,EUW
JidoWu,sharp
KillerKnight25,EUW
Arduin,1337
NACHAKULICHA,EUW
suigetsu,ILL
MasterHaris1,000
spider 8,hxh
Nida Explosion,SPEAR
Dafuq,2695
MrKrunas,EUW
Don cutefreq,EUW
Darukalypso,EUW
spoint,ITZY
Showkz,sika
Anniica,EUW
Versacetorix,EUW
Bolivern,EUW
SCErkann,EUW
Kisecchi,EUW
Tamooo,EUW
HardyRex,EUW
D0lan The Duck,EUW
GoBjerG,1999
ZYB BDD,CEO
DTucker,EUW
castingBanana,SLAP
El Löto,EUW
Dman,403
Dusche20,EUW
Kowski,NOOB
xorlove,szn6
Latch,EUW
Crusher,EU1
Who,EUW
Naliwaj,EUW
Sarongo,001
GhosterToaster,EUW
Gonzo 6,EUW
SPOTLiGHT,VAR
GODSANE ADC,Jhin
ba33en,EUW
19 01 2018,1901
Freaky ツ,1337
kwienglan,EUW
Doc Athribis,12935
Azou,EUW
Zimzii,EUW
Tiburtiuss,kung
Frodo Baggins,Happy
SkyOwnage,Rekt
urîndanger,EUW
MNRM MrDiablios,FRA
Smaket,EUW
weaks1de inc,Top
tung tung tung,gyatr
adrien agreste,000
prixen,zmlmn
Kafa,Leyla
blonde girls dm,roodz
weakside player,kingo
Numbers,PLUH
坤坤k,20051
edater 2,csx
青青草原恶霸,2734
満ちてゆく,2624
Roosen,2808
Facta,0001
MocKingBirdd,001
twtv loltwenty1,000
DM GIA ASPRO,XIONI
Coach Carter,Sir
Irajel,zzzzz
677,6219
inferno trigger,bang
Fav0r01,TTV
Brock Lesnar,2121
Imad,دجال
kappa santaclaus,hello
cold green eyes,haha
xmyhhm,9958
MILLENNIUM BUG X,XXX
Noxus guillotine,axe
OKI,0004
O BLOCK YASUO,VON
세련된 사람,TRY
kocicka netoush,mnau
纪莹莹大王,111
ollip,lole
191Fiora,5678
TubbyLack,TUBBY
Sunhiausa,〆〆〆
Abdulaziz,UAE
MartwaMaszyna,Fault
fractured soul,Lydie
charly,EEU
CutTheNoise,Stuck
PLA11,ALP
hopeless,66696
lalalalisa,블링크
Excursion,444
Sansuonanico,7731
Hogyoku,ichi
vampiric,III
something else,1109
Kayn 그림자 암살자,kayn
VRG David,ADC
Itamari,5206
CHAMELEON,ADAPT
Dopamine Beast,EUWE
gqerdf,reqd
deadgame,115
Kmad,KSD
TheNoriko,KROKA
Hasbulla 1v9,MVP
Biser33,TWTV1
it doesnt make,sense
AbooDDD,ADB
Eisai XAZIR,2003
DEN ME KSES,GRE
Aatrox Mewing,Rizzz
starry eyes,alb
Nespadfo,8825
Wuchtiger Walter,Masse
ShowayZ,1907
SportowySwir2,mis
Bud Budiovitch,Z1z1
FIXLPGAINS,WORD
tequiero,bby
Sarcastrophe,00001
LF KITTENS,DADDY
captainbaris,TOP
sae,huh
winnur,aespa
skibidi toilet,13yo
Delph,Elsli
BlackWolf700,19987
chimney sweep,sweep
TX733897QX589RX,E7X11
Dαnte,Arise
ungBoo,1013
ghuros,4641
ＴＯＰ ＭＡＳＴＡ,ＵＫ3
Annitta,1328
2 panny na sali,εïз
PapaADC,ELITE
ZEKA,TUNIS
ME LFT,LFT
JenniferLawrence,111
BLU3LiK3BLU3,XDD
PigeonDoctorWalk,AURA
world is mine,777
traukinys,3000
wanna be a star,Neecs
last dance,SATAN
AD2231,RELAX
Z gdyni,l60
Aytech,4444
Akcakus,1v9
Astériχ,GAULE
Mamuli Junior,Pablo
doinb bdoin,doinb
Suzi,EUW9
AnorexicPuppy,Thin
James,PT7
romantika,star
Cilek,izu
H0PEISN0M0RE,CRYP
twtv zeiyuu,ily
Laniuss,Gypsy
SuLaGeRin,EUW
xx 010,ef1ty
TastTos,EUW
Marin Kitagawa,cutee
mohblak,EUW
Open,Flame
Firework,9436
Too Lukewarm,DOG
célestia,0202
IIIIIIIIIIIIIIII,46465
FX ACE,Flux
yours truly,zed
the superior one,111
阿里云,ECS
SHEEEEENISTHEWAY,EUW
Ryan,BJJ
BiedronBijeMatke,666
Durneh,viir
Ekkonomics,V69
endless desire,wrk
hero,meri
another mission,EUW
Sintepin,29095
sit and pee diff,wild
HECARIZZMATIC,SPEED
CØRNÈLIΛ,MEOW
catch my tempo,melan
毅力1,win
Monster,SUPP
youtube rikuadc,hai
Superior Perilli,EUW
TTV Vladichich,ADC
RIVEN,Zzzx
prawiczekicwеl17,toja
jenaissante,byndr
Mordoreq,KOZA
golodnuy wowk,7312
Selovanchall,EUW
Cheap Rope,EUW
Trolda,Back
Alberto Berretti,torv
Jade,BPD
istemiyorum,yes
JoCarryU,1550
Kobudysae,EUW
cileklimilfshake,s2g
Hr Monte Christo,QWERT
Spirit King,001
VladADC,0310
JL Viser1on,JL45
Wrissahl,EUW
F9 BAO BAO,CN1
Dreper,EUW
I guess its,1235
Asees,1111
kocham cie zoniu,CR7
kaan,0605
Fytti Grisen,EUW
ardacebeci2833,2833
浪人 Caesaro,ICXC
Winbox,again
Taric,BRÜH
zurda de Guti,EUW
WBG Serpico,BTC1
Kix,CHALL
Petherna,EUW
Cyna,pirat
Urgoat,3781
LeBlancDeDinde,LBDD
Sanji,WWW0
she is the best,ANΝIE
Ardent Zadymiarz,3315
尝试新路线,888
Qalbestyna,EUW
osomboy,girl
Assault Zero,dsz
Jeveryday,EUW11
MaLiCΞ In Wonder,Land
stargirl,angst
IdcOfThisGame,EUW
Jerobbe,EUW
Berkusch,QGEE
Srk,EUW2
forgotten,blade
asdcxyz,bot
Kirkjugarður ł,999
Velja The Rat,Kiwi
ozai,4778
BigMoneyMasa,EUW
ALBANIAN,sqhip
Jin,EUW10
spongebob,12321
hxh,qlf
solooqsyzyf,drip
十十十,Calum
sunsun123,8538
ComptrixPost,EUW
Trine Baumbach,KUA
Fαηtα Łεαη,EUW
gargoyIe,EUW
FullClearDeluxe,Heca
Pikachu,PKéMN
ENVY Faykedit,egg
Torenonysiya,EUW
Uldz,EUW
Art,Blade
MückeStinkt,FTNW
Skater Skeleton,GUIO
Shankûsu,777
Marlboro,G0LD
Avatararagon,UwU
LEHA BULDOZER,4166
TTVVladomainExpa,nsion
Dos Scorpios,EUW
NONODISH,9979
Zaies,11111
Johnny Richman,TOXIC
Artixo,1337
adk,001
Kırbajsen,4597
always ban sano,EUW
Mace116,EUW
Int Cobain,EUW
Ozmo,L 9
Mustafa Tarikata,EUW
Incubus,333
TheWeakestPlayer,Rayk0
xDitto,Ditto
DiDi,DS5
L9 àmuranth,EUW
Zauee,PL67
Suitao,gay
dapqssoq,EUW
high apm low bpm,EVOLV
NoADCNoProblem,NANP
private love,2003
hagi,adhd
THRAGG,1752
RoyalCaster7,Royal
乂λX 火神 大我Dλ乂,1337
Hunterdk,Hunt
ツツツ,000
dc gg soloq,637
spleen,x264
tom,euww
Spok3d,EUW
Danmaku,HELL
cocoa,kitty
evil dwells,flame
리틀 일명,ALLG
Yoshee,YOSHI
只爱病娇地雷女,OvO
Mike TysOrnn,EUW
ADC Want Carry,EUW
Alleyways,EUW
bCbSusanna,EUW
ADCarried,2641
Explosive,CHOVY
SenZu,5760
Okkotsu,EUW4
StormWorgen,EUW
psychosis,gnk
Billimillion,Axew
Mingo,8364
albert herbert,EUW22
DeiiZenn,2000
Dark Phoénix,DPLOL
Franker,EUW14
embrace,EUW2
LEVIATHAN,FIZZ
Ghost,G1L
B L A D E E,deaf
gyte,dopl
LievXZ,0000
alexandeR,AIM
PEDERHAAST,KAYN
zmywara molik,EUW
temp24347004,temp
Rosenrot,bless
Hevvo,EUW
Kapten Möller,EUW
Supp gap,822
LilTado,TTV
IamIdiot,6177
Ragnarzbi,EUW
Tiki,DIVA
SenpaiAyameKajou,EUW
COCC NUT,6406
Posipi,0311
cuckoldserat67,zongu
HOUSE OF GAINZ,EUW
TobbaTaco,EUW
2222222222222222,X222
Shaunna,IC XC
LPM Gillow,LPM
purring,wolf
KATASΡINA,EUW
Fissickk,EUW
Kendulo,GOAT
juiceslurper420,EUW
FaithfulSlayer,EUW
Anto,0018
iRunWithScissors,ttv
Dane,ΕUW
WAUWAWAWUWWUWUWU,WUWUA
Dronny James,GX1
Αnton Lundin FaΝ,1337
Jaffasf,EUW
Cute Femboy Gnar,EUW
truckdriver45,EUW
陈徽嶽,0214
ImMaybeStacyyy,Lie
Hennessy,GAS
 Hollowness,EUW
Zinevstar,Mafia
TTV REINA FROZEN,EUW
sweet venom,UwU
Froklyt,EUW
LeZboubTénébreux,EUW
Mayblis,777
SoSToR,EUW
sSantoo,888
Kamikadze,JERKZ
LaisMax v2,EUW
Argentyna,MOBYN
Instant Keyblade,EUW
KhảVậnXuânPhong,LSB
dont be rude,okay
Gunkus Maximus,EUW
YAHURR,GAMBA
Ilya Rozanov,TOP
verisadplayer,SAD
Piro,alpka
Adasz,Onion
Moondiak,eve
Ｈｏｐｅｌｅｓｓ,ｷｷｷｷｷ
malo pero guarro,adri
98352468,35165
RooleAze,EUW
Marlès,1296
Dont Bad Mental,EUW
only suffering,1234
Bogedalen1,LLL
ASneakyTurtle,1002
ElMaTiUnU,ESP
Joker,hater
AUSNAHMEZUSTAND,toxic
unchained,1311
FIS Lepyrodekled,FIS
DZFRAICHE,094
Hakurei Gekko,EUW
kurczak mały,small
all for her,CN1
NABZGOAT,GOAT
kikomikodiko,EUW
Drogo,n1nn
Bruno Cornflake,Milk
CeKa,CK73
Choú Tzúy,Twice
RuztyBlade,Doms
Uganda spy,007
DogHouseMEGAWAYS,GAMDO
xBaster,999
Lil Nose,EUW
ixen,ixen
love me gently,psn
Kayhos,EUWST
restless dreams,66666
HMT Zoé,BRR
Senú,EUW
C9 Bunny Nemisy,EUW
oleS,KRAL
harunabi,EU1
KING NEVER LOSE,1510
Rambix206,06286
crackI1ng,EUW
앞으로 클릭,33333
Crosbief,EUW
Shin Luxray III,MGS2
mor,PANAS
GrassTouched,SIT
OTPVeigarBOT,Rkey
Mister OSPF,EUW
SNIPER MONKEY ツ,667OJ
Shøyø Hinata,Shoyo
Light1,EU1
Oriii,fmby
Prshng,EUW
Celestial Kayle,UwU
bjastaaq,bjast
Dragonlord,Nunu
Acuendo Codex,CHINA
Nabla,AUT
Zeina Khoury,FLO
Marinh0,AMOGS
FearlessAD,4907
Solonumsen,EUW
Pildenpene,EUW
MrRoken,EUW
Feni,Oria
LightKnight Rob,EUW
LordHelio,EUW
Mathiasbugge,EUW
TIME TO LEARN,EUW
Vambo,EUW
Peusdo,EUW
Carry Danvers,EUW
leave,again
BOG Finn,Vayne
Dovαh,EUW
Bobi,EUW
JUJUteuse,Cjuju
ρiR,EUW
Bocaj,Stef
csz,EUW
fLooo325,EUW
Namez,1387
D0NT CRY BRO,EUW
Eltatane,EUW
Kinkster,EUW
KHO JuenSupport ,EUW
SwordOfDarkin,TIMOS
Anuka,Fox
Mathurran,EUW
R4CYSTN3L0,5897
Dynamo934,EUW
Aiko,LLJW
Roaming Rat XDD,EUW
Corbs,UKEL
La China,ENTRA
s3s3 glee glee,EUW
whatisgoingon,2289
CallaLaBoca,EUW
Phönlx,EUW
ErenJägermeister,KC26
TIGERPISS,9229
TIGERPISS,9229
LDEE,ZNUTS
ARZîng,arz
Benjy54,EUW
Get Ricked,EUW
Wuckerer,wuck
BushLover,Box
merved,EUW
I NEED LP,EUW4
Trucketo,EUW
Sayo,DSZ
Taik,4312
EDDYBLE,1DJ
Maître moins Žen,001
Gregsen,EUW
Xirrf,EUW
6pool into 4gate,EUW
Boomayusi,BIG
Piokilek,EUW
äckelpackel,1234
Soft and Hairy,Soft
Rivain,RVN
PapiDrux,TTV
glohari,EUW
cafeolait,EUW
LiżęStopyBriar,Stopa
ibnsinna,bloom
mein kopf,otan4
Murmur,7118
Tempo,GAP
Watch me,Igor
T1 NEXT MIDKING,KING
Ravien,001
syn handlarza,TRADE
blem1,K1NG
TaliRatMid,xdd
Thevrrothelm,2622
Lulu,ezgg
Omerta 47,270
Kani,0399
justin jefferson,00018
Adam2,6214
OneUpCat,CAT
TtvZforZendetter,ZZZ
T1lT MACHINE,619
Cccyya,MASTR
Shriyv,2137
Light,YGGG
Shuppet,Ghst
Sergeant Cassius,thdck
mavi leo loki,sally
Blue,VIV
e n c h a n t i,n g
God Wolyo,GOD
GEN Heimerdinger,EUW
lobby pacientov,RANK1
desires,4237
ReqSon,EUW
emanuull67,vlad
Dragooni,NGNL0
Chaewon,M135
Avilio Bruno,91DAY
vmhjt,EUW
RESET THE LADDER,SZN16
Seris,369
Almighty Magic,MVP
SneakyWooz,2723
독성이 돌아왔다,유독한
Akame Style,Snow
Kucukarpaci v2,TURKK
MODELKI,LOVE
FireTex,TLE
Ranger,WEST
Kaiysu,KYSU
Yehoyakim Xiu,EUW
örnen,09871
DioStandoWryyy,EUW
defusedkid,EUW
flyboiili,Wagdy
Kod Adı Amca,EUW
Ciepły Maciek,EUW
Imakeportraits,EUW
Coach Senshi,0000
euw scoutxd,EUW
Mike Klubnika,MUSIC
Houdi20,EUW
KuracIzPodzemlja,EUW
lMvGFitch,EUW
SultânMehmetHânn,1453
Plastik,GOD
Boostedacc,YEP
SoldBambiForLP,EUW
DaCruzo,8766
Geschickte Style,Riven
Seppel,Tft
GIGA CHAD,GGGGG
Latios,000
King Of Xazarl,EUW
TalonFeetLover,TALON
Aisumi,Kadir
Bardo1v9,EUW
shss,HVAM
Hercules,TØP
Eliminar,EUW
tojesh,EUW
Assh1rO,1111
An0nymity,EUW
JustPolishTTV,ff15
AD K1NG,123
fugi reworked,EUW
Blorq,xdd
empt1ness,000
Matthillo,EUW
Xen0trôpe,EUW
T1 Apopolos,Berry
Spænd op til lir,HejB
emilybx,somi
Kavalpea,EUW
Epicier Belethor,EUW
마왕 DemoN KinG 젠장,666
Miafi Maya ,EUW
New Soul,EUW11
Skripto,7168
majabom,EUW
WP Emperor,dia2
iBlameTheJungler,EUW
Vild,0727
joan004kaj,EUW
Danýsek,EUW
C17H13ClN4,xanax
一一I二二二二二二二フ,Sword
Frieren,ZLTK
Guietlaurene,EUW
lougarou8,4845
ServietteVolante,EUW
Élève de Tsugara,EXP33
xToy Gun,EUW
Jasmet,EUW
Jungle gap haha,EUW
16022024,77777
saibotbias,EUW
RΞΔPΞR,4423
Breddi v2,EUW
Plumber,257
dan,no1
shadow of myself,LLLLL
Doraemon,KOI
Maraghota 6KG,Ficou
Staqwor,ADC
zCharisma,EUW
Ruur,EUW
2007scape,EUNE
Meowstic,222
jspr,yikes
Pleiades,lM45l
Noe,JOE
BestJungler,GALAX
Morrfeo,EUW
PzU LongTongue,1337
Flùss,EUW
Sexypineapple,EUW
Dùsty,17501
Emyzu,EUW
maro,huzz
BBB Ainstain,BBB
CΒum,MONKA
DarkyMeow,SUPP
k1ra,life
Yoshitsune,158
SOMSY R1,R1XD
LO22,4 9
VladomainExpansi,onTTV
Yun,fang
jungle1,EUWFR
PizzaChips,sosal
Goblin,Cutie
Makoto Niijima,KMT
tibetan monk,relax
Yalmandyn,12247
Frozen Phoenix,ARCHE
Tokacads,EUW
JaimeLannister,11111
Kheops,7869
Varcolancoo,EUWXD
Funny Valentine,arKor
T1win2023,EUW
eldabos,mkoi
ferie spilleren,EUW
Vulpine,Sly
Lyst1und,FNC
Ptongotobe,EUW
lizardblood,EUW
Peyjab,Pey
meloisgoingto1v9,EUW
her booby,2704
Craboy,etw
NilahDiff,OTP
try,qwq
Billy Butcher,Buh
Grayson Boucher,PROF
Nikiligo,2005
je suis gold,EUW
noah dillon,44444
Leon Kennedy,GLR
Hazakuro,EUW
yviv,1GNOS
Fuguh,0000
Goose,TRPZ
OnlyOompaLoompas,200IQ
Ekodipe,0004
better call saul,61204
HolaSanta,EUW
mid diff 15 ff N,EUW
Kong Strong,Need
SVECube,Cube0
Hostia terrible,FF15
Heavenly Pact,TojiZ
反雨季,rain
Arack,Chall
macelon,1909
BlackHoleProbe,EUW
tonithebaskеt,7777
OUR MID CANT WIN,EUW
Maginary,greed
Maakim,EUW
ZnZnZn,777
Jeff Grompstein,JGDIF
TigrouGrrrr,EUW
WashedMidlaner,chaD
Evil Tulip,Lulu
djukeks,EUW
hennerz3,WIMJI
GALA,058
Delete Mel,2301
Pablo,GOO
Perfection,9528
AzRoD974,EUW
luckilymarie,NEON
Riven Bot,Top
Horrisor,EUW
Nono,Nono
Scroody,EUW
EkkoLogic,SLB
Luv Arsow,EUW
Pai Kikas,EUW
SRY ONLY AATROX,EUW
BH3 LazyBboy,BH3
monZat,125
Ferdy,SWAG
xJimBoWz,EUW
Aiylen,maouu
Calypsa,Crown
Papi Royer,EUW
Puehrito,EUW
Optimal Mid,EUW
Ro0bZz,EUW
FARES DZ,EUW
stsl,000
ghost of myself,1446
Jaika,4530
Bonquisha,EUW
Laikek,EUW
Morthe,2808
Yuki,Foxx
Care,11111
sergiogz,420
LNC Art,Mid
EscortCosworth,EUW
Simplex,1909
McShrekt,EUW
trumpet,123
Generalknaskalas,EUW
xtrein,EUW
Monstrob,EUW
Bearded Annie,EUW
Kim Khaileang,euw
Monkey Destroyer,777
kingsii,KNGSI
aminoglu hecarm,xcd
rengarıiadeettim,54324
ESN Enjoyer,ESN
High APM Hot GF,Kotka
Freshy,FRSH
Tinastag,7440
me no hope,zyqx
ulkoral,123
Café,CAF3
Musysmile,2001
AntteoMG,6217
Harry Jackson,Alpha
Yushihiro,HELP
3 promila,1455
Ohsoso,XDD
MAHØRAGA,666
MODDIIG,9527
4444,EUWE
Rëgëm,7156
MolluskMuncher,EUW
Unfixedgiant,Kame
Akaza,1707
Unfixedgiant,Kame
Akaza,1707
Suffering,21999
Jeszuh,HEDON
Low Cortisol Mog,DVN
YA STYN,EUW
scuzzii,7342
SKT koeru,EUWw
pοugilos010,EUW
femboy karl marx,7777
Yugo,4541
Polish LeBron,EUW69
ORV KamaciteMoon,ORV
Poo,Smell
XaltiTY,EUW
Inevitable,pa1n
Chen Yongfeng,EUW
Jinkx,9327
AscendedSunless,5861
Elo Tourist,2902
Iroha,null
GATOR LALLIGATOR,GATOR
ACKU Kaugarix,Coach
GrinexerO,EUW
Tominou,Titou
Madrex25,spin
Leklaki,2003
DownWithTheSun,EUW
OverrunTR,3732
MC Tavim,9698
YoungMalson,EUW
monkey d lee sin,EUW
Codename Midlane,EUW
chacaleta,007
Mwa,とˇωˇつ
I TLK I,3006
Orbilex,EUW
Luckiy3,EUW
pizzaguy1,EUW
ESJ,ESJ
Bless of Soraka,EUW
Thats My 3rd Acc,EUW
GOATSPEEDRUN,EUW
EBS bmb,EUW
Shaee,3605
joellirio,EUW
BingoloBongolo,412
Sunshine,EUW9
Odyn,GX1
INT Keldaaas,163
StellaRune,N109
AlejandroMGG,EUW
HababyGaming,4444
Peat,xxxx
BOUNTYLAND,KLN
Eclipze,EUW
I love Him,mlm
Yuumi Kaboomi,Smurf
Emilundpixeln,EUW
CR7 Gumahsoka,EUW
Ptatis,gamer
6LACKK,EUW
Pinky Bird,EUW
The Impostor,EUW
Kαl,Esp
GrimGrim871,EUW
NIghtmareNemesis,EUW
Asuino,0000
Tera,0000
Afk settcm,EUW
GamerLars2,EUW
Yashura,EUW
Adem,ocorp
Cazeb,BEL
RWE Barilios,TSW
Teogen,Teo
nT Darkstar,EUW
Al Abbas Mutalib,EUW
Bobby 912,EUW
TCAB314R,EUW
Curse Mark,EUW
Teïki,OTPWW
x High im hi x,EUW
sshmru,EUW
Happy Alexx,EUW
Unlucky Design,EUW
Lingwi,EUW
Toto Wolff,0000
Foudroyeurdecamp,choc
Goofiyum,333
Lotus,Leaf
Fabian,EU2
Genral237,2363
Lugat,CN1
Limon4ikLimonad,cola
c18h27no3,nesqk
TralaleroTralala,MEOW
Edmund Dantès,MONTE
Retired Grandpa,rmeo
aim for the moon,star
skywalker,hate
ςσmεdΨ,JΘκΣR
이걸 왜 확인하는 거야,000
larpsen1,123
UNDERT4KER,RIP
provecho,2808
forest piggie,EUW
hellulu,yomi
Genius Not Here,RAT
VirtuADC0301,Lowiq
4 AP DOG TEAM,XDDDD
Arcueid,333
Garm,GOAT
Doyourduolingo,6666
Le CoCo Originel,BEBOU
pepsa s myatoi,twtv
Ivy YAY,EUW
FlexxLoL,TWTV
i hate jungle,8033
Jãce Wãyland,Alêc
uwulottie,EUW
terroristsion,444
Cha Hae In ツ,2903
Masko,dozo
ily,8 11
Unsundered,Sole
Batal,ADC
StepByStepler,EUW
j3bać,993
Angeloyd,EUW
QwQeeZww,OwO
zidanho2,EUW
Flakfinder,EUW
shift a clone420,EUW
yapnt,9989
Gogeta Akatsuki,GOKU
Frennna,EUW
Copax,Copax
PostMaloneFan,EUW
Suffering Cat,Loath
SlamaXi,GGT
Lord of Pride,idgaf
Guguste legende,DIANA
Branix,9146
Double,11 11
JAG Teddy,8717
EverythingRay,EUW
JOHN,P0RK
Nana Kuraishi,NKN
Líl Keria,361
KurreAgain,EUW
BRR BRR PATAPIM,2003
Allègrement ,EUW
kratoss,hate
ChoGath WynS SMC,EUW
DrHellhammer,1234
Nick Fuentes,7290
uff dats dirty,Karth
Patob,EUW
akagit,0000
Rapamel,G2EUW
BDSM Abuse,EUW
BouBouTe,3100
G2 FHC Storias,G2WIN
LarsTRX,EUW
paiN Loeb,EUW
Kentsu,EUWW
LarsReturn,EUW
empty promises,5129
Thundr0n,EUW
Dumbs,2405
ElGadoDeMachino,EUW
LordMacdonald,EUW
Rweli,LEAFO
Tora,PAF
ZUMBΑ,EUW
SEXCE0,6767
Yi Legendvs9,EUW
Vanity,993
Chinese Peasant,9110
11111100,EUW
Elio de Angelis,8375
Δ ICe Δ,EUW
Ja Morant,EUW
Olle,KAT
CB TunPadri,aaaaa
Sokk,EUW2
Lord Yoyoxp,EUW
kobe vandekoffie,EUW
Simple,2632
Babooned,EUW
Chaton Violent,5555
DZEJMSbre,EUW
DRA Noxras,EUW
Gengar,269
PauPauet,kebab
Димуся,sweet
PumpkinEkko,EUW
ElectroZap,EUW
Cyr326,EUW
AVG Tongi,AVG
This Is My Power,EUW
Yantug,EUW
zyb,333
exeorpaem,404
Partiolainen,EUW
KingSquidwardI,Squid
TUCS GrooveHaze,2201
Existenz,EUW
SwingingMyKama ,EUW
sorrowmaker,EUW
SoloQTrashParty,WTFXD
mish karit,EUW
Habibi Dead,240
Thejaribo,EUW
WillSill,EUW
Bladeless,6481
Jadark,EUW
Mr Lee Singh,EUW
Nosse,skrrt
CRAMPETTE,2680
Ngiulill Qutlh,EUW
Love is Enough,EUW
〆ＡｍｂｕｓｈＡｒｔｉｓｔ〆,ﾈﾈﾈﾈ
Yamlesk,EUW
Bot Kingdom,EUW
Ron Zacapa,ost
Rainerle Winkler,EUW
andyslouma,EUW
Qwizzy,EUW
MOI TAPER BAGAR,EUW
Orale,EUW
HillAnois,EUW
PapaDindonneau,BZEZS
ARAS Mystik,EUW
JumperNiklas,EUW
Divine,404MG
Brave Pitre,TNLAC
Rýp,FOUR
Waklax,EUW
Meloco,TRB
blissful mind,WIN
Qfear,EUW
SW Codebarres,SWCB
Jordenistmusic,EUW
Дженкизз,0001
Whitebright,EUW
Xayah King,1375
Eien Toki,EUW
Amadeus,69420
Joelo D Robin,ROBIN
Eliro,EUW
Hotmailp3rras12,1212
Kire Niel,eRik
Chaoswîng,EUW
Masmerk,DABAI
Thoug,Thoug
mommy gap,cope
D4L Houken,EUW
GG Deadcrush,EUW
Bruno Santos,666
splity1212,MJUG
GregorGunstadt,EUW
BlackStar Zios,EUW
Safter,EUW
cursedacc123,EUW
Ephemeral,5558
Wakwon,2012
Astronomino,sona
Gardio,Envy
Calling Bohannon,EUW
LE CAVU SamSam,92i
fallenski,ovich
Soerili,EUW
Vitamin Bert,EUW
AweQes,EUW
Elaex,elaex
king fubie,sexy
Chigurh,2348
luquenne,EUW
Tsukai,FRA
serenity27,eyp
invate olmak,0CA
Law Breaker,TR1
Crysis,440
BoonSambao,5480
CanbayTheory,btl
Doctor Strange,LOKI
Kabiz Bora,Clown
Ryan Gosling,Dr1v3
stateofmind,EU1
Sun,8255
Mao Tun,KHAN1
hfgdfndgndghf,ntyhy
Askeladd,kited
lebrandjames,999
kamilecki,kamil
MikkiBD,SNUS
TOPACC,STO
FRIIKKI MIRO,FREAK
IMJUNGROAN,BAIT
TalonHecarimKha,洛里安
EKANA TO LATHOS,MAIS
GLUE GUNNER,F 9
Zdedenda,ZZ96
Looki,1618
Bruce Wayne,MAN1
Chloe Yummy,2006
BlueBeaqIsBack,ONTOP
FirefoxYBA,Koiya
EMMFFF,EMMFF
FunkyCoco,CWL
bronn,RU7
zebbi,64956
Kiyohime,FILL
for fun acc,01001
NCTs,40199
Hosan,6969
EvismeNT58,EUW
Plowdog,123
Y0loSw4g,EUW
rconquerors,Rconq
BakaChevuu,Baka
F0063046,66911
Sire Jules,QUINN
Finnish Fox,EUW
flypiii,EUW
小倉唯,511
questionable 3,what
BECHO,FLEX
PGS Bunio,BUNIO
Skogly,123
zhx,0002
Honburqua,EUW
LD PTAH,AYAK
Aragon,sDs
alas but its euw,5yk33
Andollenash,EUW
GoatOnZajawka,Sigma
SSS RANK GHOUL,SPB
exo,44444
AaAaAaAAaAaAAa,0004
장원영,2024
MUFASA,AUT
TTFZ,EUW
Zhezhulopa,EUW
Webeloba,EUW
Hervenerote,EUW
xigmaker,EUW
Ylateter,ΝA1
JG gap unreal,clap
kiriyaki,2231
OTT Abuser,bass
Gattouz,DEAK
Dean Winchester,Mid
Tegez,JNG
Not Maf but Leo,Leo
Woo Bujang,XXX
SVARTEDAUEN,EUW
FattyGrbz,EUW
živoucí nula,EUW
kaktusmen323,kaka
GregyLaTerreur,EUW
mpbfpq,EUW
Swagmaybe,EUW
FINNISH HOUND,KING
Naaf I d win,Aura
Mossi,124
shoegazing,五度777
Furber,EUW
Courtney Eaton,111
HHBL,1201
everyday same,259
爱意就像大雨落下怎么能让人不牵挂,过得好吗
JEREMYFRANGANCE,1111
Aajonus,RAW
unbind lose,EUW
cannon,xx2
Lord98Numeir,EUW
TiredSteve,EUW
veiNN,1907
개못생겼다,밤티밤티
Kαizoku Gαri,Zoro
139,EUW2
love is never,waste
Fýren,EUW
kigghal mbnsk,EUW
mayhem enjoyer,feet
AKJHZSFG,asf
3njo1,EUW
Thori,SMALL
AlicexWeideI,hrsn
EdiNoH,EUW
Garrosmoker,EUW
VVS,1216
xTitane0x,6086
Gossip Girl,ARM
Consanguin,1910
Columbina,SELEN
Santii,EUW
Santii,EUW
Dunk the Hunk,Egg
Zaikuun,EUW
Mlokyns,EUW
NanoMachine,EUW
ZIAK OPINEL 15,EUW
Pebo,SADGE
Elf,0452
ceiru,5060
HumanHelicopter,mmp
TOP 500 Twitch,82165
Soproppre,EUW
Rule,lee
Ego Player,badaf
Stricer,stri
meckimeck,VNINE
WHEELCHAIR IRL,EUW
Ricky Verona,BLG
Audition,EUW
Riax,6056
Skips,RGSS
KOKO,OUSII
Ｃｅｌｅｓｔｅぷ乂,巛巛巛
ayah,lala
LZ Zed,Zed
LGSR,EUW
Adc in Disguise,west
Popzies,EUW
nul mais deter,1000
Baktash09,EUW
Robotonly,EUW
Moka,PEMS
POULSEN,MID
Frankoe,EUW
Dr Pepper,TRG21
Epicwithouttitan,3293
tax fraud,CN1
o333c,EUW
Geirmµ,Usµck
Pas dkhobz ,EUW
FluffyPikaTchu,EUW
Romulus,euw00
천체의,UNA
Thicc Jellyfish,Bzzzz
Tetradotoxin,nº1
Jinxy,3737
Wii Fit Trainer,Matt
Gianniermejo,EUW
TJ Nsub,3101
r sød,KBH
Tsilavo,EUW
HitobitoNoShori,EUW
DotcOm,7196
JEAFlashSword,YTBTV
im pro hanter,EUW
Guzzimuzzi,EUW
Giel,AZFX
Ebobab,EUW
ZyKø,EUW
Xurima,EUW
Zero4,EUW04
furkell,EUW
Gusbar,DOG
Lukeˉ,Squad
Thorrork,Teddy
Shoes of Skyyart,EUW
MolchatDoma,111
CPL Champion,EUW
TBG Ikenex,EUW
just a bad move,EUW
iPeeDz,Rachy
Mac Smack,NOR
Pleasure,00000
Amogus Sekkonds,SUSSY
ThC Delux3,EUW
lhooq,EUW
Lune,Ilys
Haschich,EUW
Lariflette,EUW
sipofspritee,rip
CACHEZ VOS MEUFS,666
Hank Moody,viri
Wife Enjoyer,8532
Ondardav9,42657
loader,4618
peter gipsy,TUZZA
Spitzy,SCALE
Ateonlye,EUW
greyjaguar7,77777
Represhent,Shen
BananuValstybe,EUW
ZOOMERKILLER666,EUW
10gwennerfs,troll
GebrautnachDRG,EUW
Mercury,LAKEN
Wieso,7523
5PIGONTEAM,HRU
Daniel,Fan
Yushideta,000
yamaç koçavalı,exalİ
Yushideta,000
yamaç koçavalı,exalİ
Waifu Teufel,EUW
303,Serje
StuckedHome,54123
Oliviaa2005,0901
pckwN,ctt
Fate Of The Fool,pray
ﾆﾆﾆﾆﾆﾆﾆﾆﾆﾆﾆﾆﾆﾆﾆﾆ,669
soul speed III,fast
Mέta,GRE
Miraichts,Mirai
KledNaheo,6706
Tobio Kageyama,CARRY
GŤK,EUW
Hyakkin,219
swagjesus,555
MidEraWillGoWild,crazy
Freaky Fred,Gang
Cicolas Nage,vigo
Robby Rocketbelt,EUW
BrudiMarley,EUW
beat1erwomen123,BORZ
Split Atcam,EUW
GodOfJh1n,EUW
Ibuprofeno,1000
Weiss,551
Tin,real
rottensmile,Smile
Salah ad Din,4105
BOBBYBOS,EUW
UngBandit,UNG
Rester44,EUW
leogoce27,EUW
PokeFanRuby,EUW
Kaleighke,EUW
Konrad z Płocka,EUW
DeadIine,EUW
The Storm,EUW
htes,htes
FNC Tayzairon,EUW
AirHook,EUW9
Gily,EUW
EKKO IN PARIS,RCST
ABU MeetMyMeeps,EUW
sparkling poopoo,kawai
LocalLawfulLarry,UwU
Citizen Soldier,EUW
Lamponi,EUW
Kâta nööbchamp,EUW
vZeoL,EUW
xFaque,EUW
Degurechaff,EUW
xAmazing,EUW
Vacić,nop
iM Ruing,EUW
Mima,4444
EZER0,NEK
IsoliDD,King
DE LALLISH,EUW
Same,Emjay
Bonobo Master,EUW
ONA Zagreús,Kayle
Ukaty,EUW
Skymorph,Sky
Taraxx,EUW
LR n1,000
Mango Loco,goat
SaucyBalls67,6767
Hadenn,Haden
Kirbz,151
BarcodeKiller,llllI
Thunderlikeuwu,volt
vexareq,god
FANTAZAM,UZICE
ParryPotter,8807
Juvestoria,SION
Heaven,CFYOW
MyggeHygge,EUW
last dance,r r
F TORRES SANZ,EUW
nitrous,gas
Eddy Pajor,4249
Bible Joints,EUW
amine 2,EUW
Lachryphagy,1121
Shiromüff,EUW
cocomelon32,hope
2Fast2Cute,Raz
Arabian knight,1st
Nuklearní Cigoš,L9XD
Ghostbleidd,MATI
DemotedPromoted,EUW
Robice007,EUW
szpachlarz,wNos
SKARPINI ENJOYER,FERMA
Immovable,HIM
wojtek,pl1
christmas song,EUW
my destiny,yota
Kokm,EUW
beelzebub,kirby
LouisIsTank,LTE
burgerbe foso,pocs
Wealary,Zeri
KYKY DE BONDY,KYKS
sechs sieben,NHH88
Arigetche,EUW
Sheldon Plankton,ol9
xMeerry,EUW
FRE cpt knopken,gfys
Its me Annı,EUW
Aoi Taddy,rat
Tw markssman,EUW
are you 18 yet,FIST
Thorfinn,OSKAR
Sburrevolezza,Daje
Autoritetas,Woman
Nakiobu,707
Przemocowiec,KtoTo
Bölimaa,böli
el gato,VS1
unikorn on MD,trans
Syrus,fraud
KBProphet,KBP
Darius,ZWZ
DridridreamPrime,EUW
casca,ˉˉˉ
Bartholomew Kuma,kiraa
King Deviljho,EUW
Vaphil3003,8754
Liegas,Liego
DancingLlama,EUW
Hwoarang JFSR,FNDF4
Я номер один,слезы
denit4,2461
JonStark11,EUW
Earth Sun Monkey,2003
iMicox,EUW
Valdyr,Arden
hängryrene,2001
dregnn,EUW
n3p0,np0
Bardο,EUW
Mooselord,xdd
maxures,EUW
Bruclee,EUW
Elostar,EUW
LePetitHalte,EoA
seany3127,EUW
slanksterr,goonn
XeG Jinxed,EUW
mojo,porky
Pazfo,Sorry
Grommonon,EUW
Porolo,Poro
Easydrino,EUW
Nyx,its
Tempax,EUW
Laflaf,000
Rosebud,9854
Lou,loup
Dacen Lee,EUW
schimmer schwein,oink
Smite King,DEVIL
cat haerin,NJZ
Goon in bush,NUT
the milczuk,E1W
Zlowiskii,5047
Ultra Instinct,wink
KhanAzerbaijan,AZE
Her Autos,Pix
Tym 2115,2115
Jhini con Carne,2026
TheOneForgedByHe,21323
fake romance,weibo
Acteur monétaire,moné
Michael Scøfield,0000
MUTE ALL RANDOMS,XDDDD
JNR Cherry Ice,aaa
twilightsyndrome,psl
MumGoBlastCone,BOOM
Black Mikeyy,EUW
Bad Jungler,070
sheyzo,0000
Ракаю Баленсиагу,bless
Robert Sapolsky,BTC
Ionoryag,EUW
UNLUCKYY,DIFF
stupit,1418
Johnny Cadillac,0305
bramss Z,EUW
BAWSZITOOO,EUWZ
EUNESMURFDOG,6021
TOM BOMBADIL,FAN
Ambertyn,EUW
GREED,Sari
NikolaosNiko1903,EUW
ABerci,EUW
JoueurPasCordial,EUW
IloveIDF,IDF
Look At Graph,GOAT
D2MN,SKRRT
Ability Haste,EUW
Sifenowo,EUW
Blud,adsf
Tiilted,EUW
broda,777
Creepysirrom,wynn
KAOMI Benizy,EUW
ｓｕｎｂａｔｈｅｒ,6767
engaherman,EUW
Maxeeey2,EUW
lebronsi,EUW12
DrGorlami,Enzo
极乐可丽饼,KCORP
HestioFunAcc,noob
Sagiri浅右衛門,0000
Yoichi Isagi,Szygy
Svillpa,EUW
EpicCampyuwu,EUW
slightlee blind,vibe
yugimato,34585
PapaBue,8072
patatbak,pils
Soifon,1903J
mongolpik,fisse
MonkeyKing,DIFF
LR Nayeshi,5271
zaiiche,EUW
Erashin,EUW
FF15 Ameisenbär,EUW
spellbinder,yiyi
kiffeur de pieds,36EU
RONiN9322,EUW
Cr7,300
SupremeIcaJerry,EUW
Smu,TJACK
Råbert,EUW
Proletarier,6099
KS Easyghost,SUPP
Ben er weer,10999
Marogganer,EUW
snoop doggy jr,EUW
krellektp,EUW
Inosuke,MID
TheDentiste,EUW
Skyliste,187
Bankai Spammer,3500
DefinitelyNotH,hbibi
Hi im Fury,LOL
ForFunAcc,Muted
qqq2,EUW
Zgaf,EUW
TinaFanAccount,CHIEN
Trojahn Power,EUW
Dasfor,Das4
Caliburn,top
Агония любви,愛愛愛
StoneFishing,EUW
xDragonSlayer,EUW
spedy,EUW
Små pikke pik,EUW
unluckyme,turbo
zrozum,siema
Fauzz,1313
bismillah,tekbi
h0zna,000
AshGreninja,Ashy
超级冷,CN2
Pleya,Pysk
elysium,ATLAS
25th night,nande
D1VE,AMEA
NEVAI RANK 1,AHAXD
Ximinsori,5936
I will bitting,true
itaxame,EUWE
JGLJGLJGLJGLJGL,JGLJG
Solo10yan,002
FIELD TRIP,777
ME ALBANIAN,chewy
Fëanor,PRDGY
AntiCheatt,AHT
Nerlingi,6969
zLYBUSID27,000
Major Bulbizarre,EUW
mortzaY,0001
sigarro,1221
MuzzoliniThe1st,trap
Coraylala,DZIAD
babaspizzeria,666
Cute Kitten qwq,UwU
C0rvo,ATTNO
hedi,miid
Yannanni,EUW
4KT brvh,38RD
sry im sensitive,EUW2
Leśny Skrzacik,6991
lnyay,EUW
Bulle Med Bulle,9325
Hyacinth,9999
PTX Elmoreno,3210
małpiszon3000,gabi愛
spaghetti bud,qnoxs
MVXIMUM,EUW
bard is a titan,EUW
Bauhaus,EUW
MoEYvdb,EUW
Thor Farlov,HEJTF
Rellik Wej624234,9453
Takobagwelll,takos
Lmao383,EUW
Baret,2628
Random kdaplyers,EUW00
Enidoro,SSC
BlackAlbinoo,EUW
gatito,GRRR
WW LRAT,LRAT
Trope,6599
CrystalMagik,Oak
ZirKoN97,EUW
Mother Ziggs,Ziggs
LAW SMURF,LAW
Kai,XRMB
twtv geerudo,夜色夜色
PlebTheMighty,EUW
ジェモン,srb
Utherve,000
Intermediate,Bot
Obli,1211
a short king,crown
ShirohigeSSJB,Shiro
SnarkyGoblin,KSNTE
Sveirok,GRAG
Ghost Delux,EUW
Witch of envy,Envy
FlashSaaDe,EUW
echedei armiche,EUW
Trolling Issues,EUW
Ruuumpa,EUW
HaalandHattrick,420
BlütenKatze,Daisy
BramGyBhoo,MGbbg
Ryan Searle ,EUW
Ryuma,QLG
OBA FEMIII,WWE
LordGrox,Neko
blue honse,1423
AntifaBard,1910
Thyroxin,EUW
HWANGSHIN legend,EUW
epic player,EUW
Raf x Noah,CGN
GhettoStyla85,EUW
Tangrode,EUW
HOMME DE MAIN,TUER
Oan,2802
RoTek,3755
falque,worm
Trick1,EUW
easy Prophet,EUW
sonata,glace
TimeIsLikeBanana,12345
LEO LEO LEO I,EUW
Slayøs,EUW
Arbitraer,EUW
HCN,1942
SamDick,123
Iroh,1633
Hide on bush,Gms
W00dу Wооdpeсker,jgdif
Corn123,Pop
SurfWithSilva,SWS
FL0WSTATE,777
타이렁,정신적인
Mejai 25,GOD
Solemn,TTV
胡萝卜鼠,1 3
Leethal,Sin
影影影影影影影影影影影影影影影影,影影影影1
Never Argue,XXX
kebabpizza666,stark
Estland,11111
GROSCACAQUIPUE,PR0UT
seks monster,plg
MCXBLz,EUW
asdasd,HAHA
ChunkoLow,001
Thanat0s,UA1
Wolf,PT11
Dajinn,kvs
bloodstain,stz
Ｅｘ Ｈａｂｉｔ,888
EUW VILLAIN,0311
Ewička Farna,EWA
tvoja34,tvoja
ME Swisscheese,EUW
MG Aγαno,Tibou
Integra,216
whoami,DS5
portakal,wuw
KAREN,LLE
Mo0ka,麦わら帽子
yellowskin devil,EUW
スパイダー,TRUST
Jemadira,EUW
ScaredJungler,EUW
Simply,ff15
Präiser,5958
Mr John,Sir
CHIEF KEEF,SOSAQ
Phalanx,Arise
Captain Knucklez,EUW
must persist,00000
Concorde,NIQKL
Raqueel19,UWU
LizzyWissenfurth,Grime
Jibreel,1001
fiat currency is,scam
dolla,signs
BOM Boclat,8577
Mitrøgløu,EUW
BANKOTSU,aicha
AssInFaer,EUW
Degen,3558
Marboe,EUW
shimaololo,lyl
Z1YAD,ZZZZZ
Adiss,7017
Umbral Trespass,Rhast
DWX,EUW
Bob Tschigerillo,bomba
Alexsowz,EUW
JGISGOOD,EUW
DÅRLIG JUNGLER,NA1
イザナギ,イザナギ
Goblin Town,Cmown
OnlyManolillo,ONLY
EFRIXA,EUW
AddictedINK,EUW
bidobi,EUW
Dizzy,5402
NEODRIFT,KATA
Staéhr,EUW
JasmineCat,EUW
Vaste,YASUO
Next Ayatollah,IRAN
Vegeta Mentality,Chall
Ali,Blood
ulysse0916,EUW
Pool Party Leona,EUW
T1 Moulof,T1M
Qenpent,HARAM
xthorXsirC,EUW
EnderMan,NOOB
Seiko,3485
Bekkà,EUW
Phantomles,KING
Darjus,Ahri
Bimoto,kek
OLPAntonio785,2000
ΡikaΡikaΒitch,EUW
Bl4ckB,BA4
VISΞRIØN,DIFF
BrokenToilet7,DrS
Reflezz,1908
Łeeroy360,EUW
2SPKY,Meow
Wazee,EUW
KOM nåuuuuu,LOL
hard4bard,EUW
andreykay,EUW
Gr33n1,EUW
Loop Da Loop,EUW
Locke Lamοra,EUW
Gliglu,EUW
tobsus,EUW
obesekid,kid
Eggstatic,Bird
Wuzek,Mam0n
tadic10,DT10
Powder,JlNXD
SkillShotEater,321
911 113,113
3 8,drei
Wexst,0909
jefhan,696
暗 い,Μ1Κ
Le Roi Singe,000
eloboost 24 7,ADDME
中國黑猴,china
Dancra,0000
AnastasZmeq,KING
Earthmover,IXTAL
Kurourushi,00000
bommkonga,konga
Connatob,80097
AlphaSegmaa6716,EUW
Aesuric,VIEGO
milffinoitav2,4358
SANTAN DAVE,RVG
TN Drumino,EUW
kneel to idv,Kiss
SprytnyBambo123,EUW
Ego role,ADC
Yamete,cute
Floatzie,GBE
Snowflake,1211
xalpsenapheb,EUW
Atsusushi,EUW
despair,FKNGR
Keithrak,zeu
C C,euw20
El Kaladas,HDL
u5pjxpu0wXbmu41s,u5pjx
Spring,jayce
RebeuSkinny,EUW
Hecakingx,Horse
つºωºつ,つΟωΟつ
Smalli,DUDI
Jonny,Diana
espotcuolcem,EUW
Esc4anor,EUW
Nr 1 Malph Mid,EUW
JumanjiJungler,Jung
Ăcкerмαηβlood,1367
Gordo12,1111
five fingers,EUW
Andersen,EPOR
aytox,8797
Abbakkie,UwU
2asy,EUW
SexyCurryMan,EKK08
thirteen,urmom
Zuzi117,EUW
Antonio Montana,7149
Sherloch,wow
SlotMach1n3,777
strawberrydreams,meow
Avaruusseikkailu,EUW
Gank,1008
Testomaniak,EUW
Yostyen,EUW
Darkayno,EUW
nyashenjoyer,batty
foop2legend,EUW
Support is Hell,EUW
GGmid,EEE
Sørey,EUW
Denchy,6969
keanuxd,Zed
y0Awayy,EUW
Saizh,EUW
DragoiS,EUW
ye ye my bad 15,7204
CHADNOSEBREATHER,AIRRR
Abs0lut,OQTF
MrLuucke,EUW
Swain,So1
youngwolf,7777
MG Xejuno,9652
Windf0rce,EUW
Smayne,EUW
Snowmens,EUW
Koori,kcorp
Cerios,BLUE
Viggo Wolffie,EUW
Vin og Kreatin,baida
alyssa,01111
xHitmanx92,EUW
Fµre,EUW
Only A Candy,EUW
Dareczqu,EUW
THE DAUS,SLEEP
Plurk,EUW
2M Hylander,Mid
Ayres,FUG
Smaayer,6531
cosmic1,888
Thorn of Revenge,EUW
Tome75,EUW
Fattyweedz,5336
Myguy,6900
Trom,EU3
jisoo,lili
Jaw Crush,EUW
ebisu,6211
INT Kenski,EUW
Crepanzano,EUW
Kurato,4212
Phemeth,EUW
Wear,994
Dirty Dan x3,EUW
Nobody,1123
Ganto,EUW
Arrow ft Bullet,EUW
Sakmol,EUW
SteveK,1313
TURING TEST,6077
Severly asian,EUW
xEvilsadness,EUW
Raygon,EUW
J4ckmout,EUW
CHMURO SZMACIURO,cwl1
Dominatrix raka,0001
イチヤモノガタリ,ファイナル
Hide in Diamond,3428
eclipseV2,kisik
yt mrbeast,0000
Franz Josef,111
F 5,WWWWW
piano rain,zrzy
serviceadvisor,kia
luken,dead
Kunjalqua,7820
obsession,kitty
Fubapaqi,EUW
KC NEXT SUPKING,EUWES
s1nl1s,EUW
KAPPA CHUNGUS,CHNGY
Shinedisha,EUW
N13RED,EUW
Hyrule,333
SMOKEDOPE2016,ARYU
obésité morbide,gros
XANNYBAR,XANAX
TurkSUPSmurf,EUW
hypn0ticwwww,1996
TUEUR A GAGES,92i
chaos,more
Raphinha,WODR
Shadyalmighty,Yone
JumpingBlubs,EUW
mawtism,spin
Kapuzius,EUW
RoderickArdan,EUW
Lizbona Mountain,KIERO
LiL Doudz,EUW
Gilson,EUW
OlafLaMatraque,olaf
nour489428,EUW
DanelFdez,EUW
AnkleSpanker9000,2000
Matthew Droghini,EUW
UmeChrono,EUW
IIlIIlIIIlIIIIlI,EUW
불친절,KIZ
Agoraphobic,Blood
Beullettepoilue,EUW
Schnubi,EUW
skjolder søddd,EUW
Lulu and Pix,Bot
Tominsk,Tomi
Mad LiFe 0,EUW
VitoCorleone243,EUW
LiLYeet,7023
STAN879,0005
Boglash,ZOFGK
OriStillTheMain,Ori
MGR Sticky,OUAIS
FLZ,FLAZE
Osoman,0036
Roi Des Pirates,Luffy
0rdinn,EUW
The Oldest Dream,Story
TheDarkPhantom12,EUW
Ja Ne KA WE,EUW
Zekke,Sinj
MonJunglerEstZen,ZEN
Jomans,MID
Pulse Lukay,EUW
PCS GoödByeGuys,EZWIN
Brinos,EUW
Monster,20123
Asukiri,Asu
Maevin,2808
Syberiia,EUW
LABUBUDEMON75,DRAV
Kunai1v9,Ferni
Q u,9 9 9
TFE Flechette14,EUW
PraiseGod,Nika
Taliyah SSG,EUW
DarkSarceDu31,Sarce
Mr Ikerus,EUW
A7omic,EUW
Raykior,EUW
Shiro,841
Darwin Nuñez,EUW
Voice,D3hm
LamentoBoliviano,Boli
WiL9,H9999
Baelor Targaryen,GenG
nieman41,EUW
Draiphis,EUW
Poiski,EUDE
Kyogas,EUW
Vesuz,1337
Rock,PHX
FLAGGED,ASDAS
mudblood,113
Just A Beta Acc,5401
Rom Baro,SHELB
3skor,EUW
Zehmox,EUW
Artifactor,EUW
Galtelar,777
Sapphire,cami
Wokeuplikethis,EUW
Uxtiwka,EUW
but it was never,EUWWW
deinfadda,EUW
Juicy Cawotte,EUW
Wall3nd,EUW
BOM Hopefulbear,1009
Caesar,AYPE
Bauan Abi,Coach
Only Samira,Furzy
THE BOOGEY MAN,SCARY
LowEloExplorer,Smurf
Soplica 3njoyer,EUNE
Me and 4 Monkas,1997
Leon Kennedy,Kasha
一位新神诞生了,GOD
Monster SSS YT,Main
daj mi pożyć,QWQ
TWTV REMULUSEK,JGLER
vidunderbarn,6969
TWTV kockunero,RANK1
Taruina,Tau
Teddyyy,0001
Quietude,1213
Quacky Duck,Hen
FOIDLOVER,ZED
zeropoint1sec,oxy
oniviD,DVN
jogador caro,442
GlitzFeisty,1750
dream chaser,clxia
Milschmidte,GGEZ
sky blue Lacoste,EUW
EXPLODIO,BURST
Lord Grim,grim1
OLP Anto,OLP
ΛBOVE YØU,EGO
Separate ways,VECNA
Degmezmis Sana,EUW
Radovan Majstor,EUW
Deliciousmama,031
Notoriety,7777
Dj Khaleed,BEST
xDrZRampage,Demon
TwTv eGirlEiva,eGirl
as you wish,baby
Holsita,VIC
hell,scent
xDrylink,RKN
Blackovy,EUW
rot and decay,rose
Eclipsε Fan ,EUW
a zoe on crack,EUW
skorumac,MILK
Jakub Kohoutek,EUW
JOY BOY,GOLD
PSYTRANCEx15677A,EUW2
homoandpdf,vycka
Ampoosay adc,2137
Nek0N,1616
TheCrayzyMan,6943
WWVWVVWVWVWVWVWW,0000
PatxiElPirata,TOP
The Bitter Truth,Jenny
balkabaleu,EUW
KEKW Abuser,EUW
God Thunder,1453
Saponyo,CHAMP
Festi,1337
Doomed Account,INT
Caperucita,EUW
Ferbijs,EUW
ViggiViktor,EUW
Jefef,EUW
FT StoneMaker,1207
Ψ NEW Ψ,EUW
Kiyoshin,74KB
weakside wilhelm,shen
你只是我的兵,NMBR1
im pissing,EUW
korol大王,FPX
cfgmidcfg,beko
Auturos,EUW
LACKY,4975
avoid me,null
Tobfort,FCT
meldo,2712
troligator,SOS0
Noi,3727
Zedmain1337,EUW
i donºt need adc,EUW
Heelang,EUW
Too,1009
سيمو المولي,سهل
Skander,C63
ende gelände,DSD
Kimi Räikkönen,Erlo
M4rton,EUW
Woitlan,DUNK
chungusmonkey47,gas
Yuri Boyka,BADT
Le PDG de Lubia,MONDE
Bloodkiller2207,EUW
DAVOUD AL PHARIQ,WSIDE
Lecro,IMW
IndeZYRAbleSup,5489
zjuk02,EUW
Pete Castiglione,WOOZ
Daneesuppgap,5382
vik,4643
parde,parde
MazzuLoL,EUW
Yiaken,EUW
Sakkaa,2540
halcon20000,CANCR
rudiop,EUW
Jackyproject,EUW
Norcs69,EUW
pjeanjea,EUW
ÉDG DrimsWork,3269
Wolfgang,GOAT
DJC,EUW
Slayer2050,EUW
LITTLE PIG,PIG
TchéTché,666
FNC Kekles,2983
Weakside Wizard,EUW
Shioli Kutsuna,DAUS
FireRiven,Fire
Opfer kein Täter,EUW
ELCRACKET,EUW
Zephque v1,EUW
s0cial,EUW
KENNETGOD99,EUW
SCORPION AFGHAN,EUW
Dauntless,3458
TheRealTwix,EUW
Torcedo,EUW
reCharcher,EUW
Meister Blinki,EUW
MrMagik,EUW
im epic,EUW
ˉºˆ,EUW
Bajkusa,123
Brickkwi,EUW
Nifyx,EUW
72OZiYKEUspueXJC,EUW
Felomecity,EUW
Breadmaker0,EUW
ninjahest,hest
miacis,EUW
HeitmannBr0,EUW
Krowst,SKG
Koldin,EUWww
〆デﾆﾆﾆﾆ一,333
nattglød,TR1
Zekrom,3838
Rotaf,LOL
WolfPeteGaming,N01
MKT,tw2
Wallhop enjoyer,re6ce
强大帕特里克,FFF
parano1d,erm
s17 peak 6900lp,masta
MOLDY SHRIMP,ZAZA
resent,01010
MORDO CO JEST,rank1
Fr33z,1701
low apm low bpm,asol
Zed,EUW93
HIDDEN,HDN
Ouran Nakagawa,ddddd
arlert,0007
no sl33p,EUW0
ployy,zzz
Ordulops07,EUW
firedancer,wife
Leetchi,EUW17
Abektrk,EUW
I miss ap0calyps,hehxd
B M G,MİR
J4NNA,Janna
Bapixy,EUW
bzztt,333
xObitoooo,259
86Rx,EUW
Gojo Satoru,AURA9
Saukο,EUW
Lute,EUW
Verni1,EUW
VisionMaxxing,677
VisionMaxxing,677
In name of love,soul
Doaenel 1 Dantes,EUWR1
bring the r key,open
Chillin,HHH
Flames of Fury,EUW
gigozz,EUWW
PoppySupMaybe,EUW
Keithorless,EUW
Love you less,4510
bayraou,EUW
Lost Soul,T4LON
Filax,1503
Sebergus,EUW
Gutslemann,6969
snow in spring,sze
Prolich,7968
Alex Jones,yolo
Lowcry,CN1
Mentaly,Down
Jasomdobrakobra,Kutka
noahhシ,clart
7DaysBanSurvivor,FREE
Try again duuude,EUW
katanotbad,1234
Kairi,Boo
Helinox,EUW
ChickenMashallah,PLT
NySmNyD,1337
B0ski Żigolo,EUW
Xhur,king
FartSniffer74,Fart
NichtNinjaa,EUW
QuEenWanHedA,EUW
YE SONG FAN,911
destiny,8391
Gød Of Speed,EUW
Humble in Défeat,EUW
TOPLANER2BAISER,EUW
EDAG Zexa,EDAG
MysteryMaster,EUWST
TTV RONYBUZZCUT,BUSY
l Cant Buy Boots,00000
FuuZiia,EUW
ALOCKSS,EUW
Nebzie,EUW
OvO2333,OvO
B4nanaSplit,b4spl
Monsieur Tchouki,EUW
Rosyln,meow
Enty,xdd
Épée émoussée,PROUT
RASMUSSEN,PAIN
Redplayer,gerry
chraier,727
SVO Prinzip,8080
KFC Delivery,EUW
Grunningguy,EUW
VGS Schröda,VGS
Riksklovn,EUW
Jell1231,EUW
Lyrakai,woof
Naryu Virian,ESO
Zezin,JPND
rwt,EUW
ISSALTYAFEELING,EUW
Marco,GOAT
Le vieux Dard,EUW
Ms6oL,111
Kyrik,777
Arendino,Gates
WingSmith,1212
GiveMeClorox,EUW
Fastfun,EUW
RyanApril,EUW
giacom,EUW
Naapero,EUW
Gwent Stefani,EUW
illukiller,EUW
R E,1027
Kami no pain,EUW
Tysaby,VEIRA
Klaus Krake,Klaus
T3nt4sha,1337
xXMK7Xx,EUW
Lets Squanch,EUW
DaFuQ Godmode,EUW
Hefto,EUW
Toplerone,CPT
ylnO,EUW
Lonely Artist,EUW
Alix,Aliix
SyG FruchtFlip,EUW
Gäddinem,EUW
Maмadou Shaco,SHACO
AH Oikk,Oikk
Dolle Dora,EUW
Sywyn,4444
Kyrew,EUW
Dreamy,00002
AzN Misdreno,EUW
CapDeSur,9554
NUK3T0WN,MIDIF
LE PECOR,EUW
Zeref,FD20
VININE CR7,EUW
Dont let me Bard,OOTAY
FUN,1112
prankplank,Dope
Ruser,EUW
Sparta From Void,Will
Twitch Lobo7wr,SUPP
milien,EUW
tartin,EUW
MegaFireBoom,EUW
Traint,EUW
Thow,kitty
cowTard,EUW
vvvvvvv,555
Essay,SUP
LAMINE YAMAL,GRE1
Tina,Nova7
mid7mid9,qx7q
dopi,cadia
glassy sky,777
Kuti,19077
chitestraviv,ktm
kuzu,789
rehab legend,R34
FI AykiqraMel,Lumii
DK VibingAxolotl,Axo
Ribouledingue,9570
CatBoy67,Ado
CASTORICE E6,1118
Martins,8822
RLE Satemi,Chan
Anakin Skywalker,God1
wshFrosty,EUW
2ngeldust,1004
Purple,EU777
LUKOIL KING,URAY
Spring,KDA
Kurama,1942
geeked up,173
Giga Boseu,EUW
Bagance,EUW
CLD Pooya,010
Saibot7563,EUW
Gayret,Sup
Eloha,0001
LOVEDESiRE,ff15
黑色星期五,CN1
Schubert Dzieran,EUW
Haku,0145
German Refugee,FF15
nonreciprocal,TALON
VitoScaletta,Joe
EMRNL,EUW
EveIyn,Eve
Curséd,EUWE
i cant sleep 2,3338
Hecurity,2002
dyxiaofang,CN2
beYONEcé,SLYKZ
IexaT34,EUW
HisLittleKitten,12312
FAN DE KIDIWI,KDW
Putrid pride,1205
Anchor,PRS
conquest,KNEEL
BronzieB0lTz,EUW
Szczurek Marcel,EUW
Landy,1285
Vsanchez12,EUW
Mitzuki,godd
Lev1nø,EUW
FemboybumMuncher,Yummy
LimtlessMan,Nika
Cursed Account,3169
Vance Eleanor,EUW
제프리 엡스타인,21341
ujung,EUW
DaddysLittleWard,EUW
kolopak,322
pechowiec,pech
ｋｉｎｄ star,zmile
ReportT1,EUW
close to perfect,shift
NotSoSpecial,JOJO
FeeIing Bad,EUW
SmallPies,EUW
WiSe00,EUW
Ił ΛKΛZΛ łI,L9KY5
Tsubii,BUNI
Brownboy,1337
MrChillingToad,EUW
BayHarborButcher,AAAAB
TeamHappy,EUW
쪼에꿈나무,5432
Gustaveriner,EUW
TSL SamsonXD,EUW
Savane,EUW2
BLENDI FEVZIU,EUW
Rukis23,EUW
I Ghaem I,EUW
Luffi3,3012
SΗRΕK,EUW
Hitth,htet
Leon SS Kennedy,RE4
SlGMÅ MALE,EUW
wolfedDawn,EUW
Durum Enjoyer,GORDO
Disoster,2838
Terrific,aziz
Kondraz,EUW
GouterAlsace,EUW
WWK Rocket,EUW
sc87,EU1
Neptune4587,EUW
adadem,EUW
MysTicRice,EUW
Freddy Turbina,Briga
cocodcd24,EUW
Gattouz0,NAYEK
Cortisol Spike,1997
Ylenia Padilla,EUW
FluchDerPagode,111
Count Amagedon,EUW
Oblivious Joy,RedVe
Kelsen,971
Jedw1,0000
Gryvn,FNC
Mefy,EUW
jrkersten,Joris
lovigno,EUW
huge mid gap,iwnl
PabloEscobardOO,EUW
Lawcius,EUW
Die Auferstehung,WIN
240,DSC
NH TEΔM GΔP,EUW
Kiratsûmi,EUW
WhiteHype,EUW
Bellero,EUW
Battlecurl,Locke
Imortana,EUW
xStarW,EUW
Lannister Lowrol,LGE
lil Limti,EUW
GC TejoTello,8888
トップを教える人,筆名勝利
BONPREU ESCLAT,1999
Naminé,Aisha
Yshbyd,HOOK
papainc,2553
Jarketh,EUW
branwoww,wow
Pravcuh,daddy
MrJuice,1310
Omertà,EUW2
Mäddog,EUW
ケイル,Aixy
Foredecapuuu,EUW
Grok,muted
Franklin,4102
ryba,sum
DODO Time,zoe
HonoredOne0,GOJO
Ambessing,TRAIN
GLU,kral
komagene,27507
noname,12314
Saitama,Viego
Kuszti28,4164
Azalea,4396
Nalzrayold,2323
Danya,7707
BACKSTREETBOi,CSSSX
Ighptnysler,4236
Bezbożny,2137
syzyph,99999
CAMINHAO,157
Bolqvinio,EUW
bashkhan,9576
Hebi,ADC
A22 Hope,goat
Jungle Be11es,EUW
柱塞手,CN1
NULUOR SUPREME,GAP
3arbi coréen,2611
wisdom,44444
112,002
Orng Crab Enjoyr,ORTHO
FutureEmperor,SVEUW
1v9 machine,Zero
Gehenna,ZAPAD
MF David10,EUW
True Warrior,111
pizzaguy12,EUW
GLORYNPT,EUW
Semper Invicta,2111
Bjeli labud,34634
Zvorz,EUW
Forseen yasuo,rank
Brenleaz,EUW
budjur,glv
SonoCombo,AdoN1
andri,EUW2
Unixtal pls,QIQI
Minto,IGG
Kuang Xiao U,4144
Karma is a Betch,EUW
PaulMike,EUW
Edi Vi Britannia,EUW
DANXER,66666
Yasuone,EUWz
ｂｌｅｕｒｚｈｇｈｕｅｂｖｅｌｇ,ｂｒｈｇｌ
Shone Master,EUW
Setne z wishe,eUwU
KebabVernichter,Ayran
I am the Villain,EASY
tazoso,euwu
WDWDWDWDWD,EUW
gstva,EUW
cortisol rising,lol
Les5DoigtsDePied,EUW
SakurajimaMaiSan,EUW
bakkenvouwer,bier
Mangekyou,HUNT
RAMN100,1643
Desusiitoo,EUW
kasetofon,EUW
나르시시스트,REAL
Namielle,RAIN
Zapi,KUK
timoN,1818
cpt bugbeard,EUW
QUEEN LEECH,WORM
dym,Amy
Chow,EUW12
28 GAMES A DAY,SPAM
Adi300,EUW
Morg,4531
Rhikmaltras,EUW
TLG DieKastinuss,EUW
Rayleigh,1337
Water,Dev
Guinness,BOMBA
Marcus Aurelius,Rome1
yung hurn,stoli
九歌v9 EFLS,JIUGE
braex,ACE
浪子彦,0501
Listepik i Hus,Bajer
Cacedary,EUW
Postman,1929
Karma is a beach,BZH
Pengwin,Dummy
ThatchersDead,AbyLM
Banana Ananab,EUW
soup carry,angel
SCARFACE,GER
第一深情,777
Exnom,111
naltrexonesza,uwu
juicedup,1345
Prεdαtor,EUW
Sergent Ricard,EUW
StarDoor,EUW
Yang Wonda,EUW
BeautifulSoup,EUW
Ampharos,Sheep
malenia,esu
Mercenary,7777
SolidSnake420,EUW
TiltModeOn,MAD
Kunoichi,Ionia
Le Gros Gypsy,EUW
Lyvelon,EUW
BaLLsTaR,EUW
AkadeMika,EUW
olekron,EUW
tib,0208
NeonFGC,EUW
Nexis,EUW11
Prince Ripa,Ska
Mad,Kyuma
reneee,EUW
banaan9999,EUW
ZyraBrimPunisher,1578
StrwC Crysis,EUW
sixberries,lulu
PîanoMan,EUW
Admiral Aioli,EUW
Wehmer,EUW
Unicorns of Tilt,EUW
Nivi,Kiwi
Jackie644,966
LEGIX,EUW
Something Blue,RGB
N4iVlyS,EUW
Waterboiii,Lol
ÆtherHunter,2631
Capitano,426
Was Rank 1 Fizz,8917
FT Ace,ACE
Kasta,rinu
cold dead chest,EUW
ToXiCCuss,EUW
Ezsdal,EUW
Linglingg,123
cocolinq,EUW
PonZ,ZZZ
Bebs,EUW
call911plz,EUW
Spor 6,Tvedt
Shanile,Fizz
Lythis,017
Trash Jay,EUW
LMMasters,EUW
Peanut,Katze
Fluckx,NEC
Darkyosse,ZOÉ
Orekun,EUW
Zilean is Gray,BILBO
swordland,1717
ECF Hosoma,ECF
Thorghals,EUW
Sofista,EUW
A Bueno,GOOD
Yasha,2021
DieGanzeTruppe,YEES
isitisitisitOnU,Noel
Piemelkakbek1,1940
NumberOneJhinFan,EUW
One last kiss,noff
Lunahtic,EUW
Kasuga Ichiban,EUW
Twtv Radantw,TWTV
ШΛΙÐΞ,prime
Phantom Era,1997
BossBobban,Boss
2 Shadows 1 Zed,Fyza
Aze,ANNIE
Naelus,TPD
Chriskies,aims
Hyôrai,FIRE
Jowy,Diana
Kinnamon,EUW
HNF FBI,EUW
Barukii,001
Kukisambas,EUW
Zebero,6397
Alistair Overeem,force
JUGKING,kiwi2
Vegas,VK1
JudeBallantines,JB5
IIIIIIIII,0205
1231231243,SKRT
TopGkan,GRE
Shift fanboy,GOAT
Xie Lian,2206
BugBash,NULL
Bestie,opa
Showusyourhits,6969
BeroLjub,123
Orgeval Rank 1,MNTA
fioraking,12345
Amoureux,ELLE
Pyke Morant,777
Buort,00001
Imura,Yuji
larslin,hao
Naoya Fanboy,Maki
BubblesFromTemu,6767
dis moi kietu,kaya
Nidalee Footjob,Maid
grasfte,BJJ
Nάrcișșișt,ego
mental clarity,01011
idschumi,push
Kocham Natalke,doggy
Fanta Exotic,Mmhh
feuj93,7405
PestePeVest,Clown
Peanut catalan,NOWAY
Sergalemos,7043
Borovvsky,3108
JUNGKINGDOM,WWW1
aboley,3131
Kasati,XDD
Sanitygoesbrryyy,2137
Rushrain,4XL
P3try,00231
PYRRA HABIBI,YALLA
Wuggle Expwosion,Gulpi
topankaSvk,jooo
Veldora Tempest,00000
Tandlöse,YSM
Kassinn,1337
jagemax,max
S16 FREAK XD,777
Thnaphietl,EUW
NpIGotDis,EUW
Lillia N4l,ZHANG
Kakarot,195
yeka,yyy
AP Shaco is bad,Shaco
OMGXeLNaGa,EUW
Home of Phobia,GAIO
zlm,cwl
jakotako,kiwa
TTV mokrapjoka,123
Adaś,4444
Irlthilineyl,EUW
Azrael2137,EUW
내면의 빛,light
QuietIQ,QvQ
Fear thou not,I4110
kingmaker,4208
Galactic High,Lobby
Bogdan0s,KHK
CHALLENGED,999
Cilekes,EUW
Smellah,EUW
Evernight,NFR
UNC RatCacher,EUW
Bright Future,PRAY
Patoricku,Bisu
Serene Dominion,Amen
last tear,EUW
M1lan03,EUW
Gabimaru,KINJI
RAR,EUW3
Kernel,Lol
ALWAYSWEAKSIDE,WISHC
Trying my best,Trust
TFT Player,12321
nodus tollens,nexcs
LITTLE POOR ME,1v9
HoppingInsect,EUW
LEMMEBREATHE,GEORG
Princess Lulu,Egirl
Sophiora,EUW
Kane,222
Journey,Wnnie
made in heaven,glx
Rabenstag,EUW
Performer,GGEZ
SUSHI1005,EUW
man eater bugg,EUW
ElDonBosto,EUW
YUR4ENATOR,EUW
Failavier,ILLO
ArisO7,EUW
yFcLnTRichard,EUW
Ado fan,EUW
Form at 40 Min,3843
Armoff,tia
raiden,snak
Bezzubka,draq
Farnoss,EUW
n82,2172
HAHA XDDDDDDD FF,XDXDD
W Maldito,0408
SLV Larsade,EUW
Nerona Imu,demon
Corgidood,EUW
 Nıcholas,EUW
Stubbs,EBANE
thomichelin,EUW
Rivers of Nihil,EUW
K4ROS,EUW
Sewayx,EUW
AlvaroGarrido10,134
mamagido,EUW
Dems,3945
Bob Tschigerillo,Bobbt
Fuk Izreal,PAL
Kara la,Jaget
WWG toxxicz,Geile
Gilgamesz,EUW
hikkykostaja,EUW
OrdinalGravy1,EUW
Triton,Teemo
Silvia orriols,001
T1 SuPGoD,SUP
sunstruck,arrow
winb3334,EUW
Sir Ketalot,Snif
Jussy22,EUW
Sn1ffeur2Culotte,SN1F
hude,999
KC Sheiik0,EVE
NuLdIaN,EUW
mentally pog,0608
Shadøw Hack,rogue
Pleaseant,WHY
ROYALTY,Absol
SO MUCH FUN XD,HAHA
loustic11,EUW
inż Kwiot,EUW
сυrse〆,LPpls
Otaah,EUW
LangeweileGaming,EUW
Dans la légende,PNL1
Fryzh,EUW
floraerenhoe,EUW
Davitt,EUW
one last glide,glide
GH Gyatzuuu,EUW
xlolux,EUW
Maxtoaster,H4M
PilzBorke,EUW
adamblin,EUW
Moustik Tigre,PIK
ManaZ,EUWE
PIGEØN FLIP,EUW
WSL Axe thrower,EUW
Sazel,Sazel
lima6969,EUW
rdehrdeh,EUW
SmiteGodLegend,FTF
Moongazing,moon
Alley,GOOP
CHEQDECAUTION,chaiz
GEN DoppelKiin,GEN
Sephiroth,DB69
CuttyFlam,Hamza
Tobias Freak,EUW
Arne431,9027
yehi,EUW
Frostbru,EUW
CallMeDovi,EUW
Nーーーーー,Fーー
FörmögneRickard,yay
RengarPhobia,Papi
MMB Bouya,TEGRA
terrenzio,EUW
KAZUSA,xdd
Raup3Nimmersatt,EUW
Dodz,OPS
Ezra,Mori
LegenD,1331
WWG Nigengy,WWG
ErieTheFukuro,OWL
Perrosato,000
Get rekt by Ornn,766
vivi,0725
Invincible,GEEK
Kamikaze,WIS
ChampionOfLight,VANY
炎夏ノ弦月,KJR
Pekil,EUW
allCAPS,SOLO
imperious,TFate
Nimportnawak005,EUW
MBownageNL,EUW
Cnight,EUW
AXA Fuzen,juice
Dexonin,EUW
Kong MS,EUW
SoFamePWNZ,EUW
BBB ANGER,EUW
LahriFahri,EUW
Apowcalypse,2607
TheOakDwarf,Drva
Lilcloud,EUW
victory is mine,SABR
murasaki,void
Improve,SWE
veritas vincit,5 6
OYASUMI PUNPUN,GTBSG
hayatbitti,lul
C1ursed,C1U
Twitch Aegonxlol,AKALI
RYBAKINA,999
SPREADPEACENLOVE,NlCE
Acedia,turk
PATER KLEOMENHS,十十十
Твари,GOAT
KillerMike0,EUW
Kyrox,001
FIREYxz,redﾒ
jg gap,1312
Pixelated Kisses,LEXIE
Benitsubasa,777
Nick Wilde,judy6
Kurt Darlandı,UUU
Lawardyl,5178
achiliess,god
BAOBAOBAOBAOBAO,BAOBA
BLG Viper,ad39
Temusma,HEX
Yeinhim,3202
Saveeurope,meoww
FJD,1337
Ariechh,1313
the wise gooner,freak
Lyklund,EUW
DavidovSobinov,EUW
Y E,NHH
Poyraz,Game
Conor PykeGregor,EUW
Astaroth,Ištar
ObjectiveGod,KUR
Kupus,1399
hidden fruit,meow
themato,856
aesy jg acc,1v9
Askatuta,EUS
BRING LEC ADAM,LFL
pyrotik,diff
Empower Assault,JAX
Pa1nter99,TOPH
MAHLENSKA KLASA,nnine
doxa thn koka,jgdif
PomPom Purin,01IRL
Jonte,Elden
FXT Fiexter ,EUW
Seif,TopLN
맑은 하늘,밝은 미래
Skr1Q,EUW
S1nuqu,EUW
tempo,3123
NormandyXD,LULE
Wixos Olaf,Shay
HLGG No Ego,HLGG
Stormlolx,GOAT
Dencrout,aura
Who was in Paris,6767
vox machina love,EUW
UwUlmEGirl,EUW
Wynattela,EUW
Wezophe,EUW
LeCondorÉgyptien,PIJON
Prince sanglier,EUW
mama idem u rat,EUW
Valhir,157
Dievenatta,EUW
Darkkoss2,EUW
Tickle Them,EUW
Raikyo,999
Filip Szcześniak,taco
ANDREAS TETTEH,777
2t2w törö acc,meow
Nemesiis13,EUW
lovebomb,EUW01
GAS VerückteVogl,GAS
OlesMum,Euro
Rinogaaa,EUW
Mars,437
vip kazax,ZZZ
Louis Bloom,2137
Soul,QWER
Edison Gasi,Edson
IlIIlIIIlIlIllII,EUW
Peppino,Jung
Kawaii Candy,EUW
cynikal,csx
Carlos Oiler,LFT
24void,null
Tadyer,EUW
lauraguijarro,EUW
AlpacinoSZN,EUW
blk,002
Diogorb,7328
The Cha1n Warden,EUW
diaspora,031
Dikkekikker,56885
187 Kroko Ryze,EUW
IDG nameless,IDG
loonzaera,EUW
BURR0S,EUW
Daemon Blackfyre,9221
WerdLIVE,1234
Troll,Z3RΩ
Strawberry Milk,yammy
Sky0840,EUW
Shai Hulud,06060
Mouksi,EUW
Shimzu,MID
kaka and pee pee,EUW
Dongfang Zui,dawn
Divine Star 1,EUW
KennySansLeS,EUW
Ascine,EUW
Bot Skov,EUW
Delusional,Noff
EMG BlobMeister,JGLdf
BARJOT SOUS OQTF,1109
Hagen,ULLE
Bajron369,meow
Zaki Z,EUW
MilchShakeAura,EUW
Maiki,1v9
Deglâ,EUW
Wales,EUW
Rhio,69420
bysucu,EUW
Romige Melk,KOE
Protector Angel,777
the big short,EUW
Pekken,kant
LindgrenV,EUW
NO CHAT WARRIOR,GRIND
Expell,UEB
Sinler,5403
Kagica,EUW
Gaede,EUW
Giak,444
14728,14728
gapped by egirl,lmao
Noti,yuumi
My bad is vlad,EUW
Yaz,JGL
DukeSpookem,EUW
Hope Enjoyer,itsOK
ichbumsdinisis,Noée
leoleo9001,EUW
恥ずべき,000
DrDoofenshmirtz,S04
Yoni En Teuf,RIP
Arcad0x,EUW
Kili Ronin,0187
Yatsuni,EUW
AnthoGenk,EUW
Immortal lëona ,EUW
Jannana Split,Janna
SayRon,5731
Minedosky ,EUW
RomainDeLaCompta,Ratio
Dayllen,6492
KC Anoniymous,EUW
Garσu,EUW
Molinα,EUW
iDømi,EUW
you dead yet,EUW
Tservoujett,WIND
Erkish,TTT
Thoes,EUW
hydrogene3,EUW
Bladuis,6088
IonianFusel,EUW
Aurel,4444
SkyChaser,Angel
Dom xdd,Meow
nils,1460
Kiana,Snacc
Soldat Érotique,DGX
NSG Mimic,3143
ipzi grindset,EUW
ThisIsPatrik,TTV
Tourist G,EUW
xCrono,EUW
SucesionesTester,EUW
TCM NiuBi St,EUW
uninstalled,grass
Ketamine Clown,EUW
Ákµma,じごく
Wolves hunger,666
Helnakensbrorsa,1337
Fr33 Juke,EUW
LaKerZ,EUW
Eltigrehuevn,EUW
LiL Django,EUW
Oracle,108
Bramgåsn,EUW
Peyman Amin,Knast
Carnage,7330
Wallx,EUW
GS Perk,EUW
Cluey,EUW
Veenox3,EUW
CARBONATED JUICE,WATER
Sprotze,EUW
LaR Fochono,EUW
Noobbasher,KEKW
TruckerTom,JUNGE
Gleff,EUW
Mundus666,EUW
Dσσwy,EUW
Zorglub Le Grand,EUW
Shindan,wimp
Lord Douche,RRDG8
Bran Nu Eai Fuak,EUW
BrolopCalisto,QQs
Haallooo,EU1
Bikerx3,EUW
FVT Chunyun,1234
Pedri potter8,1610
buffalo,VAL
FrozenBones17,EUW
Xedar Cheese,EUW
IĄmTheStØrm,EUW
EDGA,EUW
Hörzi,EUW
The F0rbidden,EUW
Purple Piper,EUW
angelusPK,EUW
Thomas tog ,EUW
Kekkö,EUW
meowmeowmeow,miav
BileygOneEye,EUW
cutie pony,owo
marisalu e prost,caine
710 alse,alse
Meister Shifu,KING
Notorious,DM34
god syndrome,sad
我是垃圾,SCN
Sυé,EUR
Promotheus,ANCP
ControlleurDePap,ier
Kari,2442
SAMIRACLE,SSSS
Trimesurus,Ruby
G2 SkewMond,3326
STEROID HECARIM,Jas39
LE SODOMlSEUR,1406
naxos,xdd
Nowi,Nasta
MB BRO,00000
Cosmic Hope,zero
belvether11,1111
PogJump,SMOKE
żabson,EUW99
SLY AD King,4444
WRITST SLIT,blesi
Cronus,FEAR
Caceker,1529
Grumpy Cat,uwu
Fanquerexx,Haze
adc peaker,5555
andik,cigy
jg kr,prcX
Ignacy83,MEOW
WhatIsLove,wlw
Ryan Gosling,Bleed
KIL1GIN,KIL1
IloveUIHateU,29550
rendezvous,ALB1
Escaping Reality,Eerie
Wisard LYFE,2260
KirbyGod,4444
japanese gf pls,brrrr
incarnated,dive
BordetFanger,420
Etoo,XDDDD
Nalow,EUW18
dajcie inta,EUW
GokuPepper,Sefa
MAT안녕,SUP
Pjooter,00000
asdfghjkl,1292
WillumpsPencil27,EUW
Dota2better,hah
rafiks,fatal
miyu,kissx
Zedonia,XXX
kaleekssss,8486
KURBANLIKPENGUEN,EUW
Kyle Butler,huy
LynxCerezz,3131
Periaile,EUW
AiR Strolch,EUW
Lucke,1904
Shun,6974
Ketua,BBC
love m3th,krek
Banjo,6pek
Black Orchid,001
Lamb and Wolf,MEOW
Garou,EUW77
lol bok oyun,lmao
superstar felki,hbiba
H i t x r i,XIII
TRH Ajuna,PPT
Rivking,EUW2
MoczoPędnyLabubu,TRAP
Lavvandet,EUW
Midbik,EUW
Ignath,EUW
xPoVeRx,EUW
erdal222,222
MostAncientDream,1TAP
ady hobo cba,kid
UoZoom,EUW
Melancholy,pler
抖音AAKING,CN1
Adapt,bells
Minaellu,EUW
Mirek23,ZOO
GLOVO,0930
Mericaly,4444
Dasada,EUW
Veizs,92i
BoldMaker,Ali
Malý Paladin,wotlk
Give Me My Form,MLYKI
XIAO FEI XIA,qwe12
The Hanged Man,999
C2 Tapsbytelmao,xdd
Mugiwara,EUWXD
SINKSINK,SINK
KoreanSoloLaner,EUW
Khôi,CPV
Anakine,DARK
fuzetea,Iemon
スレイヤー,キラー
KingOlaf,420
Z1 Zenox,AKA
B0BBY,B0BBY
RAGEBAIT,TILT
Mattei,66666
Man1la,EUW
ABY Th3kingDK,KING
Zangetsu,あなたと
flippy,161
flawed by design,xxxx
essra,2502
JannaReported,2137
hhhhhs,BOZO
Johnny Sins XD,EUW
Lobby Admin,boss
Proxie,Lucky
Woda,66666
MESTRE RASI,RAS
Levi,yu40
青田后入熊澪,1128
Neutzen,EUW
残り風,JPN
DragoncitoZombie,RAWR
Stef,Supp
Tremic,Trem
Denen,0001
CathedraLL,0000
menic,EUW
TwTv Sigwilkat,ZILLY
Chicks 4 Jhin,UwU
neo,너구리
Matamanwest,EUW
JSYLAS,kötrm
WHERE WAS YOU,90210
Berdam,EUW
Can1ski,EUW
TerminaI Script,EUW
atass sintir met,cask
Unbound,0606
TWTVshadyassuo,rewej
PenguMaster,QUACK
Support Darius,EUW
supertoad2,EUW
YTGaReN HaN live,RTE
pedritoo,1997
Piemontese,G0D
Ulbrag,EUW
Heav3nly,ADC
Malaluck,JGL
Profane,4444
Etienne,5623
1111110000000,EUW
nunuardent1190,8907
asaviJ,EUW
JulesSama,EUW
Sedvall,0921
puddi puddi pro,EUW
Sefoo Chan V1,EUW
C α l m,222
chibi bushi,EUW
JUST FOCUS XD,NEVER
Slath01,SILLY
INT Restart,EUW
DPI100,EUW
Feuerkralle,EUW
Katarina Inter,EUW
AnkkaGaming,Glide
JoanVi04,EUW
hate being sober,AMG3
PSG Fizz Abuser,PSG
ferra 12,EUW
Hydralisky,EUW
IHeartUrHeart,EUW
Settisfactory,Samji
jiru,euww
GilberGeil,Geil
AAE Zephyrof,zephy
Moltinq,EUW
Shimbo,DRK
985 211,TU9
RagnarosLordFire,EUW
Bidouly,EUW12
Buried,BCS
arskapupu,PUPU
DieterDieBelle,Erick
Thefire,1234
Fallon,EUW
mecarow,EUW
Chukam cherni,EUW
Bojji,R O I
FATE,MARI
Mr Pillow,EUW
Taneko,EUW
Ｘｅｕｓ,Kite
StpFkinMyHamster,Hmptr
67 Sachatouille,STRAS
Heaalron,420
GabboKoi,EUW
Ganged By Mom,EUW
Daztoc,EUW
pewton,EUW
Næbdyret ADCarry,Agent
osawix78,osawi
Bobby Tarantino,123
dipsy,bigD
Bioinformatician,EUW
재미로 놀기,8574
ìThrash,EUW
Leoz,XIV
Hawkshot,HKS
Flow,SEVEN
Gearless Talon,JOE
TheImposterH,EUW
DolceGalucci,EUW
fis bajs,prutt
Danny Dynamite,EUW
Catstyle,555
Kutamo,Cas
Wakaikami,kami
IIIIIIIlIIIIIIII,lllll
ARTUEUR,RAT
GothicLogic,EUW
OnionFriend,EUW
Fernando Alonso,P1ALO
jorkkabob,EUW
Casual Flexer,EUW
ill never be her,666
daxi6,EUW
Hi4xDroolersPls,Thx
Saruch,EUW
Uberpingvin,EUW
eloBuster,meow
JMMY,2155
JunO,0x4A
Jochen Schwîtzer,EUW
ToeNibbler,mmm
SkZ Light,SKZ
człowiek rakieta,9298
DawidaZ,EUW
I Derp my Herp,74123
I Coin Flip I,EUW
Just Crinjhin,4444
Fullyu Godlike,EUW
Egusi,EUW
Cpt ASAP,EUW
Karni,Ionia
LeifTheMan,EUW
Exxu,2719
genzaa,EUW
el100tifiko,kek
TFT Articuna,EUW
Sghennγ,EUW
3 3 3,lust
JIN KAZAMA 91,888
Love You Always,048
으끄으끄,내쉬다
AP KAAN,333
Butii,1903
UNDERCOVER SPY,CH1
erdem,lol
무해한아빠,0000
GrokTrialVersion,Trial
Lucy Madland,nyu
Rematusind,euww
khaloda,AL4B7
Eggstatic,333
breakcore doll,doll
Angel of Death,rex
GET ME OUT,xpp
Agent Orzech,spell
Chimp,BML
kettyvapora,bet
Kelianianeyl,9176
camelcrusher,trnup
soloq,4119
ножевые увечья,十十十
uhtred,456
gylen,EUW2
9yjlqw,eu1
Chrøllo,1505
Meagnelm,6049
Ole Thestrup,GOAT
purpleholic,lean7
Full Disclosure,000
Kaynshed,0971
Toblerone,swiss
Just Robin,12345
NEXTY4SSU0,yas41
FUSE Robak,GOAT
lysgaard,boas2
тяжелый люксик,300kg
rin tohsaka,222
Rey Skywalker,Darth
Equinox,6223
Luka Dončić,lacka
ShimadaKai,0000
27 11 1971,EUW
Onizuka,0002
Risppy,EUW
Ray Shoesmith,frfr
Fãvôr,TwTv
Lays Sensations,EUW
YourFuneral,Kayn
kenabuk,UKE
Hunyadifan,Daddy
tonzaya,kneel
Sikorsky Archive,EUW
316942,EUW
JUGKING,MS7
563534552,EUW
Granatapfel石榴,369
Ullancaron,EUW
xrtf111111111111,ezpz
wasked,sup
DISPASSION,EUW
LaHookeabaTanto,7433
Ranathanan,5246
The Eternal Mask,EUW
Benji,6266
不想随波逐流,zmy
silly goose,EUW10
Haubentaucher,Haube
Need to win,HDS
TwTv Hanoukan,0000
SchoolBusDriver,1234
El Chico,BTRMN
Fearty,EUW
I miss Molly,XTC
TTV OnLeeSin2,0001
snektr2,355
Labubu support,6593
Forced2bhere,EUW
love ruins all,2006
Shiro,JPEG
L I O N B A R,1111
VOID Sirius,々G59
b3bbz,qqqq
PAINTER FANBOY,TOJI
300 Pr0tectADAC,EUW
Jetpet,QLD
AURYLA,EUW
Cassoulet Frites,MIAM
Kevin,KIFF
7butch,lsq
Tibbers,6767
BenCocoPops,EUW
GREEN GOBLIN,BOMB
il Predestinato,EUW
notlekker,EUW
ANITA MAX WYNN,MAXWN
Zenobia,6537
no broke boys,money
doulapo,Poesi
NilamitySupp,EUW
Pies Karola,EUW
ELSA JEAN FAΝ,EUW
Luderspil123,EUW
Dexter Morgan,ADGAP
Tommy shelby,JGGAP
the stooges,mhmm
Inspiration,LOL
Zigouris,ZGRs
asdfghjklůyxcvXD,EUW
i march to death,endrr
Jules Chill Acc,EUWW
Just Be Kind,EUW
Khukuri,WIN
Dionrex,BU1
isa,aery
XQWT3,EUW66
Yuno Ball,NIKO0
Rubeud,11037
Supernørd,EUW
Geometrymas,EUW
Master Rageblade,euw2
Penta Samira,Samir
Diàkàt,EUWW
AFMO,EUW
ELEKTRIKEREN,EUW
wave2earth,boyee
Ares,JJH
RD7,XD2
witchcraft,dream
Froshi,Simp
Quinnevere,EUW
Dj Butragueño,Yeyo
Samsara1246,EUW
ObstkorbMafia007,0094
Bollwerk,GOAT
Rhino Knödler,EUW
ObstkorbMafia007,0094
Bollwerk,GOAT
Rhino Knödler,EUW
soxeV,4030
UIC DANY,RFA40
badplace,EUW
Pyke The Butcher,Pyke
Paschulke,666
Œnomaüs Ðiff,EUW
llIl,EUW
ROSEN GACUV,XDDDD
CG Ara,yaya
pablito218,EUW
chdr,lowo
YumbaX,ESP
nimonamo,EUW
De Vayne Johnson,ROCK
Flying ペン,EUW15
Ashitaka,もののは姫
Scathi,EUW
Señor Flausch,EUW
YOANTFT,ADS
wesdav16,EUW
NoMercyX,0815
Manganésio,EUW
Janniadhara,Fiora
RenjaH,FLYFF
Méta Breaker,EUW
FOV tech,EUW
KIRKEL,KING
kaitania,chill
RoleDyr,CRO
An0nymus7,EUW
twtv TIFA LOL,7777
pantze,yikes
TheMTB,EUW
Yariza,EUW
Rakkutsuri,Hook
B R 0 K E N   Q,1999
Wombsi,sunko
ALLOALLO,4567
SLX,Huntr
WAGIC365,TROPA
graniter,EUW
Wuhan,EUW
RiedDeca,EUW
WEAKSIDE COAX,018
Kris,CWL
Lumière,chik
Real,0100
M0RGENSTERN,999
Droqzz,3636
ZielonaZelka,1337
BestJungleWEST,1234
crackman,MIH
Shyysamtan,6285
Shyza,CRY
十 whitechapel 十,2401
orl,35481
Noula,444
Fuad the Fister,fista
FakeWaveMember,URI
isotyasu,1938
balabaN,earth
BiG Mxvi,lil
LemonSoda,can
Hollow,138
The Lazy Genius,Nagii
fhcygjrd,EUW
ˉˉˉ,321
Artorias,chef
Huuuner,1101
empty promise,uso
TrueJuliaFEMOBY,6767
Gatezet,EUW
permalimittest,ALLIN
hardstuckpisslow,stuck
Torva,1212
llllllllllllllll,56546
AKU Lena,T3T4S
ImRmk,EUW
Subclavian Vein,EUW
Jousimies,EUW
Wrexex,EUW
Toblerone1024,EUW
Spellmaster,EUW
cookie monster,AAA
MUY MUCHO BOMBA,BOMBA
Mizta Sheep,VNA
TRUANT1,GURA
xAzMatthew,EUW
Simomo,1234
WANTWINWANTWIN,NVRFF
Samu,suppo
Iiuz,11922
HuoGuang,九尾妖狐
Forgotten,Ainz
Chudinho,EUW
M Mille,UwU
Maxpitch,EUW
M Mille,UwU
Maxpitch,EUW
drumpizz,EUW
Darkyoshi,AURA
FireByrd,EUW
InfinityAirdoor,EUW
Itêza,0417
Dolidius,EUW
tornareLP,9202
The Red Prince,EUW
Ballas,Potea
C Le S Mathafack,prout
Garex,EGO
Shamès,crot
Meta Captive,Perdi
BoboCúm,EUW
IsoIo,4596
Schmichler,Dusfe
Mischamon,2803
BornIn,123
Horio,GNAR
TU TURU TUTUUUUU,BARDO
Kuroki,Maya
KC Della Robbia,Lyoko
FAT AND FURIOUS,BOCAO
Shunrim,EUW
Ramos,007
Next Aiming,EUW
Scorpion,030
SpaceglideInSaab,1337
kar1N,333
OMW Kage,EUW
dadidos,dadi
Slicee252,EUW
watter,EUW
reaxons,EUW
Kvick,EUW
Crocker Rocker,Timmy
BgG JayDee,EUW
Chυjowy dzień,Znowu
Scuttle Crab,gulpo
Mitchy,9999
testa,fent
the flaming sea,8945
XQV,00000
бели кошка,ilysm
The Aura Player,2997
Et yo,EUW12
daydreamer,555
QueenShiHuang,Hao
FAKER IS CALLING,ALLO
stópki Briar,CWL
Kol3ga0dJeb4nka,ROAR
Bobek,TOP
Eternal Winter,snow
JhinTopXNoTroll,Trxll
ｋｎｅｅｌｆｏｒ ｍｅ,ˇˉˇ
tawui int acc,Tawui
CompoundUTG,Lemon
toyota gt86,8686
AΞZIR,6XR1
Ruins,Ru1ns
kubix new champs,king
AlgerianMan,DZALG
Śrubokręt j60,gryph
ELOBOOSTXD,EUW
Lord Djungelskog,9063
Lieless Huron,EgO
IRON ACCOUNT 002,EUW
Gold Hands Midas,EUW
Yaourt À Boire,YOP
Borat Sagdiyev,MDS
Murdoc Niccals,ENEU
69420,5461
I Miss Her,R4iju
할아버지,SAD
incredible,glory
Halox,Star
FentPlank,XDD
LOUISGN96,EUW
Styropianzdyktą,HAHAH
Ameneiro,PKS
Femcel Jungler,Foid
Agni,777
Subaru,EraKu
el pepé,1900
1Kanimani,2022
dolbaeb,ANTW
Soraja69,EUW
Zina,cat
AhrensPath,EUW
hKT1TkXi4Mc5f3yX,EUW
azereza123,EUW
ReBoO13,EUW
fra,1337
SteelSarrow,EUW
Most play champs,EUW
NIC0LAS SARKOZY,SHTAR
Starky,Clown
Doudoupizza,EUW
Doudoupizza,EUW
Idirzz,EUW
Hawkk73,EUW
Kamciø,EUW
Spænd op til lir,HejB
pasholnaxuj,1447
Chimey,EUW
Lune,EUWWW
Ohelalke,EUW
TheAtlas V2,974
HLT Osmonkey,HLT
limitless,7873
ElGeus112,POH
Asker,ASKR
tartibite,Kirk
S0kka,Gaang
ElBlobi,blob
fojol,000
HIP Menerith,HIPe
FonsdarAllTime,EUW
Zodra,Zodra
Yoko ツ,GUNNM
gamesense,prio
Bao,TSC
Gothia ,EUW
fill account,030
Shezio,EUW
ƒłash,EUW
WandAndWill,1010
MarcoSolo,12312
Jasserson,EUW
reykudo dark,EUW
Szerko,EUW
TONTON YAZIID,EUW
TzanhU,5988
Miami Beach,EUW
GallopingSumo,EUW
CrazyFool,EUW
OldFartKnight,POOP
SHACO AL GAIB,9710
Rasab,BOT
fred,037
Kiemenlord,kieme
gargoona,CBT
Tiger,孫悟空
1RANK,7103
Perełkowy,997
Sly,faker
十11 16 11十,xddd
Setter,King
Blue,west
HATEFUL DÆMON,2x0x2
cmapxknr,EUW
ADHD AND BBC,RANK9
Laz,GGZ
Restove,Fall
Faxen,000
6PEK RENGARGUIDE,Mind
ben là dinde,pro
HXZE,EUW
Charabanc,8688
333,NGE
lenteveelzon,LVZ
frisk fade bror,EUW
MarcelinaHi,kaisa
DiddyJones44,did
Super Boogie,GAREN
TornBiceps,KSMR
mr gooyz,woman
喰進化,kuu
zlmklb,EUW
Osilius,EUW
铁木真,Khan
elegy,321
teodorowych,EUW
GoblinEUW,4242
lecrafta,EUW
Omn1te,EUW
pepepepepractice,9524
ksfsdfndfgdlnkf,EUWğğ
TLMP,TLS
M4dShOt,EUW
Xambor,EUW
GODS FINAL HOPE,EUW
Xatares,EUW
ballew,1337
Lurox,LRX76
Wrath,7SIN5
SoulOfMemory,HEART
fresh tilapia,EWW
ImaLøvelyPenguin,Pengu
Yarz,EUW
Waka test acc,1903
GetMeOutAsap,Plz
Tyrox,54321
FT Kram,miaou
Jacob2712,EUW
Fasher,EUW
Britecore2,EUW
LO SIENTO WILSON,1x1
xLighTTitaNx,EUW
TheHypfire,EUW
Großhammer,MILFs
Kassiópeia,SNK
Picks Is A Nonce,EUW
HeizungAuf6Alda,EUW
Luar,laL
MeiFeng,Janna
LaPoopsy,EUW
ArresZ,EUW
CHAINSMOKING,CURRO
Savęm,EUW
Amaranth,AMA
MAC BAKARTHUR,2926
Makjeel,EUW
Not so hard dad,EUW
Ephemeral,Toff
GODFaKe,EUW
cNE,GOD
LZide,Arise
Anbe lol,EUW
Alsheimerdinger,EUW
leonhenn,0001
InappropiateName,6967
Miph,EUW
Aer0darK,EUW
Atmblasto,EUW
Kultsipuppeli,EUW
Splunkie,EUW
Tropical Panda,EUW
Glöggen,Jöbba
Mimsky,EU1
Själatornet,4242
HubeyuevM,7283
catchthesehands,6996
HAZE III,1225
VERDICT,MAX
21SAVAGEWHEREYOU,FROM
Zix,Zix
Nyancosensei,97057
Apou,OKE
Warma,chine
ƒx  ƒx ƒx ƒx,ƒxƒx
Macarrón,4feit
VALORRR,idkma
Charm my way,FOX
TwistedSanya,EUW
sdfgl dsfg,EUW
era,ups
darknightxjgl,EUW
Cetofox,EUW
Lodhice,EUW
westside,15007
Astrosine,EUW
Speartanyahu,TWIN
ZENN9,KING
RankUpWithMe,EUW01
NgaOverlord,SWAG
†,EUW
Nochatonly1v9,inv
vitorov,enig
FIRE MAGE,COMBU
mostra,rito
Boye,REDD
blue velvet,smktv
mdyvipy,EUW
bittersweetfruit,017
Its just A dream,Snow
Vessel,1000
fortnite enjoyer,rank1
WebosCortaos,Webos
Danitho,stars
1WAYTRIPTOGULAG,KGB
FanKaseko,lulu
The Zaun Golem,EUW
Dashez,mrktz
ad player,cr7
Jinxy,Jonxy
Vel koz du lac,EUW
2 Cs Per Minute,2cs
Tilde,meow
KC Kawa,1234
missing,okkk
MiseryBusiness8D,EUW
Next Skewmond,Son
Tsyphir,EUW
bacardi redbull,EUW
Oss1an,EUW
Akaza,arise
比昨天好,EUWW
swanky,9945
Polaris,CSX
54 TIMBAS,EUW
Linkard,006
Zgigou dla calle,EUW
Mandarinkou,EUW
Huisbaas Bob,Bob
Andros 03,EUW
123,GZY0
Cry,FF15
Umβra,EUW
noelleknihcs,EUW
the one and only,shrly
NebuR00,KATA
jkillz03,EUW
G2 Danxer,EUW
Barham Sálih,EUW
Plumeau,CAT
2inflated roles,spjgl
Fhii,PEFFO
HARTGUMMIHAMMER,EUW
CallMeGodYT,EUW
Raevan,123
CloudyThunder,TXC
victorelmenda,BvV
Team Prepa Segpa,EUW
GIB Edvini,GIB
Rebornc,ADC
Kazwa,EUW
Theorik,EUW
CS JeSaisPas,EUW
high,meow
OnionShake,EUW
FaeL,4649
eilohalo,EUW
AiriX7,EUW
Anove,MLN
Mysterias,EUW
Odisei,EUW
Built,2609
CJA IeattheGOD,EUW
Charlie Quirk,MHA
KaioKen x11,EUW
spank me zeddy,EUW
BsL EasYG,692
gugudan,EUW
xReedale,HDA
XdFancy v2,8345
Cladz,EUNA
palidina,EUW
199cm 98kg 21cm,nays
Tea,True
visor,EUW
Kuroi Tori,4015
RodrigoM,EUW
SG Sprawl,EUW
Xuny,5691
Yzex,EUW
Εlement,EUW
chiqueusedetabac,EUW
Christ is Love,EUW
Kurt Cobain,1v9
Ip Màn,EUW
IS16cf3406f6db05,EUW
Leenus,4392
Kobi,lol
Mecki,001
B0o5teR,EUW
merixi int acc,JURNA
brnn,BR1
Nude Project,26333
zxvaxasdx,EUW2
SMPSKINHEAD,NICE
Mutxuren,2397
seneca,7776
Pustoy,1111
Daemon Targaryen,Gold
NUCLEAR GYPSY,LEWO
Teloub,000
Alezy,EUW
wyburzacz,BUM
nartinjo,GREY
nothing new,zzz
fukurou,xdd
HK Senga,012
zohab,37083
Knuterngamer,SPURS
tomerbir2424,EUW
qq777x99ppwe33,EUW
ripped,irl
shes my collar,lux
Zed Jin Woo 妥,ARISE
cactus ven,1505
Crysis,IK9
parkour enjoyeer,talon
Bojan Krkic,PRMQ
Akande Ogundimu,TALON
9 shaco,EUW
NoChαtSorry,EUW
MEPEK77,imRAT
barbo5500,EUW
adcwsqdhfsdhqsd,EUW91
JUGCEO,EUW
Raviel,nox
ShiShi v1,EUW
410 Gone,HTTP
Swistakov,JTCNW
Lisan al Gaib,lugi
i inted so hard,EUW
SuintilaX,EUW
Warsted,2018
GuardiaCivilESP3,34432
Mαsternαb,EUW
Pastysnail63,wow
PoppykQeK,EUW
get Anooped,ZAZA
Qnoxs,13324
daTeacher,EUW
top dmg btw,6969
xMatiz,EUW
GALA FROM TEMU,ome
b0mboclat,pero
SKIBIDIRADAR,Gren
ΖAZAR,00001
Rocket Raccøøn,EUW
CHO mannen,Swe
Wiouks,1414
Félix Tshisekedi,CNG
tradition svp,EUW
Dragon Sin Sol,EUW
Digidoxs,EUW
Boobinuggets,EUW
WillyWonka,Billy
Do Bronx Charles,EUW
Paxii,EUW
FORTNIEGAMERIRON,8135
Angel,Anon
Actyc,EUW
jojuda,EUW
Franklin Saint,0905
Ranzhh,EUW
RUBIΑ,777
F A L L E N,JODY
dav1dismvp,dav1d
Bretwalda,Bret1
Zigali,EUW
strongside,9461
bilibili7777渔不沮,777
UNCLE EGO ,EUW
calmness,18182
Hans Landa,6Mill
QT Shinsari,ionia
LatripleC,EUW
lmaoborghini,EUW
Dany Baboon,EUW
AkhyTrump,tur
From B1 to GM1,EUW
Devious Teru,big
Scuttle over Win,EUW
Lgc,EUW
Chess addict,Diana
Heroic Pol,POL
Dan,4299
Romao,666
harez123,EUW
Aiyn Skriban,0499
bouletboy,EUW
SportIehrer,EUW
Japsarn,EUW
ANTI ICON 666,EUW
TomHutcher,EUW
The Freljord,EUW
Milky white,백일몽
SSj Slayer,EUW
Mettmann,EUW
Spøms,EUW
Endymion,BCN
AresU,OMEGA
ippipS,EUW
Iso D,33333
Tingus,goy
PaNNix,EUW
hattori,ева
xnnxx,AF9ce
wwarena,0000
intekk,rusty
Schyedanton,4869
snoopsheep,111
Sosal,FREAK
Skillshot Misser,CaNC
Thix,4718
Artige Benny,7483
wadexz013,0000
Ymzrr,4630
Fr33Puffdaddy,topg
Arthas,2187
Ghatpoltas,8037
Puss in Boots,Rank1
Threadz,EUW
Quaker,Xhm
vidim tě couvat,PTK
an7w4y,KINDA
cozy coffee,milk
OggZ,OggZ
zinedine zidane,zizuu
Boosted Midlane,INT
seanbacardi,EUW
aqrtn,low
Jabezlol,EUW
Kaninen,1010
promise,c sx9
MoriXx,EUWW
china1,xdddd
Koji,Aizen
nemanja,251
Kelvindoly,EUW
Tyler Durden,E U W
ZucchiniKing,EUW
rigllalv,EUW
dies irae,EUW2
ohad ben elisha,EUW
Blank Thorix,EUW
h0la,42100
kvepxm,0319
RebeuSympathique,0000
ΨΞΨΞΨ丨我想念她丨ΨΞΨΞΨ,Tαlon
Natcracko,Shaco
Artpie,2603
Четвертый Пацан,Один
Strategise,001
Roi des Fléaux,EUW
OTO4,OTO
SULTAN SULEYMAN,BABA
KevinAK人TarzanSP,AKSP
oh lord,666
Kuno,EUS
Sheismyworld,ISOLD
DavicineØØ,EUW
I I,pbs
Pelas,EUW
PSYCHO QIYANA,no1
sasuke sekai,EUW
EnchanterPocket,Bissi
Modric Shaolin,Aniol
Behind This Name,EUW
Ascendant,Raka
Year of Andil,goat
jodie,love
Trophy,112
tony4presedent,EUW
Noxian,dream
Mavi,TR03
Sheros,SHEUW
louischess,EUW
Morasby,0000
JoséTeixeir,GORDO
poobnshid,poob
ll1w,2332
eXtRoyer,CTA
Tzeenht,EUW
Fürst,0001
Dextrolimited,EUW
DAILY KOREAN,EUW
TTV Denisiss,EUWs
KKelion,KEL
12cs min,EUW
MOUSSIBA,FORT
bossie911,EUW
Maxala,EUW
boyam,EUW
ケビン,K E V
Janna an Willump,RAT
neeDan,EUW
Rei EptseIn,pump
Fedores,EUW
niqi,niqi
Echoes,1965
Dubsos,EUW
StupidFatHobbit,INT
zor01,EUW
Infinité,7777
Sikorsky,EUW
Mimi,1604A
Xiaomao,cat
Raj al Ghul,EUW
Iam Exiled Angel,EUW
uda97,EUW
Vanessa,uwuw
regense,EUW
brixxty9,369
Incarnation v2,EUW
lolloashe,EUW
Froxyloxy,1337
Cerx,Boss
Extreme Veigarsm,1337
B3xxZ,reckd
UwU Magical Girl,1504
Dragonflame8,Nunu
NerfRangeTop,ZZZZZ
OrGKaluSRB,Reign
Wet Dreamer,WIN
人间小芒果,1102
ULELELELELE,MIAU
SoLucY,X0X0
Trathangaro,2073
Betteynnisai,1386
Yvan is Fishing,Riv3n
litlebruh24,1337
Deh,000
Shiny Sylveon,Sylph
Shiny Sylveon,Sylph
BlitzU,AKALI
qqqqeewrq,xxx
Azyozu,12345
Kaczka Wannabe,SZEF
TOJI,Rank1
BlindBoyCarry,EUW74
Первый пацан,спорт
Westoider,EUW
gapthus96 TWTV,Jim
young leosia,EUW
Midlane Enjoyer,jngdf
Mæk,EUW2
Chechen Ezreal,QQQQQ
Colonel Nik,EUW
Fresh Thresh,hook
rien,lol
Islatos,EUW
Ulqiorra,04XX
Elbird13,HINIK
for Demacia 7,EUW
twtv tmukk,0717
imˉnobody,999
Sakuna,kingg
Lily chou chou,14455
B1on1c v2,EUW
Yuri,BLOOD
laheeb350,6553
트위스티드 페이트,Capy
CassioFeetsDream,EZPZ
Trinq,DIO
chrollo,511
Early Access Boy,6969
CookSucker,lmao
MOGGER,raffi
DaggerAbuser123,3685
Fr4ne,EUW
Dishwasher,9000
THE BIGGEST,MAW
Ayatollah Necimo,zugu
Moda,999
Lokum,meow
Frizko94,EUW
ItsPink,DMS
Infernaldevil,EUW
Senpai,sBACK
Delaøssa,MEOW
MaelLunas,EUW
Miraç,EUW
zAeth3r,PKS
Toilet Gaming,77777
TTVXavertseltsam,Mr X
Kalypso,2222
Zem,UWU
Lewis,Mommy
Born,B0RN
TherapyNasus,STACK
MK Donkey Kong,KONG
ifiddlesmallkids,EUW
Micio Undercover,EUW
FastyGames,EUW
TV SaberMaster,EUW
Warlord Azir,1705
MateloX,EUW
Panda Grimpeur,Panda
Tragjic,EUW
TopGgggggg,1233
AbstractlyExiled,EUW
Pakka,5300
Kaidokii,AYNOX
Duskan,GCS
Manatee1706,EUW
Chris Hemsworth,SAIT
DarkShiro,EUW
ZoéFeetEnjoyer,Pieds
LEVOLARD,EUW
Capitaine Usopp,EUW
W00 BACK BABY ,EUW
Astra9402,7556
NoAimbotIPromise,LASER
Virtuso,4444
Jiji763,0763
pétfoireux,2009
Fiddlestokkies,EUW
Kichobergine,EUW
PocketPie,EUW
AllEyesOnMe,4212
Luca my senpai,4519
Greatest Tiara,1303
JrAllstarKing,EUW
Kampfoli,EUW
ThePhilosopher85,EUW
WnikoW,EUW
SenseiJürgen,5672
hastenland,jhm
UziHao,ADC
NoFreakz,EUW
Rin,6274
Kölsche Rhein da,KÖLLE
naremeto,EUNE
naremeto,EUNE
IIlIlIlIlIlIlIlI,9533
lofee,top
MDBfinalforme,LPS
ur fav Doll,Angel
STRASSENKRIEG,2006
Kneel To Khalash,Golem
raindrops,bleh
bomba,3uw
irci,46876
Morio,DOG
cmaz,tdwsb
PERDIDAMENTE,EUW
sladkih snov,MD1
NerVer,1511
Gwen is Immune,Edged
Setsunai,悲しみ
HELLBLAZER,00666
Divider,DNA
Hayaku Yoru e,いこう
Hawkish,cba
MiRaEl,777
Xerath Machine,00000
sleep dogsh,lill
theprowTop v5,EUW
monster int acc,eprod
WXscriptL9 IM 14,euw2
nata enjoyer,000
한계 테스트,000
RumpPumparn33,EUW
Sal Terrae,MIDIF
lzobopbm,EUW
κεκπω,EUW
Yuta Okkotsu,00002
StepByStep,zaza
ifwquadasnxda,top
glarmo,help
Boneelo,EUW
Kamina,EUW35
neo the crack,LOL
EUW VILLAIN ARC,Zyzz
MaRco,BVN0
STEFE ASIGIM,YIKES
TTV Anix,NULL
lutino,7518
The Crow,Dead
Sentrize,MONEY
KahveKurabiye,EUW
Borgmesterpik,eww
itegav,0479
AS3MP Hyp0T0xic,EUW
gødBrii,EUW
DiarrhéeMatinale,HFG
WFH,EUW
SchtroumpfDu93,BONDY
W2B Baked Beans,COOK
TATA ET SPATULE,TEFAL
AD CRYING,SADGE
JeSuisUnDaftPunk,RBT
Hrasta,1905
jesusgaztelu,CCP
ad fiddle,stick
Snabba Stövlar,Arla
Yi ıš łıfe,EUW
madisson,EUW
Maisa,KAISA
CodCat,PACHI
Avaruuslassi,6679
Dank,BANGS
CHOI,최성혁
Steven42,FF15
ETEWI12345,EUW
german Zeka,EUW
Enswhirl,ENS
Pimmy FanBoy,Piwi
Depush,EUW
You Want Sushi,EUW
Hi im Bellos,EUW
Adamthemidget,EUW
Seau de mollards,1404
Wendiigo,Set
alegrimiki,EUW
Mr Albuquerque,74652
Century,2014
Lumpiness,HARD
Zed,WRTG
lginio Massacri,EUW
Sanjicobo,EUW
El Señor,ÄsFig
BÊTE FÉROCE,2929
Shamo97,EUW
MIGIE2,EUW
OLD RØNIN,SUPP
JanerJoestar,EUW
paftousec,333
BOt3RETURN,EUW
død spiller,KOM
HlCHAMDELAPUENTA,EUW
El Señor Cαrlos,EUW
Skytten,4x4
The Legend RL,EUW
N Untouched,Bro
RoRoNoA 72,EUW
Guts,4683
Luffy,EU555
Adrinay,EUW
LudaxX,1221
Cutz,EUW
eb and flow,nami
Sazme,EUWW
not Blitzcrank,EUW00
Dopamin3,00000
yugandapao,ouo
PorOnly Fans,POF
IWP Enes,1655
Xtonanaspel,5818
robertsol,OnTop
Trouble,DDXD
xToni2000,7542
chill guy,129
    not txlented,EUW
ArmaGhedoN,RENGO
Sn1per,1423
Malibu,KR2
Goatimus,MAXIM
Melancholy,Dizzy
Ardartrin,00000
YuuT4a,2211
Viilyas,9588
sgbfj,EUW
Ulfrynarrie,EUW
XiJinping1v9xD,666
ZUBMASTER43,msmen
skandaali,bbc
Defender,LOSS
cutest flower,uwu
Frieren,FY40
Safeeer,961
Kaizel,Spark
Zenith,omega
braxz,2311
yuanami,2004
Kelthius2019,EUW
yDmDArcher,EUW
H0ursz ttv,ttv
BREACHER MAN,EVO
Xinedine Zhao,nifty
Svensk man,EUW
VOID blank,30099
Raumdeuter,331
QuotientGroup,Math
bigMo,NORMO
FFA Jasse,big
Pick Up Artist,NA2
COMAZEE,EUW
BOT Caitlyn,CAIT
Tolie Montana,EUW
Gomche,EUW
Albion,JGL
Mounir,000
Skorvo,B312
Σ7 x Ψ n,EUW
PSOEabalos,nini
To Be ADC X,ADC
DEOXYS,RUBY
Pratchique,EUW
paolo ruffini,DOWN1
benjamin7a,EUW
Gertrudis coñín,PEPIN
Hoka,3135
Derthsin1,EUW
Noblesse Oblige,NOB
Sinner Mental,GOAT
PATHTOBOTWEWIN,W9w9
crb1,EUW
ll Xsicari ll,EUW
Yubaraj,EUW
Azotenn,TARZA
Boubyzz,SDF
Maritjen,EUW
SirSpanks,7797
BaBaReiSs,EUW
Dr Brey,EUW
DREILIX,000
TexasTheOmertosa,2405
Flosse,EGG
tefal,9089
RaT Patrié,EUW
Kazarow,EUW
Le Clébard Puant,EUW34
Bjørnen,Bjørn
Kouèn,EUW
MrMaligno,EUW
Becomin,0530
Amazhonyas,EUW
Jozo,4086
Maestoso,EUW
Brosiatlei,EUW
New Bastos,CHILL
Fin Heureuse,SAID
Tîkwi,EUW
FOX DaHo115,FOX
Mirage,AKA
FSat,EUW
Aozhar,8406
LPOTO TOTO,EUW
BlueB33tle,Varus
rrtyui,JPN
NOT Afraidd,EUW
Snitzel1,EUW
ISnappedThanos,ISNT
alopatoun,EUW
Marvin,snowy
DROOLING DOG,EUW
borisssv2,EUW12
Meleka,OBO
Origini,OKAY
sunshine4u,EUW
delete tanks pls,EUW
Gallade,1028
тёмная ночь,MarkB
bxtlxrd,EUW
C105C4,1053R
Hammer Arm,EUW
MisterMuntash,EUW
mayd,zzz
Aznef,EUW
GOOPINTHEMETRO,YUH
DHL Sh4ggy,WNT0
megaalsana,EUW
安格玛巫王,GRG
Tigelinha,EUW
A Ia Cruz,9816
Hmpfz,EUW
mexicaneren,EUW
Headless Nick,EUW
Joesenf,EUW
The Damnwell,EUW
Fuzama,8832
Ryoxi,EUW
052 Libi,NFZ
APL Maaarccc000,SKT
LeChatRené,EUW
EWL Stromnetz,Zeri
MZP Tobi,BOB
ZvNico,EUW
Zekkei,33333
MultiDuffbier,EUW
Mamba,3977
imaboostedpie,EUW
Nephø,EUW
no pos attitude,EUW
DinhDung NO2,7321
Arrma,EUW
Aphone,6582
Outlook,MSFT
Moon Lover,yoko
Gill Baits,orwha
EZwas,EZW
tempmztdsjblhhfq,EUW
Tozter,EUW
ashes and ghost,EUW
Brotes,EUW
Ryouw,EUW
DasBakterium,EUW
nR Necrox ,EUW
Fredrikos,EUW
hate,mysel
Jungle Willy,1234
AkaLee sin,EUW
BONESMASHMAXXER,MOG
Freyr,VON
Im a new Player,EUW
toxicANDRE,EUW
Saj0,EUW
Vanity,748
Chogyam Fingpa,EUW
got the reset,EUW
CroFilip7,EUW
Snoower,EUW
PoulpeMalade,EUW
Tilidin Thoion,EUW
Stohl András,KING
Koalachan,EUW
Lose is win,DYGOD
Kayzene,EUW
BigPapaTF,ZGW
Rysu,200iq
xxx,stark
TwTv Vantalol,kassa
Edwin VanCleef,Mines
uMut,5612
Minik,SZEF
ttv TheMickus,Senna
Angel,x33
himejimastyle,stone
Basorexie,777
sozan,Pb95
Scry,EU1
Fitel,varm
ryzemainhelppls,9694
hamsibaba123,hamsi
Chaozz312,EUW2
Happens,XDXD
천둥신,789
MAKE OUT HILL,66696
Mel,1811
AuroraVortex42,LKP
Geredustybie,1757
Mageblood,Win
Radanise,4722
Vietnamnumberone,DE1
Under Your Spell,0003
storas nevykelis,668
Stgkid Smurfer,8686
Raiich,e u w
Mikasa Ackerman,Scars
The 13th General,Swain
SundstadProperty,slav4
Maimaterley,7888
Opreshol,22313
StojęBezSpodni,123
Jákob Zoli,pénz
NOSA ADC,CLIC
Sisyphus,roam
lllIIIllIIl,IIllI
reshiram,EX643
monk mentality,nofap
EvilCat102,EUW
OMG LA TOP DIFF,EUW
ILOVE CUTE GIRL,FESSE
1v9 MAXXING,CARRY
xonytal65,EUW
Gloiresey,EUW
Sandkuchen,Briar
vprjklimp27zwx,寒冷的
PozdroPLPozdro,EUW
esclave 2 lyllia,lyly
CoolaPandan,3296
Sobaydo,EUW
lookawaybzbxzb,kaja
Lvl 69,Top
kenmo men,EUW
Endless Pain,KNOX
LM10,ЛЁХА
Kazhël,2512
Toyota Camry L9,EUW
AarchΦiend,666
Anna Lizmoi,MEUF
plutoone1,EUW
Nothing to u,NOTN
Niki,3160
IHAVENOENEMIES,THORF
Veszi,LOL
Endrick,EUW
halfman,imp
kaselo jg acc,637
odorikominji,bunny
Swampkek,XRIDE
Kuroyukihime,editz
WeCarryTheFlame,Krk
Aldrakir,Daik
DJ Toenail,EUW50
firetruckboy16,ftb16
oompa loompa 5,oompa
宮本 武蔵,1701
MARCHE OU CREVE,EUW
kite machine,66010
Justice lllll,EUW
Bonwenci,EUW
safe urself keep,Nick
Jamayaphay,EUW
Uslamlama,EUW
FromSky,000
BokPoy,POY
cléo de 5 à 7,hya
MarbleLeChat,CAT
DRIVE THE BOAT,WEST
Senyx,fnpro
KingRammus,1337
Yusei Fudo,YGO
2Pac 4Ever,hitem
leumas,YNWA
UNSEEN SHAD0W,EUW
Oibirt,EUW
Asii,EUW
NIGERUS MAXIMUS,424
SwitchBΙade,EUW
mich,1111
anticomunista,CAP
lanolino,4967
Jet Black,3D2Y
Mathis20050316,EUW
Drilleur Drillé,ZaGaa
NirveLIII,EUW
IIIllIIIIIl,IIIll
Akaza,Alex
eigengraun,8134
syeu,syeuw
Larry Lubster,EUW
NovaArjun,INDIA
valtr,helm
SP Cruz,EUW
綾小路,42069
ouaiscgreg,1667
the 4x,EUW
DocksDXebec,saras
TREN FIRST CYCLE,00000
firefly,313
into sub girls,z3us
Herr Winkla,Daddy
Will I Carry,MMM
jhinotreliarhs,4444
Ruxo Bacano,YPY
mUSandy,EUW
ErikAnimation,EUW
1Kekw,EUW
Javialb34,EUW
tsukisan,EUW
处境尴尬,meow
HarrietzWs,EUW
dopnamidu,EUW
I take all,EUW
rFnOChasel,EUW
Nr 1 Nidalee,EUW
RolfesDuWixxer,ULLE
Leo,Echo
Veigar,7594
Wedge,1204
DontITouchMyADC,EUW
Mentaalne,EUW
çèéêëìíîïðñòóôõ,EUW
kissme j,EUW
Seeds,SAUCE
OLPA Porazon,JSC
Saint Malala,SNT
pRosalin,EUW
balance champion,EUW
LUlS RUBIALES,EUW
Ailurus,help
ToastedPilotOW,42069
Čěpaň,3974
Sajmi,pero
M00ncrewtv,East
Darky,Barou
Zyrullian,Zyra
ov3mrvkvt,ov3
HazeRR,1907
Arkaham,002
Torlaine,SGE
AXEOFGENGHISKHAN,EUW
Akia,2316
Pepeczko,EUW
387,kvc
魔法lulu,777
Sleten,EUW
Drukaz,587
softboy,nyx
jg gap simulator,1vs9
 PhantomLion,EUW
JaniceAqua,EUW
end,0004
Stopa,567
Nuniri Nunira,huh
buff vlad pls,001
Morello,ello
Hydromel Abuser,EUW
September,5683
HoudiniSpatulini,999
Loiku2288,EUW
Megumin Full AP,EUW
Canami,EUW
Vendetta,dz1
Howling Ghost,EUW
Vacthos,GOAT
Sandmann,bomba
Majin Buu,SvL
Gros Bzeur,EUW
Αddi,EUW
flash070,EUW
Jonsemann,000
Gweenblade,5997
grisis123456,EUW
Edeltechniker,Can23
小风风c,wind
Goldenorange,EUW
Unaveyleable,6020
Lil CiccioPanza,5427
Maxi,0913
TOCARDOS,NIK21
Ð E F Ξ C T ˇ,EUW
Surcea,EUW
Fernweh,EUW
Katsura,Ozura
Kloakri,WURST
Travail Ö Black,EUW
KAIXO Txisposo,KLY
IamAlec,EUW
DurzaSami,EUW
Unwieldy Joy,Nilah
SilvaPY,EUW
Resarix,EUW
قطوة,69120
DarklionHD,EUW
UH Lantze,EUW
Cörin,GOAT
DenD3rty,EUW
haha bird go brr,EUW
Streetleet,EUW
Gnom xxx,EUW
Charlotte,Yeung
Lars,MUC
Yûrner0s,EUW
Folyqa,EUW
CPY Ledeviant,1234
Remurin,EUW
0RyaZ,EUW
Valleta,EUW
MrClisti,EUW
Fifhrif,EUW
Checkers,GOAT
Koodrax,EUW
OWire,EUW
Stezi,EUW
wither away,809
Serzh,110
TopLanePeasant,Top6
nemaku spelet,atdod
rnwl,majka
7mada bezo,1v9
BetterCallSol,6969
PAiN HATE SAD,ETERN
偏执狂,111
Britney Spears,80085
ciel,janna
Satoru,734
Twisted Fesses,ouais
Jogo Bonito,PERU
MAOKAY,974
StillFantasy,2024
KataYana,C4nr
095,000
DRI 2 S,EUW78
keithormore,EUW
Saso,JGFR
NadjaVratiSe,EUW
Telchuk311,telch
Cersy,RANK1
Freekyll,FREE
psl god,xdd
Freddy Driller,LFT
FLAWŁESS,KING
Happy,EUWes
thelw janthia,GOATS
Pls Human Jg,EUW
M7MDMQ,MQEUW
Blouly,BLOU
ChiLLeben,EUW
Ansoniiii,0000
Djéro,fouuu
Onnisanato,EUW
Daag,EUW
Next Canna,19111
damsko91560,binks
Dog Ningen,Rex
Wiseman,FGA
Japidi,Hepha
Alonzo Balmasqué,EUW
NenoLoLNENO,EUW
Priad,EUW
handless kitten,914
Elloy,KING
Vonhole,8828
1lov3redheads,OKKO
PheoYT,YTB
follen,EUW
Geshu Lin,ARISE
MaNa,123
lolhahahahaha,123
AdrianoVX,EUW
Miles,JDİ
Kim Lip,OURII
feαthers,235
Yesche,EUW
bald phreak nerf,jg3
Bouffeur2ParChoc,TUTUR
w3nii,999
thejunglelane,EUW
Deeet,EUW
Brex,CARTA
Slylio,EUW
GINT Fabi,66238
w32323,113
BHM LaBrother,EUW
Shamer,TRK
WP Slimsnoker,FLEXQ
EggWard2013,EUW
Vieux Briscard,HK88
Roooooooobin,EUW
KatseyeManonDiff,TOUCH
KatseyeManonDiff,TOUCH
XDaymond,NOB
Am I Philosophy,EUW
ShamiraTalavera,EUW86
Trizzy,PDFL
C4TALYST,EUW
Pontiff Sulyvahn,Gael
Red ßull,EUW
Tah LaitPoke,EUW
Yasuo,EQFQ
I want 2 sleep,slep
iKent,EUW
Pinut Smurf,EUW
Flox,GOAT
Ito,LRxdd
Prav,EUW
Brízz,EUW
El Hero,Alg
Nam,Bruh
Doutor Profírio,EUW
salam3che1,142
Shapeshift,EUW
DrJägerbomb,EUW
HACE,LN4
BRiNiS MaStER,EUW
Aelrond,RIP
Kayron,ZZZ
RiftQueenVT,kled
KC Sissou,KCORP
Kylart,ZOE
Yomogi Asanaka,EUW
ttv CollionLoL,SUBYO
Jemangedespates,EUW
Tiocraneur02,EUW
Zekrom,Rift
grozzinho,zz1
ı з,ı ч
de morte aeterna,十 十
Sekashi,uwu
KemikKıran,FKLLR
rank 1 sam,6262
Landameadeny,2371
catDespair,fr1
poöpfart,poop
Nesyayser,7170
Metro,Wind
Финальный Аккорд,Music
너 자신에게 집중해라,1234
shadow,mena1
PIXELATED KISSES,4242
John Rat,gwn
harman57,7772
Tilt mee,EUW
C1 Yone,EUW
got,euww
Globox,8888
EL BROCO,BROCO
Krallixxx,EUW
never streSS,271J
wod1,123
Bussy Smoocher,EUW
mzqrl,EUW
Fox Queen 老婆,Ahri
spllendid,EUW
Hirschmädchen,Сutie
reformedchocken,EUW
Gugugagaa,adc
xXx,DRAVN
Nicolas Simon,UFR3S
Wapode,Black
TurkishMarch,TR34
Arverr,EUWW
Diahane,LAPO
nullscapes,adc
Her Jester,4real
guelulz,EUW
tg menfou,boiii
Flawless,4679
TifnaV3,EUW
N1 AP Kata Hat3r,ADKAT
FiolentVisting,SIT
Scap1,EUW
Matissv2,EUW
Fortier,EUWWW
Asian Vape,HIHI
Reformed,Peac3
TREN 2ND CYCLE,11111
Fredusan1,EUW
Komii1,EUW
emisalya,lux
Paskal,EUW
Keyboard Mouse,EUW
Nyick,EUW
Kiririsha,EUW
1MPER4TOR,1VS9
MAUDAL1,EUW
are you dreaming,eu1
Crecrette,EUW
Treadmill Sona,MARCH
GeneticAnomaly,CHAD
Kaiji Ito,XXX
Brakdurh,EUW
lausnitzboys,EUW
maximus358,EUW
lMagjistar,MAGI
Michael Blurry,616
My Clone Is Gaÿ,FRNCH
PortosRL,EUW
MyTeamIsMyCircus,Shaco
HICHAMINHO,000
Riuzaki Kirito,euw44
WøyriZ,EUW
keremMode,EUW
KONePUTKOV,EUW
HUGE Zhangsid,Asian
Cocoon,EUWW
Waldey,INT
Souffle Girl,ZYNB
Alene Og Ustabil,EUW
Gnionbi,EUW
Pao Qi Lian Min,EUW
saped rupport,ivi
Fidi,EUW
yio,eve
WW Usejin,EUW
PayoPuzzy,PAYO
GreatestGOAT,OAT
RetroMaster,EUW
Lightwert,5598
Dj5 Ligma01,balls
vince,nzo
Howson,EUW
Tilli4,SUP
DeenSilver,EUW
Dreamydays,999
Yasai,qseng
bos7uu,4187
Den Tykfingrede,EUW
Jieejiee,dejvu
Marpin,EUW
iSlapNabs,EUW
sandgrävaren,EUW
Valkener,187
Raiyden,0001
Youthful Queen,Dove
helpmeplz,520
indestructible,0000
FutaBriar,ecchi
bidul,bidul
Twingo,1984
aximagas,god
bread,mnmm
LOVECOUR42,PIPIK
yakihiko,YKHK
spectare finem,xull
Dairent,gdeej
Creep2,Smurf
Hexs,Xlll
Nashiro Yasuhisa,1111
star platinum,eu1
Abuss3r,mda
Emiliyeicola,7204
purrpurrmeowmeow,rawr
67enjoyer,666
zabuka,faker
Jeg Lugter Meget,Grimt
PINISLOVER,Nyier
Aunire,EUW
Q2WinR2Penta,EUW
toxic meu,EUW
TRANSGENDERSERA,SLAY
WarriorOfInfinty,mark
Beraxzorg,EUW
Kertoosh,G0AT
I always tilt,9932
Ders,3377
HEXNOR,HXNR
Zeffik,EUW
pustus123,chef
Sukuna1v9,REM
xhz,240
xdd,3986
CondenadoalBAN,4236
TobeyKeats1,EUW
rem,メイド
Jangavasha,EUW
balenciaga,rat
horse on drugs,8851
I SO MÜKEMMEL,555
Random Jngl,EUW
顺飞丶不可雕,2005
Aura Gap,DIFF
PinkFloyd127,WALL
KamiKhazix,Wald
Haxsik,EUW
kJvYjDNoah,EUW
Manenkos,EUW
XxRobloxDaddyxX,6969
Spectral,44272
Mesteren Luke,77777
JariDST,EUW
mAZ3,EUW
Selfish,Mid
Voyo,EUW
CRA FEU AIR 199,Gohu
Sucre,Peace
Phantom,dani
PolarStar,EUW
Aυrσra,1041
Magadi,MAGAD
SchnüffelNorbert,6969
Rengo u Šumi,Top1
Empereur Urgot,Urgot
SigøjnerSigurd,9288
VzBenjaminIzV,EUW
I Fairly,R3KTU
afterlife,dawid
malediction,真打 勾罪
Vinegar,bad
Nirusu,Zoe
PHXGG,STAM
Arne,0000
im not normally,0000
period account,bwipo
flow state,002
Mighty Horse,EUW
max mayfieId,EUW
Jim Warren Jones,EUW
TullaXx,EUW
Rokso,EUW
INK Brunner,INK
El Molle,EUW
SconixV2,VIP
amish mid,GREAT
EiSeí,667
Doppy,2147
Storviolt,baka
Cabeza Oculta,WOOF
Vesatus,EUW
Trafalgar0,EUW
PâTeRîcK,EUW
ZZoide,EUW
Sacame de aqui,MCI
Vespucci,NCA
wojtu,917
Peel Diff,RAT
Gelatin Skeleton,0001
vastus25,EUW
KartoffleSalat,EUW
Liam Gallagher,MABY
Branix,9145
AsianRaccoon,EUW
THIBzz,AKA
smurfkuken99,EUW
Shinchi,KAT
KneelMySon,EUW
PITU ABELARDO,EUW
Schwarz3r,EUW
Uebermensch,EUW
SwissFighterDH,EUW
belmadja,EUW
aljoyes1,EUW
YEET ThaoMai,EUW
Lord Cord,EUW
LuGames,EUW
Raylaigh,EUW
Schrankush,Glorp
DiablosoloQ,2808
Roobiinn,1337
Always bet on me,kiosk
NASTY AND FAT,EUW
Drifty,BELE
Unique Goldfish,EUW
Melar,Melar
The Fizzter,RAW
Bjærre,EUW
Krustybe,EUW
FaiMei,EUW
Achraf Hakimi,21998
Djiya,RU1
Delay,MLA
FeetEnjoyer2137,FEET
Mr Yako,9541
Lookiten,9411
emo stalker gf,scene
Engelslied,CSX
neymar malt,sad
Phantom,dopa
Marcesz,gap
Feed Account,0001
Rakoon L9,DEAC
olizuju kameny,mnam
160503,1628
wme for wintrade,main
Tow Mater,Water
cathahria,wlw
yasko,OSAGA
Clitical strike,Plask
JuStFiXeDmEnT4L,EUW
pochita,BDRMM
pochita,BDRMM
i dond dodge,forsn
coke zero,aaa
FNC FoxMan,EUW
Βones,free
Hunter of ABGs,angel
ALEALEALE,Mio
sybvcnc,EUW
momong san ,EUW
Chalyner,EUW
T1 Ye Xiu,ZOFGK
Dietack,EUW
Yneeddoshasa,EUW
low cortisol,bleh
yADE,BESTR
Quilethadre,EUW
Sk4rnerL0rd420,4630
smol cat,qtie
Rukillon,Rukil
Ðragœn,TKO
Ramzezette,zob
ADC HAHAHAHA XD,EUW
ฒฒฒฒฒฒฒฒฒฒฒฒฒฒฒฒ,cv3l
GougougaGalahAd,brain
phoenixgranate,EUW
BengChaoMeng,Xiao
Sex Teαcher,7777
GOONFATHERDELUXE,COLA
fasdlkfhdafklhks,askdj
SKY,10101
Fistra,6060
SUC  MY HOOK  K,1999
Kaniric,EUW
Pegao,BOT
CL 哈密瓜,fengz
dont ban zed,asdas
IceHound,kitty
ItsBloatyy,EUW
Buff Supp Please,6666
Yo vote a Kodos,Raul
Degenerate Akali,EUW
FREEDOMFIGHTER77,zedd
I LOVE FREEZES,HAHA
Yonko Jimmy,EUW
Ihr Boi und so ,EUW
DIDIER DROGBA,209
xqk,uwu
Bizonek ,EUW
Royal Style,EUW
dailidai,EUW
MrBoroL,EUW
DenSygeGeit69,gnk
lNSlGHT,EUW
Zouca,Libur
YANDERE ENJØYER,EUW
Drag,001
ZYB JolyneKujo,44444
Shinra,GEAR5
Mafia Gami,1234
Dope,CN1
NO MΕRCY,2412
Jussy3,Taric
Noroχ,EUW
Dünni535,EUW
Neosss,123
Steeeeeve,oohhh
Zoner,DIFF
Metapotent,EUW
ZAPS,OVNI
Dyamondis,EUW
SSQ KingCognito,SSQ
Freaky NastyGyal,BOSS
Love,HUBB
DarkSvarvest97,EUW
Łilvin,Swek
Meeps,1337
Myriori,EUW
Azorian,TDL
cold gold,KZP
LastShot,VIVI
Jellay,EUW
IDC THAT UDC,EUW
WeaperZ,EUW
Nesquik de Fresa,EUW2
Chickenrun,EUW
ölemann,EUW
Oignon,MOU
dabington city,fabio
adilion,000
Call Me Loro,4273
Brachuna,7250
LiL Ruler,GENG
Foxksam,MASK
BANKAI,NLJ
Lommetyven,EUW
NEWJEANS FANBOY,EUW88
The World Ender,EUW42
Taay,EUW
Skewdy,Viego
Sasha,XAL
nigelzocker,EUW
La Chenillee,EUW
BiGeeK Apex Form,FEAR
xire,2003
Wrys,EUW
nitro64,EUW
akahiro,EUW
Sarobakiri,Jari
RiseOfTheSon,EUW
SenorChimp,EUW
YzO1,EUW
TNR Zakxy,EUW
Pampi,ViP
BLKNSKULL,BALKN
Flasters,EUW
ANTIHERO,EUW
Lil Phanpy,EUW
Redraggen,EUW
TheArtOfJungling,EUW
JİGOLO,20 CM
150 IQ GOY,WHITE
babylon,213
Sweet Lucy,uwu
Beanos WRLD,999
MissedPotential,GRE
faeker,JCG8
Patrick Bateman,HOG1
Pippo,Pluto
Zagi,EGO
Scott Disick,000
kerioxeopx,1111
tiRxeR,1111
Yamatoo,Endo
Camış,28IQ
glizzymcguire,7924
HAHAHAHAHAHAHAHA,LMA1O
JESTERMAXXING,ZANE
Ardelia,kiss
WaeKaXsT,VIGIS
Kr00pa,EUW
BEZ STRACHU 04,2004
Ethel s  Pet,LGBT
11 minutes away,kyqm
ETO Heroline,TRIST
Giondred,KNDRD
Bila,4125
Ivern,6767
ADGOOOOO0D,7673
NerfDaddyDraven,DRAVN
reformedkat,kat
Moon Pressence,BLDBN
OMERTA CHINOISE,CHNTK
Rose,CQ80
MORPHEUS L9,CPP
Triple T,termi
도대체 어떻게,1944r
이길 수 있다,keria
Periwinkle,petal
Shûya Nanahara,EUW
CHINESECAR400 24,doinb
arshritzeneli,1234
need some value,EUW
Jens Baby,7033
Jackeri,ADC
spirit2137,EUW
pfanuw,furry
Belshir,EUW
Fairi,SRT
ADCheerleader,dalig
xZenexXALT,5809
Yanra,EUW
NØX H0peleSS,UWU
radnik,trud
Alec zhao,Alec
QiyanaƒutaM1lk,HUTAO
y u,幽玄zY1
Steel Balling,LIMIT
Tommy4Rosario,IMP
Zippie,Qnana
ƒana,EUW
GraT Senti ggt,666
ChàngTraiTháng6,EUW
A Pedra,4269
Pebo,0001
i love my gf,Hava
Jarawa,Snek
Zaars,ZAARS
unemployed,lolz
Ýurina,Pog
ShadowLegendC,Ionia
NEW CALEDONIA,EUW
Yiroes,EUW
Mid Conquest,http
Cracot,Pixel
Meinya,EUW
lmu Nerøna,HIM
Mathias32,EUW
Jeucobutz,EUW
Gato obeso,GATO
AssumptionPlatit,EUWeu
HHyIRaa,EUW
sergijoe,EUW2
PoolguyGarry,1950
Kanda,ZOB
clayrats,EUW
LostSanity,IRL
I Make Business,Thorn
DAYUM ADC,EUW
fuzzer pro,EUW
Shinx,420
Brucs,UDYR
Snoww,4444
deafen,calm
ICEBLUE,11712
BomBa1,EUW
ne0,00001
Facking Luigi,EUW
Brakaros,HxH
My Little Ponyy,3442
Ashborn,Shen
Win D Blazer,000
amiro756,EUW
Tiranilus,EUW
Kiruta,EUW
Vâvafr,EUW
dopamine,dawes
420 Flay it,EUW
SeyZo,bête
Vencedor Op,EUW
Ulni,EUW
Codostre,8278
Shâdôx,BWA
FuryKaiser,DAWG
Kramsito,fffff
Zidda,UwU
Suuhna,EUW
FlayverSaver,EUW
The Pirate King,EUW
AJ ElCo,EUW
Eleos,Btb
ASP BlindFormat,000
Zboobyboss,EUW
vloetjes,EUW
Mangolonkero,EUW
Loricko,UEW
Valdos,EUW
OmegaSpeedmaster,0000
Frενyα,REV
Tarraa,LFT
Barligno,EUW
Minka,1010
FamousMan,EUW
GoT PanikFreak,GoT
SilloXI,Sillo
Kenadi,BTZ
Retro,SWE
twtv sxmsylol,999
开局爆张德莱文,zzzzz
Agathian,EUNE
Assassadin,911
Soul,42425
Miss Fortune Bot,MFB
o kakos noe,15235
Zainspirowany,RGE
adads,5555
Kraz,013
ChickenAkshan,2233
nevermore,33333
Kostek,Wielo
Rotaf,KİCK1
Living Artillery,alz
CanDemons,RWS10
LSM Alone,2545
Bojack Horseman,yep
Evelynn Lover,2004
Obélix,GAULE
Siwel,UK1
Tsundere Intar,humph
Azaazel,SHYHD
Wouxy,okay
DANGEROUS MOOD,ASM
darktemptation,BSWG
Lukini,JUNG
HyliINTssang,GOAT
LULA,PAiN
Dechsa,Kai
TNTN1,EUW11
BLORP MCFUNGUS,PORK
Ennellian,EUW
Lancelot,nnt
Yockse,EUW
Fluvoxamin,EUW
Fey,EUW11
Jelena Mozga,EUW
Moag,6660
flemme2joueer,EUW
Is Hard,EUWE
better than dora,sleep
cortez,055
Same Reflect,EUW
Nayo,ARM
5Pigs1Spear,XIN
race realist 21,ol9
QXCEQWEX1A,EUW
Kaka bikse,KAKA
USAGAINSTTHEWRLD,Viego
PraweJądroDemonz,KAC
Kirk,THV0
Damz3r,EUW
tableikea,ZAC
LCK F6theV,Briar
Dont,Yapma
PsyOPSophie,EUW
smurfdehierro14,EUW
Shacobtai Shavit,IDF
Panzer,187
SSGSS Yasuo,EUW
HaedongSeol163,EUW
Flaxveth,CHALL
Locuroco,EUW
OrelJ,EUW
Flitzekacke1,2101
生活是美好的,042
Emilia Clarke,EUWes
Dunja Bozovic,1312
BLW Kaiser,EUW
suavementee,5986
wanc3,EUW
Zileps,EUW
MORDEHAN,EUW
you are,sobad
Pipu,Sharu
Vsanchez1,EUW
Volt Sin,Palm
Yolona Oss,Nuke
Kanmei,CHU
Legoläs,BH6
p gsh,EUW
see me now ,EUW
Friso,Dori
Blank,Tap
Ukiyo,2546
Aτom,CIEL
firofr,ADR
Triton,Teemo
Biosepfyr,EUW
BOUBITO  BKLY,7777
T1 Scythe,EUW
obuolys95,EUW
bàgou du sàl,EUW
KotoLao,EUW
Tucoñitocaliente,ABEEE
Pinolo,pigna
Jusslin ,EUW
Zuspa,MOTI
SchmitteLord,EUW
Ibontxu,EUW
Look inside,9808
RTM Afroclone,1999
Wings at Night,EUW
Vovivo,EUW
Ribbon,RIV
tunnel vision,RKS
Aufbutzer,EUW
Obey Your Master,Umamu
Road 2 G 0 A T,EUW
SkyWilliz,EUW
K I N G 0 7,EUW
SPINDER,EUW
Xereed1,7333
TAZJOA,EUW
bodytea,harr
Mr McNollie,EUW
Unlucky Demit,EUW
winket,vi9
Jalen Hurts,JH1
ThisNightflow,EUW
Yihas,DCC
Nico,TME
Våd stikdåse,137
STΛR PLATINUM,EUW
VapeAsbestos,fresh
SUPPubus,161
cocolinq,EUW
Kylian Mbaρρé,EUW
narutochan2,000
MisPalomius,EUW
Kosix,EUW
BlunnT,7740
HowlJ,yaya
MuhKuh,SAINT
Zeliant,EUW
R0amerSimpson,EUW
Happens jeje,EUW
LEN,Grapp
Nabla,SWIFT
xNacho,EUW
WiLSON LOSIENTO,LOOOO
IKatana,EUW
Lapouet,EUW
Kaïrös,EUW
timetime,EUW
Rio,G1L
Sjeik,EUW
passive violence,x3z
möyrivämörri,EUW
Crines,2666
chicken sехеr,dirty
wasnop,2004
CNCRMUTANT666,LOW9
SOLOQ WARLORD,meow
LargeHatPat427,S427
pakrone,7777
yearner,nnhh
DWG KIA,2000
ZXCVBNMLKJHGFDSA,wwwww
hakuunna,hakun
Rosicrucian,ROSE
Piotruś,UwUś
godynio,VKIE
Anticus,COX
Shun,LRX
9191919191,EUW01
ayxhs,0109
ＨＯＬＹ ＥＧＯ,XDXD
guimarpas,guima
MARTY SUPREME,lllll
scythe user,white
EUNE W4RR10R,FKEUW
L9 CATPAWS,meow
Media molecule,123
Endless Banquet,Euw0
DONDOTHESUPAM,yyy
DMNX Ash,DPOKE
Edy,tttv
i love rysiek,94628
Xila,CANAN
xKAIZEN,god
Love Arrhov,SGE
Pata Chueka,EUW
D1 Mefedroniara,MEF
ＢＬＡＤＥ ＬＯＲＤ,FEET
Relentless,GRE
Dante,TTT24
NIHAOXAOXOXIN,777
FTKB Brayan,next
Akaza,FAX
munamies007,8008
Elgulus,EUW
AKIN,NFS
Adgus,aaa
unprecedented,zwe
despair,충성심
Dazzarrrr,0007
qubu,3691
TheRe4alHolY,EUW
eLS Faucon,LE G
Zyranium,sword
ibbegasolina,EUW
KAREEM T1,EUW
BENnJERRYMIS,EUW
ciplaud,EUW
chill gaymer,wknd
meowwwwwwwwwwwww,kat
TurboPorsche911,EUW
HORRIBLE AD,VIPER
S0UTHSIDEKILLA,333
Glurb,EUW
R1kamekato,2005
Loulou,LEPOU
Acakekss,EUW
ZIP IT,ZIP
maybe next year,UCL
sizaow,100
wei suo fa yu,EUW
Loner McBoner,CN1
Henkien kätkemä,jun
asdwqeqfa,pppp
avrealisering,shark
Kisho Arima,有馬 貴将
Wocky Slush,SQD
need crab assist,EUW
Lofi Akali,YTB
KC Alakazam,Sash
Kacperr,EUW
fading potential,EUW
My Aim is Draven,EUW
I miss Tess,4092
yyy891,1234
GET DEADED,EUW
Scarlett Castiel,Myth
top 1 gnar,22079
døffer,1111
craccola,13587
Boolf,EUW
Tony,zzzz
Laven,2112
Hinoxs,ALL
Peckin Melons,BirdB
PLS BUFF VOLI,EUW
PLS BUFF VOLI,EUW
pz zzang,jsp
Solrosh,EUW
LethalShot,fsl
Cardination,Night
poolchamp lab,404
Ghaazan,EUW
Holy fuk Alania,EUW
DJ poolboi,EELF
Pascu,PANZA
Pokemon Iwachan,EUW
ArMa79,EUW
Diablo,DARK
Stgosaurus,987
Shiver,Freak
Red Bear Claw,CN1
Kimochih,OURS
Falquen,EUW
BayronBlade,Bay
Pink Yeji,황예지
Rito XtlyX,EUW
VarusVictimizer,3333
LordFarquaadx,EUW
JES Krymar,EUW
Kada Xuanwu,Hwei
SKxfoks,EUW
NSG Blade,TOP
베베르,KCWIN
Aurelien,911
Videz moi,fion
Jaworek,EUW
Palrens,EUW
RŮŽOVÁ LAŇKA,MŇAM
parotimo,EUW
NSN ΛΖΛΖΞL,0Soul
Malcolm,NUNU
JungleDifff,JGL
ASENSIO21,FENER
Chenoeh,DUNE
Erhka,1509
TheSwag06,EUW
Piedini di Lulu,7208
Froter,EUW
Sir Taxalot,RSS
GETCGETCGETC,EUW
Scopii Wins,Zenin
Dohiang,NTT
haschpizza,EUW
Accio  LPS,EUW
Cpt Fapal0t,ZXKG
MV Siriux,EUW
Papy Sheogorath,EUW
BaguetteThrow,EUW
angst keeper,EUW
Kb RNAPBP,EUW
Yollostar,EUW
Gamino,EUW
Sperim,EUW
TMN Maestro,EUW
Don Ghikuin,EUW
Zheaver,Main
V1sion,8806
Yunsuu,RDS
Oswald,ENG
RDS Sanrei,EUW
Hi im Blessy,Bibi
BisousPanthère,EUW
raulqlda,ornn
D4ari,EUW
SergiiØ,EUW
Jamais deux 103,EUW
zMortalix,LOL
Scared Of Egirls,elmo
BLS InSomnia,SUPP
Ximera,EUW
skyder7,777
BKS Bagheera,TNK
Casinero,EUW
I Apé I,7777
MonsterHuneter,EUW
Angel,MAYON
Saigo no Asashin,EUW
UP5 Colak28,UP5
atilex,EUW
xantax,toxic
Sevro,2704
Jonek,9399
Feloushn,kief
ThomasloI,EUW
Milaroll,EUW
Guts the BERSERK,EUW
Central Bar,EUW
Sa1na,EUW
Bizzleberry,1337
Slowyng,YRY
Schmebulock,Gnom
Fr3aký,EUW
Bruce Lee Sin G,TR1
Kordas,Geco
186cm 75kg 18cm,4cm
Briari,Rvray
BEAST,FEKAR
EeffreyJpstein,6767
ch4in,ARH
ArtYangAAS,NA1
manzi,lel
Viper White,100
yappa murin,88888
NOFFNOTILTWEWIN,444
SSiless,5344
SEVENYEARSINBLIZ,7yrs
TH4 Jiah,deb
Noctiel,noxi
Buubel,1109
Kita,CPYB
PGS SOWA,SOWA
Ko Pin Tin,1310
Losh,EUW05
Αθανάσιος Διάκος,1788
Gover,ESP
frozone,glory
california world,2137
AKA VUELVE,JAIL
DIE HARDER,4444
나는 이길 것이다,0118
Sveti Ilija,EUW2
sleep at 10,EUW
우렉 마지노,IDGAF
Baddie Ejo,003
FISI,JGL
Ahmed Sambadov,abyss
RyzeAndFall,RUNE
Vaiki,TAH
Maitre Inconnu,EUW2
GEN Chovy,qwer
Paladyn,GAS
Prof Dr Stiffler,twtv
Sloupоp,Jh1n
Outside,9002
bad mindset,pride
easkr,EUW
Frodo,TRI
Charon ll,EUW
7H3art7H6at7Haz9,Leo
Bewitched Lauver,Jazz
GVO Alle Ballan,GVO
Akuma,ثابت
Beelzemon,Glock
Shekar Eldertree,5ONiT
Tony Blundetto,123
Prestigetoplaner,3450
gabex,8616
ferrarius,BAJ
Torstenstock,goyim
BigNoseMike,BGD
MELANCHOLlA,EUW
zaaner,glorp
Ginz,WRLD
Ecranlock1finger,EUWFR
Sigma,BBoop
Tsukï,IIIII
BARBAR YIII,LOL
DenPolskeGed,6228
1st March,EUW
LeBausFFS,6969
niksy,litva
Monarch,102
suffervibes,twtv
Laurents Blade,EUW
der Beinmann,XDDDD
Donald Trump,1900
Ahlbe,EUW
Yaryn,ggwp
chantel,miu
TurntheSlayer,zheka
Snowfall,KDR
MordeKazzoTGV,EUW
R4teme,mid
WandererShadows,EUW
Last Dance,ARC
topanka,svk
Kecsketej07,EUW
SamiraBurnsTaxes,Blade
Poney,gwen
TPInYourBed,GRRR
Kabanos,EUW
harakiri45,31max
tikitaka,EUZ
O8OO,EUW
IkeaShelf98,IKEA
HappyAzirMain,EUW
SHELBY,APO
lxys,6128
JvstMaxi,002
ZNY,EUWW
Hornet,うぃーばー
Daftkong,1412
Aran,zrl
LeLu,92i
Bob plechovka,sfg
Zined,0001
Sam Shamoun,135
凤凰Hiraga,WeiX
Henk,MAST
ReformedFefounet,Supp
Yibiris2019,EUW
Not Ry4n,EUW
Winter溺死,doll
L1L YACHTY BOII,EUW
kevin 187,EUW
Questie,EUW
Sefex,EUW
Mon cœur,EUW4
TwTv Rayzee,ttv
RDC Kodiak,GER
Wilkens,BOT
Burger1,uwu
gyojaldo,EUW
NussaBuff,EUW
TADEØS,EUW
Sitrox764,EUW
ansca,lida
Stars like NASA,ATEEZ
washedup iHook,FF15
94linxin,EUW
DarkSoldier62,EUW
Theodore Bagwell,COYS
Fusse,Neeko
Xenoverse96,EUW
Nogas,428
Toffi28,EUW
CariciasSuaves,Sii
Vuorineuvos,KONGO
Neujahrshörnchen,EUW
lineboft,EUW
patipati activoo,GENG
Broski,jgl
Kaelium,EUW
Neyjund,OPIF
ATTleVTT,EUW
NoLightOnlyPain,ADC
xStrikeAlexx,EUW
Gelsenkirchen,DMC
Koniven,EUW
Aerlaw,EUW
dlwlrma,117
tigas940,EUW
Wassy,TTV
PERMABULK BABER,EUW
The StarNoobie,EUW
zerre,14512
hoihoi18,EUW
Souls,000
Deceitful One,EUW
Razecore,케이L
HappyMarcel,EUW
Svoch,Dota2
Jurno,999
Nator,GOAT
Chrizzzz,331
RyuKen,1633
TheAlgaca12,EUW
Taykoh,88689
Tsumufufu,rock
Sne4K,EUW
gringaler,EUW
Sly Sung,Sly
KC JDeku,8043
Virtuosso,EUW
cochinaespacial,EUW
ñoquita,uwu
EVS Leimbee,0001
ExMiLLo,P5K
Isopnisis,7093
JebronLames,SUP
Broweak,EUW
Frutey,EUW
Liverking,yes
Ηøpe,EUW
GermanLoLFan,MARX
Très Sectaire,EUW
Darien,lol
Bonnetrose,7069
LGL Khaal,EUW
Pixie,Wanda
Doctor Shrimp,Pain
Luzaki,1751
I Am SaQ,EUW
AoQ Koloss,EUW
Bluelinee,EUW
Bluestrat,BLUES
Nougatbollen,EUW
Zhalk,zhalk
Fenren,1111
Iso99,2007
cute silly boi,667
cute girl vomit,ーハー
fenean,9260
Raiden Shuga,LOUP
MRZEX,EUW3
MRZEX,EUW3
The Mechanic,E46M3
pekar,rrrr
Akarax,chonk
love me not,sags
Karnilow,1234
Grey,Euw0
cloyzh,cloyh
OSO ZW ZAZO,1312
Darrichoni,0427
PXL NeeRo,EUWFR
Skinnynoodle,Arg
NowciuCS,BMW
Chuck Berry,Sushi
King Of War,Ollin
IntAcc9999,32618
GORILLA,824
krebya,0000
Forgivε,を許す
just ur doll,snow
Myrjayche,1145
ryo,1909
dhrfake10,8449
Gamblingisfun,12312
ANONYM,div5
Iow elo dweller,EUW
Rogji69,EUW
GheySante,EUW
Freiza,KLD
Spectraph1,God
Hair Maketh Man,EUW
Wettounkt,EUW
Junglertrummaren,8524
Arisë,2208
Seendkel,EUW
Kalinem,hah
Hasan,073
ioq8wh2po4zy7sqq,EUW
Fury Maxing,9cspm
WATCH THE WORLD,FALL
NIENAWIDZECWELI,1122
Moriarttty,EUW
Doctor sama,top
LULU ON FENT,XDDDD
blind lesbian,ina
lIlIlIIllIlIlIIl,lIlII
drezin0,smile
HUGO CHEVALIER,213
ImCarliitos,THWin
cooldog,maxxn
Aríma Kousei,0768
Raelmari,EUW
Leugedira,EUW
Aschenbaby,borok
NeikoTail,EUW
ekoh02,EUW
constant dolorem,EUW
AD Hagra,EUW
OllerDaddySexy,Daddy
winter rain,era
Leafscapeue,EUW
0Dobra es0,EUW
Ligist,EUW
ToeLicker,EUWS
I am Balenciaga,EUW
Ruronips,5703
Théoronavirus,2204
Manua,309
Pandion,IWNL
i run around,run
Die,God
Asphyxia000,EUW
OČI BOJE KESTENA,1352
GeertWilders,Geert
Nimkouskous,NERF
mAsTeRvVT3,EUW
BarneyMoloztaş,DFG
Cherry Popper,BigG
JosephinebR,EUW
NST Soulkeeper,NST
Hisenb9rg,EUW
Legoshi,Rawrr
18cm devi tuka,twink
DepressedPainter,609
qub,gmt
lactose enjoyer,milk
MagicStrix,EUW
šumar,2004
Wolupton,EUW
DED mug,EUW
sexy hmzi,EUW
KaNeKi       0,EUW
Roxie Węgiel,EUW
LIPZO GOT ROBBED,Glink
Kata4l1fe,Kata
MeDro,KSA
isseutsi,RENEN
Yu ling,Sung
OGRE UNCHAINED,EUW
GodThanche,0000
Lyies V2,EUW
teumokis,001
Sonic975,EUW
Niilo,EUW
SilenthFizz,EUW
cookiebutnomilk,15435
Nerf My Slow,213
Kanden58,0058
Anatrapazza,EUW
Hope,KMBH
Miiyue,0707
defonix,EUW
Kingsley Oman,EUW
angelgenius,EUW
DK Goodplayer01,00000
RightClickGoesBr,ADC
lLionl,EUW
WeakSideUnc,Unc
Knight2405,2020
perc30mcflurry,oreo
RRayan,EUW
DoinbFromMax,ben
Ionnt,EUW
BlassZan,00022
Reggin Sorg,EUW
WHO,3399
Båge,EUW
Hi Im Bro,EUW
OmLooP,EUW
FΣANØR,EUW
Willow,Nizz
L352,EUW
HELL SCAPE,정호연
Stormrazor,4444
Grand Garçon,ENNA
Jaxvan IV,EUW
Zylian Mbombbé,EUW
WriteGames,EUW
Knirk,369
Borras,EUW
ZGNF Section748,EUW
rkid,EUW
abc222,EUW
LBDAX elpata,CHG
Larcher,UWU
Juloaz,EUW
NastyShakill,EUW
masyapop,EUW
vegaszbln,EUW
Clébard Ardent,CHIEN
OneWingedAngel,ggizi
Bankai 千本桜景義,mano
Tohuwabohuy,EUW
Frank Sinatra,Giga
Taekwonjoe,EUW
Ben111,8002
Ganglius,EUW
Güle Güle Sama,EUW
CuteBlondeFox,UwU
Polish Wonderb0y,2024
Mistr E,24253
juankkipas,PAS
Toxo99gamer,EUW
Karlito1414,EUW
Tay,Taya
Emma Watson,1504
Gunshin Sama,EUW
FREÉ HK,EUW
Zaqu,Saku
Envy,03966
nesrilaS,EUW
INCONDICIONAL,EUW
omorfo paidi,5555
Zevaan,RCST
Hiyori Shiina,cutie
Hadriel,KING
FRIENDLYPLAYERXD,TWTV
Ngợpchưaconlợn,8431
TwTv Zziton1,inco
limpin pimp,nasty
nonamebuthappy,128
SKite,KING
Shandon,roeu
shushu,zeng
나와 나타샤와 흰 당나귀,EW1
M1lfhvnter,21Y
ChaewonQueen,KOREA
PjatPjatManden,PJAT
BasedGod,6938
Akazan,FOX
PURE HATRED,60BST
케이건 오사스,kgnde
Death,KME
wuewuewuewuewue,gumi
D8Castle,UWU
relapsing,2004
Daredevil,BAS2
AfDAnivia,GME
SCRIPTINGAD18271,2026
BOI,VIII
TOO OLD TO WIN,LOL
Bobigseu,EUW
CrouchiingDragon,EUW
Rui Arneb,16396
Coolawy60,999
Chimanga,Mika
TheAngienator,EUW
Gen Brute,Adc1
Lilou,1455
oblivion,keria
Zeliorem,yone
HOOOOOOOOOOOOOOK,EUW
Kuwaity7,965
Emaronnesc,EUW
TDS Shifu ,EUW
Estonia Pyke Mid,otp
SWEET ADC TEARS,XDD
Jeshan,1881
Garçon stellaire,twknd
Eye,1990
Prosciutto,EUWXD
bless your heart,mpra
oxygen,444
Hanakuu,XDDD
PlsGiveMeNesquik,EUW
let me solo them,1vs9
naafiri adc hehe,heheh
flex,7520
KC Ozanccs,947
 Malcom Sevarg,EUW
Jayson Tatum,CHAMP
pOoPMonroe,EUW
P R I Ð É,EUW
Grogro Bleu,EUW
淦康妹,mei
i Had nothing,1234
TheLogarithm,Log
livingdeadgirl,kosta
OneTrickPuppy,EUW
D Y I N G  TO  R,EUW
Honored One,Yuki
Snøfall,shego
a x,123
Pepega,die
TIKTOK MONTAGE,999
Lobby Woke,JFT97
KWA,FEUR
香港仔,HK88
Agamagøhenmapoke,TTM
TeaTime,5678
Sc0tty,EUW
Cuco,ESPÑA
Strax,pap
kakkelano,kaka
Ruby,mry
CuriousStar,EUW
Barbaric,0000
Yourxner,EUW
la brrouette,EUW
DEATHWlNG,EUW
Based James,EUW
HoboLordGaming,PFR
kaishel桜,ezel
Necro God,EUW
PG Spirak,FNC
Dålfein,Fent
oili1,EUW
whyreugae,EUW
中国鸡蛋卖家,煮雞蛋
X LeBronze,EUW
7brot7,777
Lαzy,Lazy
SKX Budha,JNG
Smurfs ruin game,EUW
长乐常安,所愿皆成真
AkiraMoreno,EUW
Gojo à Shibuya,EUW7
Shi2Yung,EUW
Klets,EUW
Waxon Fenix,EUW
Nice guy dom,EUW
BayreutherHeII,EUW
Plantim,EUW
ÖKB,ORA
TPM Xaver,Xaver
HaFeZ,1998
Mattahias,EUW
Rorox,FNC
Focus Volkan,GXVKN
runescape,leag
S0n1k,EUW
Wittle Baby,EUW
OnlyWhiskers,Purr
UWUGNAGNAFKU,1998
Bret,GKI
Dog whisperer,Dogs
jordan BARDdella,3939
ADMIRAL ADDERALL,EUW
Colommah,EUW
XšinμŹ,EUW
Wylouw,EUW
Darkc0m,EUW
Elmo0o0,2911
Klinge,404
treckun,EUW
RockNRollaa,EUW
GaBaNo,EUW
Fnatic Trust,EUW
dery,king
ROGALLL,ZAC
kaziklar,ero
Velanna,999
GLADIUS FIDEI,RANK1
krug,круг
caveman69,lewo
SenseiGenital,3823
lost cause,JINX
Spidey,1243
Storm,Back
Zucarija,Zibi
elaay,123
Guinra,012
Jachilyneyat,3481
Etukaar,ZED
OCEANE SUPREMACY,BEBZ
greenneedle,2604
Japetin,supp
MasseEnteGer,1234
Youriko Puff,試しても無
Lymyted,sus
9 Θ 9 Θ 9,busy
Rust Cohle,666
Perkbanath,EUW
February 22nd,feb
intacc,2137
Sarevoll,Rat
blade,woe
Ryujin Enjoyer,EUW
popychacz dupek,BOLEC
qsdee,euw9
RR23,EUWe
YamatosDeath2,7 7 7
Robbson,feet
Wallettelave,EUW
invisible,Hii
xiangshen1,KEIYE
Hide On You,crazy
Pekorine,EUW
Woytalasha,Z98
TamerKaanDeligöz,54500
Skilledsortof,1332
need to improve,HAHA
PolymorphEnjoyer,EUW
ye im fkin awful,sorry
Ryleigh,KRS
adiosToreador,RHK
captain voorhuid,hihi
Ponyo,Meep
JennyneoSgY,EUW
Kafka652,2024
Nathryton,EUW
Kashadicienc,EUW
UnRecogniZED,zzz
Cocob800,EUW
BøgjanBot,BØG
1Klorite1,EUW
VictorTheGhost,UwU
VASHTHESTAMPEED,PEACE
ikram dagh,6666
CorkLicker,EUW
Broken But Cute,Bby
Piñas Enjoyer,BOOOB
multimis,EUW
DoctorWueYT,EUW
Better Call Saul,bru
Best videos CaKe,EUW
MollyIsBarking,EUW
FoGdraGG,2772
Hokage Merkel,EUW
JJKingKing,KING
Diamal,4291
ScaleZ,Ruler
Symbi0se,HooK
NajTer,8828
GothMothBoy,EUW
Recompensa 37º,MAHOU
OUNAGI,EUW
VlastaPlamínek,EUW12
BennysCake,EUW
FátĆµńłĆát,EUW
Scogiro,Homel
SĄŤĄN,8847
Serrced,1738
HereComeDatBoiii,EUW
NAGELSMANN,69690
Lotus,252
Smax,ashwa
DazedLow Refugee,EMRLD
DIOS ALE,EUW
AKA Istaroth,ECHO
MyNameIsZorojuro,EUW
Herres,99999
Riin,리인이
Mortero Épico,EUW
NVA BlackRyú,EUW
Yitek,EUW
Serover,EUW
Señor Jason,EUW
Heimddall,9888
La nov,EUW
White Demon,Chain
SebaselMago,Patri
DrDarkTouftouf,EUW
STRAND,1V9
EXG Porofessor,EXG
ZeCroN v2,EUW
Peche,frui
Chicken Crisps,001
Folron,6461
ShyMonkey,EUW
Sharok02,EUW
migiccc,EUW
Jerald,EUW
Soulless,1101
Artiquano24,smor
leeetago,EUW
usmex,77777
Duxxo no Ecchi,EUW
SlimReaper KD,EUW
Λ β,JNGL
Silent,Kaos
DutchIVlan,EUW
Basav,BSV
Jυαηlυ,EUW
Karjoh,EUW
BzhBk29,EUW
DEATH PEACE MIND,LOVE
ItsVissing,EUW
OVGU Oblivion,SUPP
MXYZ,Miano
Smoldeick,66666
Sonaj,EUW
Psyto,GOTY
chicken nuggets,poop
chicoalegre,777
watter,EUW
hydropi fan28,zoo
BroGabs,IMPQ
VOID Pagman,1456
KatzenTheater,MIAU
hate,122
xyahjlspash,907
peekaboo,seki
tofli,odens
DOWN TOWN,666
강 철,8797
Elzioth,Way
IrisVeil,kkss
ing ali fan,EUW2
MU Bruno,Mufc
Josef bicák Král,0404
AG4RTHANS0LDiER8,ICEWL
Camillemid,LOL
totalwar,十十十
ĄRłŞξ Chopps,SIN
古月方源,VIII
Cccyya,LFT
Gapthus96 Twitch,live
Balcony Syndrome,DOGS
菲努姆,59202
나김은종인데갱안갈거니까알아서해,GANKX
IlIIIIllIlIIllII,EUW
21ZollChromfelge,EUW
Vistingsten,EUW
ezίo,EUW
Vasimix2,big
TOP DIFF TNN,EUW
Kupernikus,EUW12
Pickle Juicer,EUW
DemHul,GGEZ
crucifixion,キリスト
eVax,4555
Lunara,Ήλιος
IsolatedSANTE,SQIZO
flying fish,4312
yunjin stan acc,LSF
Average Top Lane,EUW00
Nucavaete,EUW
Kite Machine,ASpd
ADHD Reformed,1209
bigpapa69420,EUW
Raskolnikov,dani
AllergieMan,EUW
Nevada34,N34
Teenoo,EUW11
LoLMossman,TTV
Devil,dom
GUIpro8,EUW
Anthony Flags,045
X1Q,X1C
KingSlayer,Balls
TheRasny,EUW
xdBlanks,EUW
MooreqBr,EUW
Kaptajn,Fred
Madara,kassa
BlackNigelin,West
OekyC,EUW
HR kennen,EUWGR
blissed,333
Eric,0604
Janas Catventure,EUW
Lil Nasus Ex,5939
Aмαyα,BAD
TBS JoJo,4269
HOP IN MY MOUTH,BLOB
Papsenslillegutt,8938
Bittoku,EUW
Snoweh,EUW
Ablos,EUW
hydrogen beast,EUW
SUPERESTRELLA,FAN
4LEE,EUW
Otter,KHA6
Team of Clowns,FID
ATU Usan,EUW
allezFrancisco,allez
WeAreCharlieKirk,1009
Mechanism Male,69420
Bestia z Legnicy,lca
Mespe,EUW
Natsushi,Holo
TwAfl0x,GOJO
Sebastian,LIGMA
EvelynnGPT,EUW
ClankerSlayer,12344
TTozx,7926
Baller 栄陸,999
Wookstaaaa,EUW
SirMona,EUW
thatDRAMAdude,EUW
Nokix61,EUW
KyzoR,EUW
BLG Viper,EUW7
Itachimc,LRAT
Genius Here,EUW
HavreMoppeDeluxe,EUW
whip freak,nilah
Nashii,noreG
Roadhouse,0117
KalmanMonk,2822
BestNaDuEUW,EUW
Temu Tolkin,NNO
Arctariuss,EUW
Dr Gregory House,0407
Neuz1,EUW
Jhin Wick,四 シ
VERTEX,001
Hvc Neo,EUW
1stFawkes,LoL
Floris,EUW
Cytotoxic,Degen
Charesco,EUW
Gnimi,EUW
GGDanny,EUW
Cyanoceros,EUW
Düsenglied,1337
REVZINATOR,000
Visteiz,4934
DonKaaklijn,999
GαnkMεHαяdεя,daddy
Zenet,4447
A G A R T S,333
joz1ma,6295
Pale King,000
madryysia,oo7
Unlucky RNG,Hppns
EAEAEA,zapad
PopJUNGle3,5612
Mikaela,Reid
racea,63911
jestermaxxing,kvs
Fradorienouh,4179
Per Aspera Ad,Astr
cloudy skies,333
cantbereal,dark
DarkPharaoh,TTV
Yuta3,EUW
NunuAnDSpaghYeti,UA1
Abborren,EUW
Skibidi RMB,SIGMA
manelibau,EUW
MadelynCline,DM ME
Feminine Queen,MEOW
SSOBNAC X,XXX
Dziadzior,2137
low cortisol adc,win
Fistera,HLE
Scythe,6528
smallreaper12,EUW
Marshall Mathers,MMLP
PAIN HATE SAD,FIST
PolkKS,EUW
7Whisper,EUW
AliceEmoGirl,QAIDA
Scrat,Gland
transfer Michał,EUW
Dollocide,1235
yaluvi,EUW
unTalonted,SIGMA
Seefriedhero,EUW
INVESTOR TOOMAS,EUW
КуниМонстр2009,SHESH
Myriad Truths,1v9
Healing Process,heal
Alejajandro2,bo3
Sandman,Sound
Meow,Eke
EZHO,MUC
Toothlesfairy,EUW
PDM MixSuke,Fillo
Intoxicated atm,EUW
domoslsl,69420
umri,301
HUMBOLDXXX,EUW
Bruce U ZULUL,EUW
twtv v222lol,TOP
Zeri,Sheo
Immaculate,5219
Seisei Ruten,LoL
С нами Бог,823
König Maggus,CSU
HerbrtStone,EUW
OG Jim ,EUW
Hi Im Nesh,EUW
rickRD,EUW
RACECAR,1337
무 결,김무결
CaptainOverstay,EUW
Oliz,EUW
Harvey Specter,84675
Râphtalia,EUW
Moon Father,000
Retribution,0000
agdead,EUW
Fluffymoo,3448
enter flowstate,DSE
Tharix,EUW
Saloez,65068
Your Princess,Oath
Ellalynn,0000
Levi,18769
DuoQ Xerneas,EUW
Sµper SION GOD,SSION
Gennaro Gattuso,GGHS
Mapogo,EUW
l Parsimony l,EUW
RID SergioRammus,EUW
QuestíonMarksman,EUW
BYGGEMANDSKUNK,EUW
Rizzo,XXX
Pl3sner,EUW
KíéręnzZ,EUW
Elbro,2385
Starcraft Two,EUW
ADCrâZY,EUW
Rongeur discret,oui
Drax,ARS
Kotouha,EUW
Burka is back,EUW
Elyra,Moon
reality check,555
존재하지 않는 꿈,end
notsurewhoIAM,jjjjj
Raiden,Wolf
NEXT SAMD,NAVI
purple elo freak,8911
Don Odaxx,TDO
iWillHaveurNeck,Noxus
Edward Richtofen,3001
joemalas,CBB
Mopery,EGL
Kijimi,2622
허거덩,LGND
StarNova,1337
ZoureQ,FOUNQ
Buhtlica,IIIII
Dante,xp3
CaitUltedDTrump,8869
F0llen,EUWW
IvarTheeBoneless,EUW
Biney Moser,nasus
Warantsono,EUW
WhiteInter,white
Peace,355
TRK Asiak,EUW
Pet Tapeworm,EUW
Viggo,BRO
Darryggilea,EUW
DamsTR25,EUW
Darryggilea,EUW
DamsTR25,EUW
Bullets,BAS
Mit RAT yet,EUW
heiß und fettig,sui
Looney Tunes,LNT
charlie krug,8381
vannilja,AHAHA
Akulla,005
3abr7man,fill
벤치 프레스,4370
ame wo matsu,rain
possu,EUW
i dont mind lp,3418
Bassem7asm50,EUW
Treehuggerﾂ,efee
asitwas,1002
Qasin,ADC
gaylord68,lord
Straania,fly
kakapildur67,armas
KyNaOo,EUW
Snakegoodamber,EUW
KissaKahvila,EUW
KarthusTherapy,PRESR
バタフレックス,AKENO
Camilo,0000
tayo,EU1
Perabyte,EUW
viper7zz,ghost
Ronald Schmidt,RED
BBorz1,9755
canca deluxe,l2p
AresCrono,EUW
Bo Sinn,mumei
Thiccsmo,THC
Shiriko78,EUW
Possesive Mask,035
ZapXVIII,EUW
skill checked,DIG
Chems28,EUW
BrentlyL,CLTCH
CoinflipKing,CANDY
Axtimus14,EUW
guillelsucio94,EUW
Smitix,EUW
Ask,KKKas
Aidamák,EUW
Billy Hargrove,euww
luderdrengen,888
Senutna,EUW
WołfNight,MALAO
Xenonius,EUW
Papua Uwu,EUW
Pasilu,EUW
Raideness,EUW
Guthrie Govan,073
Drakux,1503
Kfrost,LRS
missipissi,doooo
Wiesenwachtel,2004
Mikro Holgeri,OPE
Haver of FUN,lol
Hulait smells,Bad
Cunnimouillé,DEUM
CringePojkeN,EUW
thiblob,EUW
fodoc,EUW
Caty,hehe
Hem Tenna,TVTIM
Petter Lindgren,EUW
kaito kid,EUW3
Polish Scarra,EUW
Harvey Spector,0000
woke genocide,0000
INT Elowatcher,Noc
Swordinou,EUW
Þ Javimark,EUW
YourDepression,REAL
Konnexes,EUW
灰人形,6969
Nymentus,Shuri
innakar,EUW
Rambo AG,EUW
Razermáúz,EUW
zeLLay,ff15
adsasdas,sadfa
Furina C2,UAU
twistedmind,102
triggerseed,daisy
T1 Newt JG,4747
Chris,Edict
XiaoHuaSheng,LPL1
schroeder,2000
Mirac1,1881
HideNameMuteAll,6480
ªndλ v2,SMK
MeastTheToxic,1157
Sloupоp,SKLAD
goddess,babyt
훌륭한,7777
طفره,عمك
Raven GOD,SWAIN
Sierlmiss,2739
Lypdang,EUW
ВитяТурбина,SJT
weltschmerz,bnb
guy from croydon,00000
Can Milk these,EUW
Gabi,EUW7
ve0x,jggap
ordeal,1312
Moldovan Midlane,MDL
Gold,TEAMR
pretty girl,ktyz
死,EUW
Frailty,EUW
dante,9898
Laewdar,EUW
MOLKY,TRUCK
kissekatt mjau,WOW
Prideushair,EUW
twitch shinorii7,0707
milk,evil
хихихи,812
DMpal,EUW
Kha Zix,EUWw
TAVRIX,0000
Yone Acc,8628
NOT WACHEN1V9,EUW
Shacira,EUW
Shanks,CHAMP
egirl hater,777
Tuxedo Mask,HERO
The DuckTape,Sucks
Photic,LPL
Nice server,mena
ZeroSan,Beast
Nuzel,666
Reddington,Crime
Yorushika,333
Sunshine,cute
Ritare,EUW
Lightblue,ayzip
SummonersSpells,UNI
ukr,bomb
Fabaston,EUW
Rimorzell,1st
Ikigai,MIND
머핀 사실,1227
Schrottbro,noob
Psi,3389
SwizzleMcDizzle,EUW
186cm69kg80iq,REAL
AISHA WAS 6 PIG,EWW
Dominus Ferrum,Morde
Ηiκari,WCR
INJURES,1420
Grospecdu86,1631
SorakaIRL,163
Artemis,Fwl
xStrife,EUW
Patate,EUW01
DovaGamer,EUW
ToxicFlame,NOR
Hat5une,Miku
FreddieFan,EUW
peule,frfr
BDR Sukehiro,EUW
Code 002,1023
prower5000,EUW
NITROSHREK,EUW
zBlame,EUW
LeFuribard,4444
Heartless,Jyu
Loser P0V,EUW
LE TRYNDARON,MADBZ
Matthieu,Dofus
Goldow,EUW
Vinland Weaver,THORS
invisible ad,EUW
wienerxd123,LOL
Sharukan,77777
Ruby,5977
Tomski,glhf
Johny,IRL
JoanSayan,EUW
Anduuu,EUW
Hasso Aslan,EUW
JIMBO,JPRN
Zakins,EUW
IngloriousRed,EUW
Wanja,EUW
Antorik,EUW
Debo,4827
ZeuS Koala,EUW
Tottienidas,DGF
Machadux,MIAU
Navi,TyTy
Osteezi,331
lolxot,123
jockiboi,swag
bibou,kat
asdfsas,123
JASP Sbrandella,EUW
HellsSaint,JGL
Sergusiron,EUW
DD DarkBeta3,ARISE
Pix,808
Markonicus,EUW
FruuU,EUW
Marktin,MKT
FSK Pega,SNPAI
kronoJJ,EUW
Sonaltic,EUW
FéeNOAR,3730
Public Execution,333
Gaca,trolG
Tolgold,4031
Perma invis,INVIS
AEGG octobear,heva
break the chain,never
visha,メ メ メ
Bluwirpol,5113
koch,donk
Cutest one UwU,UwU
Keke,dcrs
우치하 오비토,SKTT1
Lυnar,CN1
VOICE,XDG4
ThatsCoolPlaying,9626
Cryzzz,222
Bushido,otis
Deimos,EUW31
Dansgram,STAR
Fernando Alonso,GPTwo
Chunibyoo,EUW
pastrana xD,EUW
Sramchi Dorya,1997
n4lst,1111
AI0,EUW
WINRATE90,2619
Vacinologic,EUW
LECACADEMY2027,Dino
JPEGMAFIAFANBOI,TYLR
Hux,EU1
Maarsel,EUW
sgrsgrsgrsgrsgrs,001
Camille,99999
AHAHHAHAHAHAHAHA,XDXDD
Grzegorz Piechna,CK73
Super Miam Miam,Miam
GEN Ace,D22
FBI OPEN MID XDX,EUW
DankRandomic,EUW
Секретний агент,Game
Kekonine,667
Gladc,Glad
Just 4 RandomGuy,EUW
Pyre,1025
gabjetskiii,EUW
R basam win alam,EUW
Apexkiki,EUW
Slamboyy,EUW
AstroChaEunWooo,EUW
Boni Medewerker,EUW
narcist abuser,12321
NOT OTP,EUW
MDK Supa vegano,MDK
Crizp,EUW
Free Churro,0506
Kirido,EUW
WieGeilistDustin,RNE
NotOtakuu,MEOW
Luax,EUW
KingOfVolei,EUW
banerex,7696
ItsTr0piCs,DADDY
DR Lysoqa,DR1
MasterKiller1509,EUW
Dagitech,EUW
BIG JIM,4444
A Spell Thief,EUW
JesusHadGA,FML
TROW AWAY ACC,EUW
Speiner,KCWIN
CR Yoshi,EUW
Kelii,EUW
jonhijonhi,EUW
CCorazon,EUW
ONI Calantia,Ale
QuotenBirne,EUW
V9 Restart,EUW
Ack3rm4nPT,EUW
PG DashFreeze,IDP5
Cruella,DEVIL
Issc,EUW
Swordii,6900
MAT LINJALEN,MAT
Noobi12,GOAT
Negative Creep,HIGH
Mutant clown,hmm
Jhim,7777
Nils,4869
papieżzbok,2137
Tosma,667
High on Elysium,Merp
Shotcretee,EUW
Amante da Teresa,Vêca
Don Franzenbert,EUW
GIyph,EUW
NuKeeezZ,EUW
inQuer,EUNE
TIMAL SOUS BBL,93270
AQL sQueaks,DOG
Kawaii numse,EUW
Bessie,CHEF
Dofus Des Glaces,Cra
calou junior,EUW
Adc for Dream,2002
kisermoni,161
donsynderal,3000
TroYs,EUW
DeViiNeZz,EUW
D3MoNiiaK,EUW
yellowpete,EUW11
morterd,EUW
NADOCALYPSE,jcll
JoRida,NUTS
Promo,ner
T R A P S O U L,305
Easy Hero,EUW
Aiming,HARAM
Gsoo,EUW
eaterlife,EUW
Mincino,EUNE
FINAL DANCE,BHBH
Dejva,BRNO
Seto Kaiba Corp,CEO
PrzemekTop,2137
Mikiri,prlzd
Qatar Airways,money
purpler,krul
Jann,msa
Chikalora,5933
samyang ramen,1963
Charlie Kirky,TSRrr
TommyShelby,WEST
big chungus yahu,ISL
Kalfestdra,4423
Denamis,ADHD
TT iriveni1,TTt
Ezc,FF15
The Hill,IRH
Balls Inspector,0001
FamousPlayer,XPPXP
Kastori Kaft,bezem
youre collateral,qCiel
BlackBrickRoad,EUW
Let me cook,klime
420politics,EUW
CONQUER,FOOL
Twuann Nice Kid,2107
Mateopatata,5418
zvyzz,EUW
KC KALVIN,EUW
Xel Naga,Aiur
gwerhygehrh,wew
separate ways,23124
Raigent,EXP
OgnistyŁuk67,ESSA
uglyworld,hef
Ruby Hoshino,1792
Cinnamønn,EUW
Max1Verstappen,EUW
cigarette butt,100S
therealmisko1,EUW
ilolskill228,EUW
听乱雨,xyc
Ezio,4505
WP GvNonFire,EUW
piwazzdcs,EUW
MereSovsTak,EUW
Echo,MDDD
Ana Bøhueles,EUW
Carlo Il Tarlo,ortho
Knuckle,ADC
FREEJ0U4DE1N4,tgg
CAT DEMON,Love
Shinjuku,EUWW
xMetroid,EUW
purrs4kill,rawr
Knight Papaya,EUW
Moltag,EUW
inmategotthestif,EUW
yakuzer,ACE
M1ÖZIL,EUW
M4UE,xxx
sola noctue,EUW
Odin Jens Junior,0815
i1SM,0101
UItraInstinctZed,xxx
Risu,melon
Juggling God,EUW
Sciacaa,WHY
Fuseblade,NXC
El Jambo,EUW
Βobby Olsen,EUW
dialesse,EUW
sramm0n,konfi
Spurgot,Clog
Rynn,GOAT
Moyroless ,EUW
Kinderic,EUW
Kaladin,2002
TornadeDeChiasse,EUW
KC Krabbyyyy,EUW
Schwarz,361
KYD Solar,BDE
Supertrick,EUW
gluropydaf,EUW
Rammax,OKEY
Izako,Hmm
SomethingGenuine,WYF
Shiekåh,Azir
Trilox,TLX
dependent thonk,EUW
KiWiGiW,PT99
TurnKurT,Voyou
HelloItsDonut,EUW
Simooon,EUW
JaviGote,GOTY
ˇ    Yserå,EUW
Jaime Lannister,SAMY
Resurrection,EUW
HeresyX,EUW
Sloppesenpaï,1998
UIK LordChris,EUW
Emoktar,EUW
EonLascud,Yuki
jumpscare opgg,hihi
BongBus,EUW
W Δ R D E N,FRATM
FFL Sworddy,EUW
Tingus,goy
Zalivar,EUW
Teï,PVO
2aie,EUW
atak enemyforest,9v1
Myke,Cute
sexy irl,sexy
Bot no prio,lll
Allahrg,3131
CaedrelBodyguad,1337
Stricer,がらん
Plenn,GAAS
HAHAHAHAAHAHAHAH,331
2049,qweqe
Watch,WMT
CARRYING BOATS,LOGS
Genç Yetenek,CLSR
Inner Peace,EUWEZ
Maqu,CPN
EkkoSylas,91852
GeNoMeeee,EUWW
Nanachi,UWU
Barios Nightmare,Zaza
MAKEOUTHILL666,QMARK
1wwwwwwwwwwwwww7,zzzzz
Winters Warmth,EUW
бели кошка,orion
Cloned,X23
UnleqiitKinq,6528
GRASSHOPPER,140
Don Castel,TM2
CR7 JGL ACC,CR7
Naynaa,EUW
Agone Three,EUW
ThorstenmitH,EUW
Grand Grad,4062
Iannyssandh,EUW
么CR7 9mm么,999
Grozni Lik,VBBG
i love Sheevz,Kuw
let me shaco,GeGe
WhereisAbby,TWKG
BackToBlack,JGDIF
Arøs,0754
KaKoun,Sylve
Nirobi,69696
Hakketsu,kcorp
NobodysBzzzzzzxd,123
NaTesciu,EUW
KUK 19,EUW
BrandvarmElkedel,EUW
K A N N l B A L,EUW
HamsterSousCoke,goat
crazyyy1,EUW
RandomPlayer,JIRO
Hateッ,EUWW
3    3,3 3 3
SERT,0505
DaKiiki,EUW
STOMA OLA,OPEN
Cr4zyRabbit,3491
VODAFONE TESTER,TESTR
Songu,Fuksi
Halation,UMI
Dejkage,EUW
frigosouul,kou
Jackichon,EUW
BIackStar,STAR
ronin with nø r,EUW
zminiz4,EUW
BananenEis OTP,EUW
jniquedescarry,EUW
IlllIlllllIlllll,EUW
SomChange,Som
Yuta,0666
nE3ko,EUW
YohanSol,27002
Timmy,18777
prae,limen
Grå velo4,3643
KYR4ZUK4,EUW
Peka,1613
lament of angels,halo
Trakz,EUW14
SeniorCrell,EUW
gos,marba
Wexik,supp
Passa o Bic,EUW
DannXDD,EUW
Spin,idk
Challenjord,EGIRL
Heka499,EUW
BuBBIe Lee,EUW
BIG GRAGAS IRL,EUW
Poopeldoof,EUW
Inflame v2,EUW
Sowhfi,Skiwi
Flare,08223
cboy,EUW
Rollende Opa,EUW
Natsutake,103
pachoca,007
licapu,EUW
bombertom06,EUW
Mirønil,EUW
POBTIS,EUW
Bontold,Zaus
Saw WeaZy,EUW
Henroy,EUW
Miami Beach,EUW
Fallen 1,69YM
G3orgepl1,EUW
HondaAccordK24,3521
ffaelina,miau
El Toro Zhao,1997
OzymandiasShadow,SIMP
VitunÄkänenLehmä,EUW
kijke je wukong,EUW
Booms,6368
Miraclution,EUW
Patinho,EUW
Chenapan10,1010
AffreuxProlapse,EUW
stilling,EUW
Kot,WPGG
Spleach,EUW
wewqeqw,EUWeq
evilak,EUW
Addol,EUW
Enter,ECPU
Burmancılı,CHR
MIDITENYAHU,3092
Jeune Loup,574
dark moon,yami
General Strumpf,EUW88
zhx,00000
Renoir Dessendre,6299
Wniosek o,Rente
park jae hyuk,cn1
Aphrodite,NIKO
Zangetsu,TFT
foutu,4973
Gabe,EUW7
ZYB Toji,SLAY
SofroniVra4anski,1765
RICK GRIMES,TWDWT
college dropout,keta
4123732412asdzyx,659
153cm 98kg 2inch,KEKW
xdd my boat,xdd
lagaccount,lag
Kuro Ningen,west
Its A Triple,EUW
CNCPrincessCNC,cnc
TwTv Yokah,TTV
BackToHéll,EUW
Abriskharun,666
ISIK974,999
you deserve C,GETC2
Crooked madame,EUW
ipak,6969
Χάσμα Δεξιοτήτων,6549
Zz1tai,OO3
Terserati,EUW
2lazy2gank,XDXD
Scripter Potter,EUW
pillines,2345
KiteLikeCarti,RIDZA
Ichimonji,3604
CidonzZ,EUW
WWWWWeReKWWWWW88,EUW
Fauvalinayl,EUW
Enryu,ラカン
psitrance,000
apathy,вяра
Cookie,MÆLK
LCL Sarpind,3057
Makimas Cat,EUW
KingxOsama,KSA
BLACKSUPERCAR999,EUW
nalrdA,EUW
Angmarack,EUW
Duke of Arrakis,DUNES
ChinoisFroussard,EUW
Loki,ELBPH
ELioZZ,EUW
Darrow au Lykos,xnt
alex felina,meow
SARILMADIN888888,MAYIS
Acidic,RAHR
Trtgfg,EUW
timmy2,euw2
Hispano1710,SYLAS
Go Again Boys,EUW
Palled,BRA
avøniV1,5555
Tagrende,EUW
Vascore,EUW
NillerB123,EUW
chibraxonthetmax,EUW
cmxGG,EUW
Direnc,C137
DubiDaba,boom
Cryxen,EUW
Big Splayd,EUW
dildø thief,woo
SkillShotMisser,Cloud
J Λ V I X X ,EUW
PTZK,KCORP
ShikaSuby,EUW
Zeta ITA,EUW
YouGymBro,Shark
FlyFlash,EUW
TKO Tavim,9697
MIDKING,toliz
ÉL QUÂPPÓ,Don
energydrinker34,8523
Darthdy,BAGF
Dafter,punkr
Helloguys,1001
Miles Crucis,TOPG
Ferneum,Crab
SayokoKrysztof,0000
TheDemon,Him
Akiles,3301
JSUIS UN TUEUR,GOAT
the unsharted,EUW
efiGGy,NOOB
PAXELSON,boa
Aquanis39,EUW
Mogoxo,EUW
GLB bobberto99,Edo
Shacopipolimpo,EHEHE
Infix,420
PTIT BRAS DU TOP,EUW
Charles Bukowski,Smoke
Grainex,EUW
RanzHermann,adc
ImLay,EUW
SunVy,0008
Yukiteru,NOR
Targon Leonidas ,EUW
Best Kata FIN,EUW
IHS Grashmorrit,Rank1
kiss fis,420
194cm 85kg 18cm,EUW
Ξ R S 0,2002
Si Aj,TUN
Lemon,Ori
ScaredChicken,EUW
Sabø,EUW
Søma,CRAPS
MuchCo,EUW
IlIlIIIIlIIllIII,XXX
Doumpa,HODL
Dzejki,EUW
master LOL 88,888
Slayxer,69420
KIKO MATAM0ROS,FLNGE
Smette,xDD
FDC Adrisir,0059
Anbμ,EUW
toomanyenemies,EUW
DarkTato,0000
littleeBuddy,EUW
menofded,EUW
PorkJerky,EUW
auto spαcing,EUW
Aris,656
Foxy Yogg,EUW
Ougi Dark,373
FAT PREGNANT PlG,GRUIK
kayzo styleZZ,EUW
Give Lemon,EUW
jackdssss,EUW
Kadraax,EUW
Metre la table,EUW
SpeckJack,EUW
lTidehunteRl,EUW
Valenjin,0001
Trixterz,1414
Ya1ko,EUW
Yumai,EUW
bored,004
Git12321,EUNE
Down In A Hole,5334
zyb,D61
Alex,但救我們免
BONK SPECIALIST,TOP
Viktor69,123
Elle Pleut,IHS
arbuz146,mniam
reaIity,check
Hello China,兄弟dm
Quan,Viet
MordeKing,1v1
Bylarienteva,3614
empty player,agony
Ylno Fi,Will
Elmorodray,1692
ΚΥΠΡΙΑΚηΓΚΟΥΣΤΙΝ,ΚΟΤΑ
Ciemnuch,2115
MorfoseFanBoy,MRFS
Damon Salvatore,Gun
batata,9245
auto attack pro,234
touka only,lol
zzxxzz,HELP9
failure,0920
NAVI,151
BeeRoITI,6166
walk home alone,murk
乂仄兰爻,Euw3
Pimpek,seksi
JABBERNAUT,NPC
ShaiTing2,EUW
J JUAN,dopa
pew,IGN
ADC,D2000
TuNatiNoEsGratis,UWU
Annisokay,8888
Saint Trli,Bee
SheyroxMVP,EUW
LNG 1xn,GOAT
ADC GAP,4640
Arrexite,EUW
Rheyntech,EUW
Stoff,6935
legendoery,maya
Snoog,EUWFR
wigabee,EUW
Lunariα,EUW
Dipsy The Gipsy,5462
H2P Gucio,1234
MIHARA YASUHIRO,DEN
Arfylon,ARF
Kynes Peace,2025
Borrowed Prayers,Fiera
snymo,clr
MOULAKOPSTOXORTO,bits
Sakofako,6969
Swizzik,EUW
KRED31 144A,VALID
RazerIsHere ,EUW
Zeanqo,EUW
STÁR TOP,EUW
tempskbnnjuuntdm,FLAGD
ORZEŁ,AGAIN
CHALLENGER DAMON,555
Rust enjoyer,Raid
AbaSsAsSin11,EUW
smiling,8380
Shen,GER
ChadowaKiełbasa,EUW
MeowKawaii,uwuu
Zarcx960,EUW
K1NG SCAR,EUW11
Warz,arya
Jamal Ballsacc,333
MUTANT MIDLANER,EUWS
Narsan,EUW
Nakkefar,EUW
Pechyy,WEST
Liekkikostaja,RÄYH
Uwe Lesch,Lesch
StanceSpamer v9,RRR
stormtruper2,EUW
Creepy Nuts,042
Incompris,SKT
MimiFangrlFanboy,uwu
Porsche GT3RS,91192
bok408,EUW
Vuffer,EUW
Crysis Prime,EUW
TeaForPoro,TDC
PREDATORY PERRY,EUW
ronniecoleman,088
Akanosan,EUW
Fallen Angel,hrist
xTazah,LULE
Limitedeus,EUW
Carristar,EUW
LordStief,Yeet
Lekker Man,EUW
Δlι,EUW
Jamón Alopécico,jorge
Etinesss,CNY
DeadShadow,EUW2
president obamba,EUW
kiffeur2panard,miam
th3wanna,EUW
Maaccan,EUW
COA Guykiee,CLTCH
Swafnír,EUW
Etherious367,EUW
Adrien Monk,CACA
ONE LAST DANCE,END
TH3 PR0F3ZZ10N3L,EUW
Onahalar,EUW
Aidenors,KCBS
mareN,6056
Inc Eclipse,EUW
Yung Björn,EUW
Mighti1,EUW
Rasawen,EUW
Narar,EUW
TeacakeWithJam,OnGod
IRL Goblin,EUW
delinker,EUW
I GC I Addy,EUW
iCloud,EUW18
gordiki,MOON
Förk,EUW
Kæmpe tissemænd,EUW
Korean Sucker,EUW
Sheriff Joe,4703
SESEBASTIAN,EUW
AanNn,EUW
nysDe,EUW 1
Nekro,155
Veracent,Vera
MAKO,SOL
YipMan,fidle
KaiZeñ,5441
asdkcdfd,000
ShadowClaw,Café
Behind You,euwww
The Emerald Lion,ALB
xyy,7526
ZehnJuwell,2550
Zodiark,EUWff
PARESSE,SANG
lvl1 all in,q q q
lightning strike,blast
MichaelMyers4,EUW
DariKingStudent,EUW
Too Late R,rac
Zaptor,404
Nyuri4,EUW
WhereQSS,224
sky forgot me,H0P3
roa3,EUW
Akkaman,Zagi
Qiyana,104
bilgehann2,EUW
Kralq,GETOM
Bafi,EUW
BonnickDB,EUW
Lejlou,Puss
Bibrulomosea,EUW
PrimRosez,EUW
 stop the rain,EUW
SKY Portaal,GOAT
ITS A WRAP,14821
ISipack,MOON
rbn,mid
Jérény,123
opssaim,SN127
Diamond 4 PORTER,l Br
Leeroy,YRL
罪悪感,515
Ripper Revenge,EUW
Zuguitaxs,EUW
Xyem,3051
skibidi furzloch,furz
Senic,004
Airobloodin,Alex6
Future Hazy,EUW
WELCOME TO SHOW,TIME
Dofri,EUW
ornn kid,grind
Twex,0000
優越性の追求,嫌われる勇
0biwancom3blowme,EUW
DRAKINN,quiet
Bill Russell,EUW
Bestkillermachin,EUWE
Wesk,KILLU
Minion C,000
BlackNunu666,West
HelloDudeBigFan,EUW
WWisMain,EUW
Kira Yoshikage,6093
Aegòn Targaryen,5370
get goon,HASH
Phantom Blood,EUW
zunome,022
Pixie Tears,Cry
Professor Zed,Shadw
asher,eepy
Flon,Nwara
16            29,16 29
None can hide,EUW
Zaytx is bad,1278
Tralalala,EUW
Seany,8810
FID,53747
HazZαrD,EUW
miloxstak,EUW
DasName,11111
RAFFIK LA GRINTA,WISTI
SC S4ntos,EUW
BBB TaIiy,1332
Lumono,Smash
Denzer,SNC
Bellion,SoLvL
i eated cheese,EUW
Ekol,RED
sgrizzisfrizzi,EUW
Liviax,EUW
Parrins,5506
Chris,prCas
Archer GiIgamesh,EUW
Vaporeon,iibui
CorreRojoQTeCojo,EUW
SpiritInTheSky,7738
Peter Bergmann,unkwn
Mweds,1TAP
AlexResed,002
EXG Sync,UwU
GoatedDeku,GNX
lovster,EUW
Ascence,MANA
PINEUR PRO,001
Xpressoo,EUW
SAMHD1,PDJS
FakeaRr,971
Slapi,EUW
CBASS,DAWG
Armin,EU1
Blubbatzz,EUW
Riccarlino,RX78
Lejhined,1505
Kuyra,0000
2KDJ,calle
AP WormMaW Mid,EUW
Mazt15,EUW
Ｅｗｉｇ  Ａｎｄｅｒｓ,west
train,4345
EUPHORIC UPTEMPO,FIST
191535,EUW2
ELDEN MURSU,MURU
sofiyα,ilu
ＡＵＲＡ,ΞΞΞΞ
Cillian Murphy,Tommy
Şam,TR21
riven adc only,smurf
Gabz,EUW26
1548,1717
TheAkini,Jgl
Esme Frost,EU3
Sypwight,3191
innocent,playr
Mycdcha,9104
woo walk,1122
VERMITHOR,100
Vonelizala,2541
Chemhatlor,7412
olas2210,TaN
Lord Vevec,KEKW
Loniss,Lonis
Corkyx,Fresh
TPSake,EUW
tenshi bathwater,jgl
andyzeland,EUW
JUDY HOPKOVÁ,CZLP
gromp,JOI
Chan,54312
미친 광대,hehxd
ZANNIS,EUW
Oldeaf,EUW
645,meep
Olibabretage,EUWza
EchoesOfTheAbyss,LOST
RkenaFun,Rkena
TheKezja,AADCC
COCO,420
meto,077
Karma 업보,WPGG
CanCarry,TOP
Yarne,Kami
Saychesay,EUW
NoLeashNeeded,04100
El Cocodrilo,UAE
Eledars,EUW
Kingadi1,EUW
NotToLateToGoPro,rank1
woof woof,zzz
Χαριλαος,EUW
Sneaky Kitty,rngar
Nicholas Britell,scs
MageKNG,11111
PAYOCALVO,PSOE
koji,jgl
SHY,샤이킹
final blessing ,EUW
Articulite,EUW
Hollow Knight,Nox
DYKILY,PITW
JRS GOD COMPLEX,JRS
APOCALYPSE7,EUW
Submit a Ticket,EUW
John Locke,3603
DonaldfOlC,EUW
Telchü,TELCH
Kraehps,EUW
Antopik TOP,EUW
LostInAsylum,SICK
Couche pleine,00000
She belongs me,EUW
ExploseRabbit,EUW
rObIves,EUW
Faz alt acc,EUW2
一个天一个地,3330
Виталик,B50
Notimurd,GGWP
lybraw,orv
Paradoxical Man,EUW
soft and cute,EUW
JohnsonOnDuty,12244
Douma Senpai,EUW
WAR PE MENTAL,MTN2
Anaklumøs,Hope
Grimmjow Jaeger,6th
LTV meyv,SETT
RS Barbatus,EUW
hype girl,2005
Lyyvac,NTAI
SpeedyElcerdo,EUW
42367,EUW
Shawshank,1947
WYASS,WALL
VVV Popayusi,VVV
MENTALROCK Bykad,EUW
2fast,qiqi
Npunkt,ODE
4 kid 1 jax,RUN
skiBidi dErkseN,Tim67
Croc Solid,Croc
TUEUR,EUW2
Perero,EUW
ExiiL,EIN
NIC0LAS CAGED,EUW
Lilpumpsgran,KEK
Nikrolasch,EUW
Nayeeynoli,EUW
David Moggings,6969
Legend of Rafa,EUW
Heroz,JAX
Hysolar,DUNK
BZW FMG9 Akimbo,sucuk
Artis,1337
EL BASADO,TND
ME Autmn,EUW
Daniel,0604
Myssros,EUW
Rakennusmestari,Raksa
Marcelinho98,EUW
IdidOkUdidBetter,EUW
ABG Baosu,AUR
Kilgon,MMM
FF IlRompicapo,FFE
Xenaïd,069
mortis gladio,EUW
bubs buds,EUW
aldínho,EUW
Mad Mikee,EUW
GOLEM 2 HASHISH,1312
AQL Jiyesoo,JSO
結城 明日奈ツ,Queen
TazL PoroRider,SEJ
Envy,ego1
DarkSasukeee,EUW
Tetrapod,ITSME
OIivia Rodrigo,EUW
Aominee,Chi
Zúh,EUW
The Cosmic Panda,EUW
Kassels newcomer,EUW
SuperSaschkin,1996
Cheetos1125,EUW
Luxerion,Hmm
nah but ff,00001
TeZZilA,EUW
Iclo,TGSTP
Shikibo,EUW
XunCe,EUW
Satellite Man,2904
GENG Segtari,KOR
DLiK,EUW
Fall3nk1d,6969
Dyneauck,1111
Mosyk2,TOP
Mighto Duy,3001
Shura,Soloq
Thebausffs,BTC
Fuksii,Songu
Qyzo,Seran
Roeqllye,1720
LUIS SUAREZ 9,BOLSO
Tyrus,LVLUP
74653251,3541
Raselyan,6666
四十四次日落,5772
Vanitas,Xlll
L9 MIDKING,7577
EU URC,EUW
Wyqamesho,EUW
city lights,minw
GS Wicked Game,EUW
Border CocaColie,EUW
Derte,RING
ＧＡＢＩＭＡＲＵ,rank2
skimaster,069
De Ballenkoning,42069
Complex jngl,EUW
R3jd1,EUW
Ahl al Athar,Salaf
Tai Lung,Break
ARMPeachyk,EUW
Imaydiarlil,EUW
marco,1v9
Entrusty47,EUW
AGROT5,EUWNA
Mind Find,Mid
Rengar Zenin,EU420
wolfein999,GARY
Gambledor,Wiz
iamgoldstuck,EUW
Elishore,EUW
Dzieciuch,EUW
Random,Noone
GritBaow,EUW
Boulanger,BLG
Fallen Down,dod24
PIPOU CARRY,ADC
iknqryn,EUW
Wariors,FF15
zLemonJuice,EUW
Dust Em Pix,Pixie
Homeless,piko
Pikatchoin tebz ,EUW
KrasKras,EUW
SpartanerL,EUW
Himothy,GNAR
OOOOOOOOOOOOOPPI,EUW
Krounch,0833
Ghidi,0000
Grace Ashcroft,DWG
Daagyyy,EUW
KAMUY,GLS
YOOOOOO YOOO,MMMMM
Ethman1,MUN
Ayven,000
Scapio,EUW
Tokentastic,EUW
Adversaire sympa,EUW
Gabihurami,EUW
PaCiFicS0unD3oo3,EUW
Nightcall,777
DommyFadeKitten,meow
A1M,EUW
TaiiKo,Noob
Soloq Imposter,EUW
Fredag efter 17,Helle
ClaudeCode,010
Saddam Susstein,EUW
jeg er pürk,EUW
0DarkRose0,EUW
pepsimax abuser,yummy
jonah,adhd
taylorswift,kor
hi i am midlane,mid
Petipino,EUW
Rakhoon,2026
AdmShadoukita,Kat
LPL AK47,AK47
ihatePinguins,EUW
Crentokane,1809
SaltyBacon,Salt
Os14,KSA
Polissang,EUW
PatisserieDuDim,pka
Rasy,ILYJ
tko survivor,tko
Fareed,EUW
CEO OF MCD,1062
TrulyThomas,Big
Ramamuche,JGAP
Silent,12356
Dmonzémerveils,EUW
Kaine,Azir
HanqlEnjoyer,EUW
Kuvvelty,EUW
Isagi Yoichi,FLEX
Patosin,OPEN
IdiotDoomSpiral,0451
legendsurf2000,EUW
Anders Mol,Beach
xFran,FRAN
PNX Atilamiss,SSJ
Donald Stuck,ZVRA
RiwA,REVY
Kepsuda,EUW
Katsuki Sama,EUW
Glimmer,21120
WW Raw,1304
eliyo88,GGs
Harry,bruv
RJ43,EUW
Gustav Åhr ,EUW
FoR Schawarma,EUW
ihmemies,EUW
Fø0rte,Szd
LonesomeShacoDud,EUW
Blukke,SCHNI
Veigar doom bot,EUW
Eat my Mycose,EUW
Harmonized Self,EUWeu
trauma factory,1604
rekterinomate,EUW
Raïto,2311
Alrisian,EUW
VaultShade,1337
3arbi sous Snus,DZ94
TZG Shanks,3437
Homelander,0880
Red Keycard,RUST
CHERRY GODLIKE,ssj
Michaöl,SUSI
WinterWonderLulu,Lulu
TeuteuCollant,EUW
Frisendahl,Fisen
ElMendou,EUW
lnting DuoQ,EUW
Draften,EUW
pewpawpewpew,EUW
Ardesh,4292
ASLM Rhino,3834
the Geross,EUW
GapMachine,3592
WaitedDiabllo,EUW
Blackpanther,ayri
RememberTorsten,EUW
Schoen Mid,EUW
Ayrowolf,EUW
Shadowsouk,1797
Odi Mat,EUW
Ted Mosbγ,EUW
Soyboy,GLGT
El Demoño,JAMBO
Liffix Master,EUW
Salter Ego,EUW
Singrise,39562
Lennylowkey,litty
Snabipojk,Ändå
SeaBasT,EUW
DetVarEnGank,EUW
STYP,EUW
tokkami,EUW
Appuru,EUW
5N1H Desertoth,EUW
kZz800,EUW
Ainzzz,EUW
XPEHBAM4,EUW
TechnoFacho,DTC
Siggler,EUW
IPauLusI,EUW
DLoyal,EUW
XCVF,4YB
No Info,EST
Ente,QUAK
roroi,EUW
WASHED UP UNC,0001
Wraiith,EUNE1
qxpavko,8108
Mesper de Meeps,Bard
Grow Wings,459
Jäger,1805
Mental Destroyer,BOSS
Shubyy,DOPAA
EvilCristacho,FEO
TheAxis,3234
scalevillain,star
TIONPING,ROMAN
La Pulga,PIRE
Celestus,Sky
kankaa,0131
DoronevdvddyE0W,EUW
Strafle,trust
Focuss Me Pls,FMP
Ztreg,EUW
Mai Sakurajima,EUW12
one single lie,goose
had a few dreams,abt u
Bobby Fischer,kiku
Garibelach,7026
Aday,GOAT
TWITCHS1000RR,RAT
AzirFriedChicken,KFC22
Titocoyo,76145
REVES MAGIQUES,EUW9
LelloDown,12122
Kurayami,ONI
UpsetKeduiiBean,EUW3
Luann,Frost
FORESKlNTHlEF123,ISR
T0xicFlipper,NATO
JCGSS,EUW
Kaiser,JJJ
敵を知り己を知る,Akame
Twitch,Flig
Unleash hell,BBYG
viper,800A
Kancer Kamille,EUW
bvbtassos,1909
Ghaemer,EUW
skiwi05,EUW
Yisar,EUW
KC Warp1g,EUW
angwy janna,EUW
ºmkêμº,EUW
PerfecT,EUWWW
Dratted Stratus,EUW
NBytesss,EUW
REDEEM ARC,RBLS
teary eyes,2812
noti,2006
KC FRAJGEJ,1337
Kamil Rosik,EUww
evrew,EUW
KiLkooo,EUW
Choka,0001
ll Siuu ll,l 7 l
Charl Kirk,Kirk
Mowgli,77777
RAAWwRR,EUW
Potataiyo,WEST
freee,game
childfisters,EUW
IZI Kaiser,KASER
Winarmaraton,EUW
Abouboubou,OVER
Lida Narmi,Dalim
Atheris,0000
Gebinaugh,EUW
AMPA Tetull,esp
chall vix,EUW
Sophia,EUW0
Zacroonreb,EUW
pursuenothing,inno
gomi is back,EUW
Patro,4444
Mirage,M11
JESUSOYUNDA,chrst
TechnoBolt,1234
Prince Miquel,EUW
Icemaker246,EUW
Fais bizouz,5832
FuryPivot,Beer
dethroned,lol
Cyberia,Lvst
Γουπς,EUW
YES KING,RIP1
ADC23291,EUW
jefaisquoiici,EUW
QUENT1,DIOP
Osman Üstüner,EUW
猴Nabs,我從不放棄
Mon,ZGX
Viper trainee,Soloq
Tytek33,TWEL
보이지 않는 악마,666
hooking hoes,niko
I Love Theo,RIKA
BOOXY,EUW
haro,moew
THA SE AFANISW,GAP
TwTv ilyaRAIDEN,ilyas
PAYO VERDUGO ヅ,GITAN
Wilzo,1999
Iceskateur17,EUW
I Love Spaghettı,EUW
Picotito88,luca
lllIlllIl,XXX
708,GOT
desqualificat,ireli
Bag in Kaufland,12345
Griffifth,EUW
Sung Jinwoo,43434
Boing0,EUW
Hïrä,Susie
yeast beast,EUW
以色列是撒旦,Facts
The Sexy Odin,ODIN
stop trying man,EUW
Scripted,move
Sabi2401Cho,EUW
VALID DJ3NSEN,EUW
Zlatèf,ZLA
SHLY Yoxenax,EUW
lllllllIIIIIIIII,lllIl
MKultra Project,888
Salcin2,EUW
Sheïto,1234
NoXsUsBoY,NOX
L30NaI2D0,ITA
Easy Peasy,CsGo
Cunepacin500mg,uwu
Maquk,EUW
God of nix,bums
GinCzan,EUW
NoHookNoLife,449
ClashTimeXD,EUW
OhmlatlQueen,GRE
R1Bang,EUW
No Sad Ψ No Bad,EUW
ogames,1855
HJDFHV135,EUW
SheLuxOnMyBomba,BOMBA
I almost hit Q,Lee
babygronk,white
Bashiasse,CACA
TwTv LadicusVibe,1v9
WHATEVR IT TAKES,EUW
lRabios,EUW
New Empire,EUW
yarrro,EUW
moon,dfy
lukigee,EUW
DerDieDasJagiz,EUW
Narcisse,CDDX
Ace Dèath Mark,EUW
Onthony,EUW
Teck Winchester,EUW
Ehrliche Arbeit,Pat
Yаmi,8196
Fremy,ymerF
KatyPerry,Hoss
Avgrunn,Real
candy giver,blue
Snauge,EUW
Phantom Mona,EUW
Antisemix,1395
JGJ Grimmjow,EUW
SillyKitten,Meeow
BTSjungkook,calbo
Inosthful,2608
Robin Zbob,Hood
Kur0Shiiro,JINX
moppyhund,EUW
Karizma,Chill
KC Shaky,EUW
ChíìLoX,EUW
Cimestro,EUW
sp00n123,EUW
